solid OpenSCAD_Model
  facet normal 0 0.999699 0.0245138
    outer loop
      vertex 8 17.4926 18.3
      vertex 1.5 17.4789 18.8587
      vertex 8 17.4789 18.8587
    endloop
  endfacet
  facet normal 0 0.999699 0.0245138
    outer loop
      vertex 1.5 17.4789 18.8587
      vertex 8 17.4926 18.3
      vertex 1.5 17.4926 18.3
    endloop
  endfacet
  facet normal 0 0.999699 0.0245138
    outer loop
      vertex 22.5 17.4926 18.3
      vertex 16 17.4789 18.8587
      vertex 22.5 17.4789 18.8587
    endloop
  endfacet
  facet normal 0 0.999699 0.0245138
    outer loop
      vertex 16 17.4789 18.8587
      vertex 22.5 17.4926 18.3
      vertex 16 17.4926 18.3
    endloop
  endfacet
  facet normal -0 0.0245651 0.999698
    outer loop
      vertex 1.5 0.858684 35.4789
      vertex 22.5 0 35.5
      vertex 22.5 0.858684 35.4789
    endloop
  endfacet
  facet normal 0 0.0245651 0.999698
    outer loop
      vertex 22.5 0 35.5
      vertex 1.5 0.858684 35.4789
      vertex 1.5 0 35.5
    endloop
  endfacet
  facet normal 0 -0.757174 0.653214
    outer loop
      vertex 1.5 -13.5277 29.1019
      vertex 22.5 -12.9666 29.7523
      vertex 1.5 -12.9666 29.7523
    endloop
  endfacet
  facet normal 0 -0.757174 0.653214
    outer loop
      vertex 22.5 -12.9666 29.7523
      vertex 1.5 -13.5277 29.1019
      vertex 22.5 -13.5277 29.1019
    endloop
  endfacet
  facet normal -0 0.405263 0.9142
    outer loop
      vertex 1.5 7.48221 33.8198
      vertex 22.5 6.69696 34.1679
      vertex 22.5 7.48221 33.8198
    endloop
  endfacet
  facet normal 0 0.405263 0.9142
    outer loop
      vertex 22.5 6.69696 34.1679
      vertex 1.5 7.48221 33.8198
      vertex 1.5 6.69696 34.1679
    endloop
  endfacet
  facet normal 0 -0.992486 0.122358
    outer loop
      vertex 1.5 -17.4157 19.7153
      vertex 8 -17.3106 20.5678
      vertex 1.5 -17.3106 20.5678
    endloop
  endfacet
  facet normal 0 -0.992486 0.122358
    outer loop
      vertex 8 -17.3106 20.5678
      vertex 1.5 -17.4157 19.7153
      vertex 8 -17.4157 19.7153
    endloop
  endfacet
  facet normal 0 -0.992486 0.122358
    outer loop
      vertex 16 -17.4157 19.7153
      vertex 22.5 -17.3106 20.5678
      vertex 16 -17.3106 20.5678
    endloop
  endfacet
  facet normal 0 -0.992486 0.122358
    outer loop
      vertex 22.5 -17.3106 20.5678
      vertex 16 -17.4157 19.7153
      vertex 22.5 -17.4157 19.7153
    endloop
  endfacet
  facet normal 0 0.817555 0.575851
    outer loop
      vertex 22.5 14.5507 27.7225
      vertex 1.5 14.0561 28.4247
      vertex 22.5 14.0561 28.4247
    endloop
  endfacet
  facet normal 0 0.817555 0.575851
    outer loop
      vertex 1.5 14.0561 28.4247
      vertex 22.5 14.5507 27.7225
      vertex 1.5 14.5507 27.7225
    endloop
  endfacet
  facet normal 0 -0.219107 0.975701
    outer loop
      vertex 1.5 -3.41408 35.1637
      vertex 22.5 -4.25215 34.9755
      vertex 22.5 -3.41408 35.1637
    endloop
  endfacet
  facet normal 0 -0.219107 0.975701
    outer loop
      vertex 22.5 -4.25215 34.9755
      vertex 1.5 -3.41408 35.1637
      vertex 1.5 -4.25215 34.9755
    endloop
  endfacet
  facet normal 0 -0.689487 0.724299
    outer loop
      vertex 1.5 -11.7523 30.9666
      vertex 22.5 -12.3744 30.3744
      vertex 22.5 -11.7523 30.9666
    endloop
  endfacet
  facet normal 0 -0.689487 0.724299
    outer loop
      vertex 22.5 -12.3744 30.3744
      vertex 1.5 -11.7523 30.9666
      vertex 1.5 -12.3744 30.3744
    endloop
  endfacet
  facet normal -0 0.535054 0.844818
    outer loop
      vertex 1.5 9.72248 32.5507
      vertex 22.5 8.9968 33.0103
      vertex 22.5 9.72248 32.5507
    endloop
  endfacet
  facet normal 0 0.535054 0.844818
    outer loop
      vertex 22.5 8.9968 33.0103
      vertex 1.5 9.72248 32.5507
      vertex 1.5 8.9968 33.0103
    endloop
  endfacet
  facet normal 0 -0.122361 0.992486
    outer loop
      vertex 1.5 -1.7153 35.4157
      vertex 22.5 -2.56778 35.3106
      vertex 22.5 -1.7153 35.4157
    endloop
  endfacet
  facet normal 0 -0.122361 0.992486
    outer loop
      vertex 22.5 -2.56778 35.3106
      vertex 1.5 -1.7153 35.4157
      vertex 1.5 -2.56778 35.3106
    endloop
  endfacet
  facet normal 0 0.91419 0.405285
    outer loop
      vertex 22.5 16.1679 24.697
      vertex 1.5 15.8198 25.4822
      vertex 22.5 15.8198 25.4822
    endloop
  endfacet
  facet normal 0 0.91419 0.405285
    outer loop
      vertex 1.5 15.8198 25.4822
      vertex 22.5 16.1679 24.697
      vertex 1.5 16.1679 24.697
    endloop
  endfacet
  facet normal -0 0.0735787 0.997289
    outer loop
      vertex 1.5 1.7153 35.4157
      vertex 22.5 0.858684 35.4789
      vertex 22.5 1.7153 35.4157
    endloop
  endfacet
  facet normal 0 0.0735787 0.997289
    outer loop
      vertex 22.5 0.858684 35.4789
      vertex 1.5 1.7153 35.4157
      vertex 1.5 0.858684 35.4789
    endloop
  endfacet
  facet normal 0 0.870135 0.492813
    outer loop
      vertex 22.5 15.4336 26.2494
      vertex 1.5 15.0103 26.9968
      vertex 22.5 15.0103 26.9968
    endloop
  endfacet
  facet normal 0 0.870135 0.492813
    outer loop
      vertex 1.5 15.0103 26.9968
      vertex 22.5 15.4336 26.2494
      vertex 1.5 15.4336 26.2494
    endloop
  endfacet
  facet normal -0 0.653214 0.757174
    outer loop
      vertex 1.5 11.7523 30.9666
      vertex 22.5 11.1019 31.5277
      vertex 22.5 11.7523 30.9666
    endloop
  endfacet
  facet normal 0 0.653214 0.757174
    outer loop
      vertex 22.5 11.1019 31.5277
      vertex 1.5 11.7523 30.9666
      vertex 1.5 11.1019 31.5277
    endloop
  endfacet
  facet normal 0 0.98525 0.171122
    outer loop
      vertex 22.5 17.1637 21.4141
      vertex 12 17.2 21.2051
      vertex 1.5 17.1637 21.4141
    endloop
  endfacet
  facet normal 1.55886e-06 0.985263 0.171046
    outer loop
      vertex 16 17.2356 21
      vertex 12 17.2 21.2051
      vertex 22.5 17.1637 21.4141
    endloop
  endfacet
  facet normal -2.29088e-05 0.985343 0.170583
    outer loop
      vertex 12 17.2 21.2051
      vertex 16 17.2356 21
      vertex 12.1963 17.2048 21.1774
    endloop
  endfacet
  facet normal 2.32576e-05 0.985176 0.171544
    outer loop
      vertex 12.1963 17.2048 21.1774
      vertex 16 17.2356 21
      vertex 12.3921 17.2193 21.0941
    endloop
  endfacet
  facet normal 3.16664e-06 0.985267 0.171022
    outer loop
      vertex 22.5 17.3106 20.5678
      vertex 16 17.2356 21
      vertex 22.5 17.1637 21.4141
    endloop
  endfacet
  facet normal 0 0.985275 0.170976
    outer loop
      vertex 16 17.2356 21
      vertex 22.5 17.3106 20.5678
      vertex 16 17.3106 20.5678
    endloop
  endfacet
  facet normal 2.29088e-05 0.985343 0.170583
    outer loop
      vertex 8 17.2356 21
      vertex 12 17.2 21.2051
      vertex 11.8037 17.2048 21.1774
    endloop
  endfacet
  facet normal -2.32576e-05 0.985176 0.171544
    outer loop
      vertex 8 17.2356 21
      vertex 11.8037 17.2048 21.1774
      vertex 11.6079 17.2193 21.0941
    endloop
  endfacet
  facet normal -0 0.985327 0.170678
    outer loop
      vertex 8 17.2356 21
      vertex 11.6079 17.2193 21.0941
      vertex 11.4755 17.2356 21
    endloop
  endfacet
  facet normal -1.55886e-06 0.985263 0.171046
    outer loop
      vertex 12 17.2 21.2051
      vertex 8 17.2356 21
      vertex 1.5 17.1637 21.4141
    endloop
  endfacet
  facet normal -0 0.985275 0.170976
    outer loop
      vertex 1.5 17.3106 20.5678
      vertex 8 17.2356 21
      vertex 8 17.3106 20.5678
    endloop
  endfacet
  facet normal -3.16664e-06 0.985267 0.171022
    outer loop
      vertex 8 17.2356 21
      vertex 1.5 17.3106 20.5678
      vertex 1.5 17.1637 21.4141
    endloop
  endfacet
  facet normal 0 0.985327 0.170678
    outer loop
      vertex 12.3921 17.2193 21.0941
      vertex 16 17.2356 21
      vertex 12.5245 17.2356 21
    endloop
  endfacet
  facet normal 0 -0.975703 0.219099
    outer loop
      vertex 1.5 -17.1637 21.4141
      vertex 22.5 -16.9755 22.2522
      vertex 1.5 -16.9755 22.2522
    endloop
  endfacet
  facet normal 0 -0.975703 0.219099
    outer loop
      vertex 22.5 -16.9755 22.2522
      vertex 1.5 -17.1637 21.4141
      vertex 22.5 -17.1637 21.4141
    endloop
  endfacet
  facet normal -0 0.359864 0.933005
    outer loop
      vertex 1.5 6.69696 34.1679
      vertex 22.5 5.89557 34.477
      vertex 22.5 6.69696 34.1679
    endloop
  endfacet
  facet normal 0 0.359864 0.933005
    outer loop
      vertex 22.5 5.89557 34.477
      vertex 1.5 6.69696 34.1679
      vertex 1.5 5.89557 34.477
    endloop
  endfacet
  facet normal -0 0.31375 0.949505
    outer loop
      vertex 1.5 5.89557 34.477
      vertex 22.5 5.07998 34.7465
      vertex 22.5 5.89557 34.477
    endloop
  endfacet
  facet normal 0 0.31375 0.949505
    outer loop
      vertex 22.5 5.07998 34.7465
      vertex 1.5 5.89557 34.477
      vertex 1.5 5.07998 34.7465
    endloop
  endfacet
  facet normal 0 0.757174 0.653214
    outer loop
      vertex 22.5 13.5277 29.1019
      vertex 1.5 12.9666 29.7523
      vertex 22.5 12.9666 29.7523
    endloop
  endfacet
  facet normal 0 0.757174 0.653214
    outer loop
      vertex 1.5 12.9666 29.7523
      vertex 22.5 13.5277 29.1019
      vertex 1.5 13.5277 29.1019
    endloop
  endfacet
  facet normal 0 0.992486 0.122358
    outer loop
      vertex 22.5 17.4157 19.7153
      vertex 16 17.3106 20.5678
      vertex 22.5 17.3106 20.5678
    endloop
  endfacet
  facet normal 0 0.992486 0.122358
    outer loop
      vertex 16 17.3106 20.5678
      vertex 22.5 17.4157 19.7153
      vertex 16 17.4157 19.7153
    endloop
  endfacet
  facet normal 0 0.992486 0.122358
    outer loop
      vertex 8 17.4157 19.7153
      vertex 1.5 17.3106 20.5678
      vertex 8 17.3106 20.5678
    endloop
  endfacet
  facet normal 0 0.992486 0.122358
    outer loop
      vertex 1.5 17.3106 20.5678
      vertex 8 17.4157 19.7153
      vertex 1.5 17.4157 19.7153
    endloop
  endfacet
  facet normal 0 -0.724299 0.689487
    outer loop
      vertex 1.5 -12.9666 29.7523
      vertex 22.5 -12.3744 30.3744
      vertex 1.5 -12.3744 30.3744
    endloop
  endfacet
  facet normal 0 -0.724299 0.689487
    outer loop
      vertex 22.5 -12.3744 30.3744
      vertex 1.5 -12.9666 29.7523
      vertex 22.5 -12.9666 29.7523
    endloop
  endfacet
  facet normal -0 0.689487 0.724299
    outer loop
      vertex 1.5 12.3744 30.3744
      vertex 22.5 11.7523 30.9666
      vertex 22.5 12.3744 30.3744
    endloop
  endfacet
  facet normal 0 0.689487 0.724299
    outer loop
      vertex 22.5 11.7523 30.9666
      vertex 1.5 12.3744 30.3744
      vertex 1.5 11.7523 30.9666
    endloop
  endfacet
  facet normal 0 -0.653214 0.757174
    outer loop
      vertex 1.5 -11.1019 31.5277
      vertex 22.5 -11.7523 30.9666
      vertex 22.5 -11.1019 31.5277
    endloop
  endfacet
  facet normal 0 -0.653214 0.757174
    outer loop
      vertex 22.5 -11.7523 30.9666
      vertex 1.5 -11.1019 31.5277
      vertex 1.5 -11.7523 30.9666
    endloop
  endfacet
  facet normal 0 -0.359864 0.933005
    outer loop
      vertex 1.5 -5.89557 34.477
      vertex 22.5 -6.69696 34.1679
      vertex 22.5 -5.89557 34.477
    endloop
  endfacet
  facet normal 0 -0.359864 0.933005
    outer loop
      vertex 22.5 -6.69696 34.1679
      vertex 1.5 -5.89557 34.477
      vertex 1.5 -6.69696 34.1679
    endloop
  endfacet
  facet normal 0 -0.788398 0.615165
    outer loop
      vertex 1.5 -14.0561 28.4247
      vertex 22.5 -13.5277 29.1019
      vertex 1.5 -13.5277 29.1019
    endloop
  endfacet
  facet normal 0 -0.788398 0.615165
    outer loop
      vertex 22.5 -13.5277 29.1019
      vertex 1.5 -14.0561 28.4247
      vertex 22.5 -14.0561 28.4247
    endloop
  endfacet
  facet normal -1 0 0
    outer loop
      vertex 1.5 14.4825 18.7115
      vertex 1.5 17.4789 18.8587
      vertex 1.5 17.4926 18.3
    endloop
  endfacet
  facet normal -1 -0 0
    outer loop
      vertex 1.5 17.4789 18.8587
      vertex 1.5 14.4825 18.7115
      vertex 1.5 17.4157 19.7153
    endloop
  endfacet
  facet normal -1 -0 0
    outer loop
      vertex 1.5 17.4157 19.7153
      vertex 1.5 14.4302 19.4212
      vertex 1.5 17.3106 20.5678
    endloop
  endfacet
  facet normal -1 0 0
    outer loop
      vertex 1.5 14.3431 20.1276
      vertex 1.5 17.3106 20.5678
      vertex 1.5 14.4302 19.4212
    endloop
  endfacet
  facet normal -1 0 0
    outer loop
      vertex 1.5 14.2214 20.8288
      vertex 1.5 17.1637 21.4141
      vertex 1.5 14.3431 20.1276
    endloop
  endfacet
  facet normal -1 -0 0
    outer loop
      vertex 1.5 17.1637 21.4141
      vertex 1.5 14.2214 20.8288
      vertex 1.5 16.9755 22.2522
    endloop
  endfacet
  facet normal -1 -0 0
    outer loop
      vertex 1.5 16.9755 22.2522
      vertex 1.5 14.0655 21.5232
      vertex 1.5 16.7465 23.08
    endloop
  endfacet
  facet normal -1 0 0
    outer loop
      vertex 1.5 13.8756 22.2091
      vertex 1.5 16.7465 23.08
      vertex 1.5 14.0655 21.5232
    endloop
  endfacet
  facet normal -1 0 0
    outer loop
      vertex 1.5 13.6524 22.8849
      vertex 1.5 16.477 23.8956
      vertex 1.5 13.8756 22.2091
    endloop
  endfacet
  facet normal -1 -0 0
    outer loop
      vertex 1.5 16.477 23.8956
      vertex 1.5 13.6524 22.8849
      vertex 1.5 16.1679 24.697
    endloop
  endfacet
  facet normal -1 -0 0
    outer loop
      vertex 1.5 16.1679 24.697
      vertex 1.5 13.3963 23.5489
      vertex 1.5 15.8198 25.4822
    endloop
  endfacet
  facet normal -1 0 0
    outer loop
      vertex 1.5 14.4825 18.7115
      vertex 1.5 17.4926 18.3
      vertex 1.5 14.4926 18.3
    endloop
  endfacet
  facet normal -1 0 0
    outer loop
      vertex 1.5 17.4157 19.7153
      vertex 1.5 14.4825 18.7115
      vertex 1.5 14.4302 19.4212
    endloop
  endfacet
  facet normal -1 -0 0
    outer loop
      vertex 1.5 17.3106 20.5678
      vertex 1.5 14.3431 20.1276
      vertex 1.5 17.1637 21.4141
    endloop
  endfacet
  facet normal -1 0 0
    outer loop
      vertex 1.5 14.0655 21.5232
      vertex 1.5 16.9755 22.2522
      vertex 1.5 14.2214 20.8288
    endloop
  endfacet
  facet normal -1 -0 0
    outer loop
      vertex 1.5 16.7465 23.08
      vertex 1.5 13.8756 22.2091
      vertex 1.5 16.477 23.8956
    endloop
  endfacet
  facet normal -1 0 0
    outer loop
      vertex 1.5 13.3963 23.5489
      vertex 1.5 16.1679 24.697
      vertex 1.5 13.6524 22.8849
    endloop
  endfacet
  facet normal -1 0 0
    outer loop
      vertex 1.5 13.1078 24.1995
      vertex 1.5 15.8198 25.4822
      vertex 1.5 13.3963 23.5489
    endloop
  endfacet
  facet normal -1 -0 0
    outer loop
      vertex 1.5 15.8198 25.4822
      vertex 1.5 13.1078 24.1995
      vertex 1.5 15.4336 26.2494
    endloop
  endfacet
  facet normal -1 0 0
    outer loop
      vertex 1.5 12.7879 24.8353
      vertex 1.5 15.4336 26.2494
      vertex 1.5 13.1078 24.1995
    endloop
  endfacet
  facet normal -1 -0 0
    outer loop
      vertex 1.5 15.4336 26.2494
      vertex 1.5 12.7879 24.8353
      vertex 1.5 15.0103 26.9968
    endloop
  endfacet
  facet normal -1 0 0
    outer loop
      vertex 1.5 12.4371 25.4545
      vertex 1.5 15.0103 26.9968
      vertex 1.5 12.7879 24.8353
    endloop
  endfacet
  facet normal -1 -0 0
    outer loop
      vertex 1.5 15.0103 26.9968
      vertex 1.5 12.4371 25.4545
      vertex 1.5 14.5507 27.7225
    endloop
  endfacet
  facet normal -1 0 0
    outer loop
      vertex 1.5 12.0563 26.0558
      vertex 1.5 14.5507 27.7225
      vertex 1.5 12.4371 25.4545
    endloop
  endfacet
  facet normal -1 -0 0
    outer loop
      vertex 1.5 14.5507 27.7225
      vertex 1.5 12.0563 26.0558
      vertex 1.5 14.0561 28.4247
    endloop
  endfacet
  facet normal -1 0 0
    outer loop
      vertex 1.5 11.6465 26.6376
      vertex 1.5 14.0561 28.4247
      vertex 1.5 12.0563 26.0558
    endloop
  endfacet
  facet normal -1 -0 0
    outer loop
      vertex 1.5 14.0561 28.4247
      vertex 1.5 11.6465 26.6376
      vertex 1.5 13.5277 29.1019
    endloop
  endfacet
  facet normal -1 0 0
    outer loop
      vertex 1.5 11.2087 27.1987
      vertex 1.5 13.5277 29.1019
      vertex 1.5 11.6465 26.6376
    endloop
  endfacet
  facet normal -1 -0 0
    outer loop
      vertex 1.5 13.5277 29.1019
      vertex 1.5 11.2087 27.1987
      vertex 1.5 12.9666 29.7523
    endloop
  endfacet
  facet normal -1 0 0
    outer loop
      vertex 1.5 10.7438 27.7376
      vertex 1.5 12.9666 29.7523
      vertex 1.5 11.2087 27.1987
    endloop
  endfacet
  facet normal -1 -0 0
    outer loop
      vertex 1.5 12.9666 29.7523
      vertex 1.5 10.7438 27.7376
      vertex 1.5 12.3744 30.3744
    endloop
  endfacet
  facet normal -1 0 0
    outer loop
      vertex 1.5 10.253 28.253
      vertex 1.5 12.3744 30.3744
      vertex 1.5 10.7438 27.7376
    endloop
  endfacet
  facet normal -1 -0 0
    outer loop
      vertex 1.5 12.3744 30.3744
      vertex 1.5 10.253 28.253
      vertex 1.5 11.7523 30.9666
    endloop
  endfacet
  facet normal -1 0 0
    outer loop
      vertex 1.5 9.7376 28.7438
      vertex 1.5 11.7523 30.9666
      vertex 1.5 10.253 28.253
    endloop
  endfacet
  facet normal -1 -0 0
    outer loop
      vertex 1.5 11.7523 30.9666
      vertex 1.5 9.7376 28.7438
      vertex 1.5 11.1019 31.5277
    endloop
  endfacet
  facet normal -1 0 0
    outer loop
      vertex 1.5 9.1987 29.2087
      vertex 1.5 11.1019 31.5277
      vertex 1.5 9.7376 28.7438
    endloop
  endfacet
  facet normal -1 -0 0
    outer loop
      vertex 1.5 11.1019 31.5277
      vertex 1.5 9.1987 29.2087
      vertex 1.5 10.4247 32.0561
    endloop
  endfacet
  facet normal -1 0 0
    outer loop
      vertex 1.5 8.63764 29.6465
      vertex 1.5 10.4247 32.0561
      vertex 1.5 9.1987 29.2087
    endloop
  endfacet
  facet normal -1 -0 0
    outer loop
      vertex 1.5 10.4247 32.0561
      vertex 1.5 8.63764 29.6465
      vertex 1.5 9.72248 32.5507
    endloop
  endfacet
  facet normal -1 0 0
    outer loop
      vertex 1.5 8.05577 30.0563
      vertex 1.5 9.72248 32.5507
      vertex 1.5 8.63764 29.6465
    endloop
  endfacet
  facet normal -1 -0 0
    outer loop
      vertex 1.5 9.72248 32.5507
      vertex 1.5 8.05577 30.0563
      vertex 1.5 8.9968 33.0103
    endloop
  endfacet
  facet normal -1 0 0
    outer loop
      vertex 1.5 7.45449 30.4371
      vertex 1.5 8.9968 33.0103
      vertex 1.5 8.05577 30.0563
    endloop
  endfacet
  facet normal -1 -0 0
    outer loop
      vertex 1.5 8.9968 33.0103
      vertex 1.5 7.45449 30.4371
      vertex 1.5 8.24944 33.4336
    endloop
  endfacet
  facet normal -1 0 0
    outer loop
      vertex 1.5 6.83525 30.7879
      vertex 1.5 8.24944 33.4336
      vertex 1.5 7.45449 30.4371
    endloop
  endfacet
  facet normal -1 -0 0
    outer loop
      vertex 1.5 8.24944 33.4336
      vertex 1.5 6.83525 30.7879
      vertex 1.5 7.48221 33.8198
    endloop
  endfacet
  facet normal -1 0 0
    outer loop
      vertex 1.5 6.19955 31.1078
      vertex 1.5 7.48221 33.8198
      vertex 1.5 6.83525 30.7879
    endloop
  endfacet
  facet normal -1 -0 0
    outer loop
      vertex 1.5 7.48221 33.8198
      vertex 1.5 6.19955 31.1078
      vertex 1.5 6.69696 34.1679
    endloop
  endfacet
  facet normal -1 0 0
    outer loop
      vertex 1.5 5.54891 31.3963
      vertex 1.5 6.69696 34.1679
      vertex 1.5 6.19955 31.1078
    endloop
  endfacet
  facet normal -1 -0 0
    outer loop
      vertex 1.5 6.69696 34.1679
      vertex 1.5 5.54891 31.3963
      vertex 1.5 5.89557 34.477
    endloop
  endfacet
  facet normal -1 0 0
    outer loop
      vertex 1.5 4.8849 31.6524
      vertex 1.5 5.89557 34.477
      vertex 1.5 5.54891 31.3963
    endloop
  endfacet
  facet normal -1 -0 0
    outer loop
      vertex 1.5 5.89557 34.477
      vertex 1.5 4.8849 31.6524
      vertex 1.5 5.07998 34.7465
    endloop
  endfacet
  facet normal -1 0 0
    outer loop
      vertex 1.5 4.20913 31.8756
      vertex 1.5 5.07998 34.7465
      vertex 1.5 4.8849 31.6524
    endloop
  endfacet
  facet normal -1 -0 0
    outer loop
      vertex 1.5 5.07998 34.7465
      vertex 1.5 4.20913 31.8756
      vertex 1.5 4.25215 34.9755
    endloop
  endfacet
  facet normal -1 0 0
    outer loop
      vertex 1.5 3.52321 32.0655
      vertex 1.5 4.25215 34.9755
      vertex 1.5 4.20913 31.8756
    endloop
  endfacet
  facet normal -1 0 0
    outer loop
      vertex 1.5 3.52321 32.0655
      vertex 1.5 3.41408 35.1637
      vertex 1.5 4.25215 34.9755
    endloop
  endfacet
  facet normal -1 0 0
    outer loop
      vertex 1.5 2.82881 32.2214
      vertex 1.5 3.41408 35.1637
      vertex 1.5 3.52321 32.0655
    endloop
  endfacet
  facet normal -1 0 0
    outer loop
      vertex 1.5 2.82881 32.2214
      vertex 1.5 2.56778 35.3106
      vertex 1.5 3.41408 35.1637
    endloop
  endfacet
  facet normal -1 0 0
    outer loop
      vertex 1.5 2.12759 32.3431
      vertex 1.5 2.56778 35.3106
      vertex 1.5 2.82881 32.2214
    endloop
  endfacet
  facet normal -1 0 0
    outer loop
      vertex 1.5 2.12759 32.3431
      vertex 1.5 1.7153 35.4157
      vertex 1.5 2.56778 35.3106
    endloop
  endfacet
  facet normal -1 0 0
    outer loop
      vertex 1.5 1.42125 32.4302
      vertex 1.5 1.7153 35.4157
      vertex 1.5 2.12759 32.3431
    endloop
  endfacet
  facet normal -1 0 0
    outer loop
      vertex 1.5 1.42125 32.4302
      vertex 1.5 0.858684 35.4789
      vertex 1.5 1.7153 35.4157
    endloop
  endfacet
  facet normal -1 0 0
    outer loop
      vertex 1.5 0.711481 32.4825
      vertex 1.5 0.858684 35.4789
      vertex 1.5 1.42125 32.4302
    endloop
  endfacet
  facet normal -1 0 0
    outer loop
      vertex 1.5 0 32.5
      vertex 1.5 0.858684 35.4789
      vertex 1.5 0.711481 32.4825
    endloop
  endfacet
  facet normal -1 0 0
    outer loop
      vertex 1.5 0 32.5
      vertex 1.5 0 35.5
      vertex 1.5 0.858684 35.4789
    endloop
  endfacet
  facet normal -1 0 0
    outer loop
      vertex 1.5 -0.711481 32.4825
      vertex 1.5 0 35.5
      vertex 1.5 0 32.5
    endloop
  endfacet
  facet normal -1 0 0
    outer loop
      vertex 1.5 -0.711481 32.4825
      vertex 1.5 -0.858684 35.4789
      vertex 1.5 0 35.5
    endloop
  endfacet
  facet normal -1 0 0
    outer loop
      vertex 1.5 -1.42125 32.4302
      vertex 1.5 -0.858684 35.4789
      vertex 1.5 -0.711481 32.4825
    endloop
  endfacet
  facet normal -1 0 0
    outer loop
      vertex 1.5 -1.42125 32.4302
      vertex 1.5 -1.7153 35.4157
      vertex 1.5 -0.858684 35.4789
    endloop
  endfacet
  facet normal -1 0 0
    outer loop
      vertex 1.5 -2.12759 32.3431
      vertex 1.5 -1.7153 35.4157
      vertex 1.5 -1.42125 32.4302
    endloop
  endfacet
  facet normal -1 0 0
    outer loop
      vertex 1.5 -2.12759 32.3431
      vertex 1.5 -2.56778 35.3106
      vertex 1.5 -1.7153 35.4157
    endloop
  endfacet
  facet normal -1 0 0
    outer loop
      vertex 1.5 -2.82881 32.2214
      vertex 1.5 -2.56778 35.3106
      vertex 1.5 -2.12759 32.3431
    endloop
  endfacet
  facet normal -1 0 0
    outer loop
      vertex 1.5 -2.82881 32.2214
      vertex 1.5 -3.41408 35.1637
      vertex 1.5 -2.56778 35.3106
    endloop
  endfacet
  facet normal -1 0 0
    outer loop
      vertex 1.5 -3.52321 32.0655
      vertex 1.5 -3.41408 35.1637
      vertex 1.5 -2.82881 32.2214
    endloop
  endfacet
  facet normal -1 0 0
    outer loop
      vertex 1.5 -4.25215 34.9755
      vertex 1.5 -3.52321 32.0655
      vertex 1.5 -4.20913 31.8756
    endloop
  endfacet
  facet normal -1 0 0
    outer loop
      vertex 1.5 -3.52321 32.0655
      vertex 1.5 -4.25215 34.9755
      vertex 1.5 -3.41408 35.1637
    endloop
  endfacet
  facet normal -1 0 0
    outer loop
      vertex 1.5 -5.07998 34.7465
      vertex 1.5 -4.20913 31.8756
      vertex 1.5 -4.8849 31.6524
    endloop
  endfacet
  facet normal -1 0 0
    outer loop
      vertex 1.5 -4.20913 31.8756
      vertex 1.5 -5.07998 34.7465
      vertex 1.5 -4.25215 34.9755
    endloop
  endfacet
  facet normal -1 0 0
    outer loop
      vertex 1.5 -5.89557 34.477
      vertex 1.5 -4.8849 31.6524
      vertex 1.5 -5.54891 31.3963
    endloop
  endfacet
  facet normal -1 0 0
    outer loop
      vertex 1.5 -4.8849 31.6524
      vertex 1.5 -5.89557 34.477
      vertex 1.5 -5.07998 34.7465
    endloop
  endfacet
  facet normal -1 0 0
    outer loop
      vertex 1.5 -6.69696 34.1679
      vertex 1.5 -5.54891 31.3963
      vertex 1.5 -6.19955 31.1078
    endloop
  endfacet
  facet normal -1 0 0
    outer loop
      vertex 1.5 -5.54891 31.3963
      vertex 1.5 -6.69696 34.1679
      vertex 1.5 -5.89557 34.477
    endloop
  endfacet
  facet normal -1 0 0
    outer loop
      vertex 1.5 -7.48221 33.8198
      vertex 1.5 -6.19955 31.1078
      vertex 1.5 -6.83525 30.7879
    endloop
  endfacet
  facet normal -1 0 0
    outer loop
      vertex 1.5 -8.24944 33.4336
      vertex 1.5 -6.83525 30.7879
      vertex 1.5 -7.45449 30.4371
    endloop
  endfacet
  facet normal -1 0 0
    outer loop
      vertex 1.5 -6.19955 31.1078
      vertex 1.5 -7.48221 33.8198
      vertex 1.5 -6.69696 34.1679
    endloop
  endfacet
  facet normal -1 0 0
    outer loop
      vertex 1.5 -8.9968 33.0103
      vertex 1.5 -7.45449 30.4371
      vertex 1.5 -8.05577 30.0563
    endloop
  endfacet
  facet normal -1 0 0
    outer loop
      vertex 1.5 -6.83525 30.7879
      vertex 1.5 -8.24944 33.4336
      vertex 1.5 -7.48221 33.8198
    endloop
  endfacet
  facet normal -1 0 0
    outer loop
      vertex 1.5 -9.72248 32.5507
      vertex 1.5 -8.05577 30.0563
      vertex 1.5 -8.63764 29.6465
    endloop
  endfacet
  facet normal -1 0 0
    outer loop
      vertex 1.5 -7.45449 30.4371
      vertex 1.5 -8.9968 33.0103
      vertex 1.5 -8.24944 33.4336
    endloop
  endfacet
  facet normal -1 0 0
    outer loop
      vertex 1.5 -10.4247 32.0561
      vertex 1.5 -8.63764 29.6465
      vertex 1.5 -9.1987 29.2087
    endloop
  endfacet
  facet normal -1 0 0
    outer loop
      vertex 1.5 -8.05577 30.0563
      vertex 1.5 -9.72248 32.5507
      vertex 1.5 -8.9968 33.0103
    endloop
  endfacet
  facet normal -1 0 0
    outer loop
      vertex 1.5 -11.1019 31.5277
      vertex 1.5 -9.1987 29.2087
      vertex 1.5 -9.7376 28.7438
    endloop
  endfacet
  facet normal -1 0 0
    outer loop
      vertex 1.5 -11.7523 30.9666
      vertex 1.5 -9.7376 28.7438
      vertex 1.5 -10.253 28.253
    endloop
  endfacet
  facet normal -1 0 0
    outer loop
      vertex 1.5 -8.63764 29.6465
      vertex 1.5 -10.4247 32.0561
      vertex 1.5 -9.72248 32.5507
    endloop
  endfacet
  facet normal -1 0 0
    outer loop
      vertex 1.5 -12.3744 30.3744
      vertex 1.5 -10.253 28.253
      vertex 1.5 -10.7438 27.7376
    endloop
  endfacet
  facet normal -1 0 0
    outer loop
      vertex 1.5 -9.1987 29.2087
      vertex 1.5 -11.1019 31.5277
      vertex 1.5 -10.4247 32.0561
    endloop
  endfacet
  facet normal -1 0 0
    outer loop
      vertex 1.5 -12.9666 29.7523
      vertex 1.5 -10.7438 27.7376
      vertex 1.5 -11.2087 27.1987
    endloop
  endfacet
  facet normal -1 0 0
    outer loop
      vertex 1.5 -13.5277 29.1019
      vertex 1.5 -11.2087 27.1987
      vertex 1.5 -11.6465 26.6376
    endloop
  endfacet
  facet normal -1 0 0
    outer loop
      vertex 1.5 -9.7376 28.7438
      vertex 1.5 -11.7523 30.9666
      vertex 1.5 -11.1019 31.5277
    endloop
  endfacet
  facet normal -1 0 0
    outer loop
      vertex 1.5 -14.0561 28.4247
      vertex 1.5 -11.6465 26.6376
      vertex 1.5 -12.0563 26.0558
    endloop
  endfacet
  facet normal -1 0 0
    outer loop
      vertex 1.5 -10.253 28.253
      vertex 1.5 -12.3744 30.3744
      vertex 1.5 -11.7523 30.9666
    endloop
  endfacet
  facet normal -1 0 0
    outer loop
      vertex 1.5 -14.5507 27.7225
      vertex 1.5 -12.0563 26.0558
      vertex 1.5 -12.4371 25.4545
    endloop
  endfacet
  facet normal -1 0 0
    outer loop
      vertex 1.5 -15.0103 26.9968
      vertex 1.5 -12.4371 25.4545
      vertex 1.5 -12.7879 24.8353
    endloop
  endfacet
  facet normal -1 0 0
    outer loop
      vertex 1.5 -10.7438 27.7376
      vertex 1.5 -12.9666 29.7523
      vertex 1.5 -12.3744 30.3744
    endloop
  endfacet
  facet normal -1 0 0
    outer loop
      vertex 1.5 -15.4336 26.2494
      vertex 1.5 -12.7879 24.8353
      vertex 1.5 -13.1078 24.1995
    endloop
  endfacet
  facet normal -1 0 0
    outer loop
      vertex 1.5 -15.8198 25.4822
      vertex 1.5 -13.1078 24.1995
      vertex 1.5 -13.3963 23.5489
    endloop
  endfacet
  facet normal -1 0 0
    outer loop
      vertex 1.5 -11.2087 27.1987
      vertex 1.5 -13.5277 29.1019
      vertex 1.5 -12.9666 29.7523
    endloop
  endfacet
  facet normal -1 0 0
    outer loop
      vertex 1.5 -16.1679 24.697
      vertex 1.5 -13.3963 23.5489
      vertex 1.5 -13.6524 22.8849
    endloop
  endfacet
  facet normal -1 0 0
    outer loop
      vertex 1.5 -16.477 23.8956
      vertex 1.5 -13.6524 22.8849
      vertex 1.5 -13.8756 22.2091
    endloop
  endfacet
  facet normal -1 0 0
    outer loop
      vertex 1.5 -11.6465 26.6376
      vertex 1.5 -14.0561 28.4247
      vertex 1.5 -13.5277 29.1019
    endloop
  endfacet
  facet normal -1 0 0
    outer loop
      vertex 1.5 -16.7465 23.08
      vertex 1.5 -13.8756 22.2091
      vertex 1.5 -14.0655 21.5232
    endloop
  endfacet
  facet normal -1 0 0
    outer loop
      vertex 1.5 -16.9755 22.2522
      vertex 1.5 -14.0655 21.5232
      vertex 1.5 -14.2214 20.8288
    endloop
  endfacet
  facet normal -1 0 0
    outer loop
      vertex 1.5 -17.1637 21.4141
      vertex 1.5 -14.2214 20.8288
      vertex 1.5 -14.3431 20.1276
    endloop
  endfacet
  facet normal -1 0 0
    outer loop
      vertex 1.5 -17.3106 20.5678
      vertex 1.5 -14.3431 20.1276
      vertex 1.5 -14.4302 19.4212
    endloop
  endfacet
  facet normal -1 0 0
    outer loop
      vertex 1.5 -17.4157 19.7153
      vertex 1.5 -14.4302 19.4212
      vertex 1.5 -14.4825 18.7115
    endloop
  endfacet
  facet normal -1 0 0
    outer loop
      vertex 1.5 -12.0563 26.0558
      vertex 1.5 -14.5507 27.7225
      vertex 1.5 -14.0561 28.4247
    endloop
  endfacet
  facet normal -1 0 0
    outer loop
      vertex 1.5 -17.4789 18.8587
      vertex 1.5 -14.4825 18.7115
      vertex 1.5 -14.4926 18.3
    endloop
  endfacet
  facet normal -1 0 0
    outer loop
      vertex 1.5 -12.4371 25.4545
      vertex 1.5 -15.0103 26.9968
      vertex 1.5 -14.5507 27.7225
    endloop
  endfacet
  facet normal -1 0 0
    outer loop
      vertex 1.5 -12.7879 24.8353
      vertex 1.5 -15.4336 26.2494
      vertex 1.5 -15.0103 26.9968
    endloop
  endfacet
  facet normal -1 0 0
    outer loop
      vertex 1.5 -13.1078 24.1995
      vertex 1.5 -15.8198 25.4822
      vertex 1.5 -15.4336 26.2494
    endloop
  endfacet
  facet normal -1 0 0
    outer loop
      vertex 1.5 -13.3963 23.5489
      vertex 1.5 -16.1679 24.697
      vertex 1.5 -15.8198 25.4822
    endloop
  endfacet
  facet normal -1 0 0
    outer loop
      vertex 1.5 -13.6524 22.8849
      vertex 1.5 -16.477 23.8956
      vertex 1.5 -16.1679 24.697
    endloop
  endfacet
  facet normal -1 0 0
    outer loop
      vertex 1.5 -13.8756 22.2091
      vertex 1.5 -16.7465 23.08
      vertex 1.5 -16.477 23.8956
    endloop
  endfacet
  facet normal -1 0 0
    outer loop
      vertex 1.5 -14.0655 21.5232
      vertex 1.5 -16.9755 22.2522
      vertex 1.5 -16.7465 23.08
    endloop
  endfacet
  facet normal -1 0 0
    outer loop
      vertex 1.5 -14.2214 20.8288
      vertex 1.5 -17.1637 21.4141
      vertex 1.5 -16.9755 22.2522
    endloop
  endfacet
  facet normal -1 0 0
    outer loop
      vertex 1.5 -14.3431 20.1276
      vertex 1.5 -17.3106 20.5678
      vertex 1.5 -17.1637 21.4141
    endloop
  endfacet
  facet normal -1 0 0
    outer loop
      vertex 1.5 -14.4302 19.4212
      vertex 1.5 -17.4157 19.7153
      vertex 1.5 -17.3106 20.5678
    endloop
  endfacet
  facet normal -1 0 0
    outer loop
      vertex 1.5 -14.4825 18.7115
      vertex 1.5 -17.4789 18.8587
      vertex 1.5 -17.4157 19.7153
    endloop
  endfacet
  facet normal -1 0 -0
    outer loop
      vertex 1.5 -17.4789 18.8587
      vertex 1.5 -14.4926 18.3
      vertex 1.5 -17.4926 18.3
    endloop
  endfacet
  facet normal 0 0.975703 0.219099
    outer loop
      vertex 22.5 17.1637 21.4141
      vertex 1.5 16.9755 22.2522
      vertex 22.5 16.9755 22.2522
    endloop
  endfacet
  facet normal 0 0.975703 0.219099
    outer loop
      vertex 1.5 16.9755 22.2522
      vertex 22.5 17.1637 21.4141
      vertex 1.5 17.1637 21.4141
    endloop
  endfacet
  facet normal 0 0.949507 0.313747
    outer loop
      vertex 22.5 16.7465 23.08
      vertex 1.5 16.477 23.8956
      vertex 22.5 16.477 23.8956
    endloop
  endfacet
  facet normal 0 0.949507 0.313747
    outer loop
      vertex 1.5 16.477 23.8956
      vertex 22.5 16.7465 23.08
      vertex 1.5 16.7465 23.08
    endloop
  endfacet
  facet normal 0 -0.817555 0.575851
    outer loop
      vertex 1.5 -14.5507 27.7225
      vertex 22.5 -14.0561 28.4247
      vertex 1.5 -14.0561 28.4247
    endloop
  endfacet
  facet normal 0 -0.817555 0.575851
    outer loop
      vertex 22.5 -14.0561 28.4247
      vertex 1.5 -14.5507 27.7225
      vertex 22.5 -14.5507 27.7225
    endloop
  endfacet
  facet normal 0 -0.91419 0.405285
    outer loop
      vertex 1.5 -16.1679 24.697
      vertex 22.5 -15.8198 25.4822
      vertex 1.5 -15.8198 25.4822
    endloop
  endfacet
  facet normal 0 -0.91419 0.405285
    outer loop
      vertex 22.5 -15.8198 25.4822
      vertex 1.5 -16.1679 24.697
      vertex 22.5 -16.1679 24.697
    endloop
  endfacet
  facet normal 0 0.893213 0.449634
    outer loop
      vertex 22.5 15.8198 25.4822
      vertex 1.5 15.4336 26.2494
      vertex 22.5 15.4336 26.2494
    endloop
  endfacet
  facet normal 0 0.893213 0.449634
    outer loop
      vertex 1.5 15.4336 26.2494
      vertex 22.5 15.8198 25.4822
      vertex 1.5 15.8198 25.4822
    endloop
  endfacet
  facet normal 0 0.933006 0.35986
    outer loop
      vertex 22.5 16.477 23.8956
      vertex 1.5 16.1679 24.697
      vertex 22.5 16.1679 24.697
    endloop
  endfacet
  facet normal 0 0.933006 0.35986
    outer loop
      vertex 1.5 16.1679 24.697
      vertex 22.5 16.477 23.8956
      vertex 1.5 16.477 23.8956
    endloop
  endfacet
  facet normal 0 -0.615165 0.788398
    outer loop
      vertex 1.5 -10.4247 32.0561
      vertex 22.5 -11.1019 31.5277
      vertex 22.5 -10.4247 32.0561
    endloop
  endfacet
  facet normal 0 -0.615165 0.788398
    outer loop
      vertex 22.5 -11.1019 31.5277
      vertex 1.5 -10.4247 32.0561
      vertex 1.5 -11.1019 31.5277
    endloop
  endfacet
  facet normal 0 -0.997289 0.0735801
    outer loop
      vertex 1.5 -17.4789 18.8587
      vertex 8 -17.4157 19.7153
      vertex 1.5 -17.4157 19.7153
    endloop
  endfacet
  facet normal 0 -0.997289 0.0735801
    outer loop
      vertex 8 -17.4157 19.7153
      vertex 1.5 -17.4789 18.8587
      vertex 8 -17.4789 18.8587
    endloop
  endfacet
  facet normal 0 -0.997289 0.0735801
    outer loop
      vertex 16 -17.4789 18.8587
      vertex 22.5 -17.4157 19.7153
      vertex 16 -17.4157 19.7153
    endloop
  endfacet
  facet normal 0 -0.997289 0.0735801
    outer loop
      vertex 22.5 -17.4157 19.7153
      vertex 16 -17.4789 18.8587
      vertex 22.5 -17.4789 18.8587
    endloop
  endfacet
  facet normal -0 0.122361 0.992486
    outer loop
      vertex 1.5 2.56778 35.3106
      vertex 22.5 1.7153 35.4157
      vertex 22.5 2.56778 35.3106
    endloop
  endfacet
  facet normal 0 0.122361 0.992486
    outer loop
      vertex 22.5 1.7153 35.4157
      vertex 1.5 2.56778 35.3106
      vertex 1.5 1.7153 35.4157
    endloop
  endfacet
  facet normal 0 0.997289 0.0735801
    outer loop
      vertex 8 17.4789 18.8587
      vertex 1.5 17.4157 19.7153
      vertex 8 17.4157 19.7153
    endloop
  endfacet
  facet normal 0 0.997289 0.0735801
    outer loop
      vertex 1.5 17.4157 19.7153
      vertex 8 17.4789 18.8587
      vertex 1.5 17.4789 18.8587
    endloop
  endfacet
  facet normal 0 0.997289 0.0735801
    outer loop
      vertex 22.5 17.4789 18.8587
      vertex 16 17.4157 19.7153
      vertex 22.5 17.4157 19.7153
    endloop
  endfacet
  facet normal 0 0.997289 0.0735801
    outer loop
      vertex 16 17.4157 19.7153
      vertex 22.5 17.4789 18.8587
      vertex 16 17.4789 18.8587
    endloop
  endfacet
  facet normal 0 0.724299 0.689487
    outer loop
      vertex 22.5 12.9666 29.7523
      vertex 1.5 12.3744 30.3744
      vertex 22.5 12.3744 30.3744
    endloop
  endfacet
  facet normal 0 0.724299 0.689487
    outer loop
      vertex 1.5 12.3744 30.3744
      vertex 22.5 12.9666 29.7523
      vertex 1.5 12.9666 29.7523
    endloop
  endfacet
  facet normal -0 0.171022 0.985267
    outer loop
      vertex 1.5 3.41408 35.1637
      vertex 22.5 2.56778 35.3106
      vertex 22.5 3.41408 35.1637
    endloop
  endfacet
  facet normal 0 0.171022 0.985267
    outer loop
      vertex 22.5 2.56778 35.3106
      vertex 1.5 3.41408 35.1637
      vertex 1.5 2.56778 35.3106
    endloop
  endfacet
  facet normal 0 -0.0245651 0.999698
    outer loop
      vertex 1.5 0 35.5
      vertex 22.5 -0.858684 35.4789
      vertex 22.5 0 35.5
    endloop
  endfacet
  facet normal 0 -0.0245651 0.999698
    outer loop
      vertex 22.5 -0.858684 35.4789
      vertex 1.5 0 35.5
      vertex 1.5 -0.858684 35.4789
    endloop
  endfacet
  facet normal 0 -0.44962 0.89322
    outer loop
      vertex 1.5 -7.48221 33.8198
      vertex 22.5 -8.24944 33.4336
      vertex 22.5 -7.48221 33.8198
    endloop
  endfacet
  facet normal 0 -0.44962 0.89322
    outer loop
      vertex 22.5 -8.24944 33.4336
      vertex 1.5 -7.48221 33.8198
      vertex 1.5 -8.24944 33.4336
    endloop
  endfacet
  facet normal -0 0.57584 0.817562
    outer loop
      vertex 1.5 10.4247 32.0561
      vertex 22.5 9.72248 32.5507
      vertex 22.5 10.4247 32.0561
    endloop
  endfacet
  facet normal 0 0.57584 0.817562
    outer loop
      vertex 22.5 9.72248 32.5507
      vertex 1.5 10.4247 32.0561
      vertex 1.5 9.72248 32.5507
    endloop
  endfacet
  facet normal 0 -0.999699 0.0245138
    outer loop
      vertex 16 -17.4926 18.3
      vertex 22.5 -17.4789 18.8587
      vertex 16 -17.4789 18.8587
    endloop
  endfacet
  facet normal 0 -0.999699 0.0245138
    outer loop
      vertex 22.5 -17.4789 18.8587
      vertex 16 -17.4926 18.3
      vertex 22.5 -17.4926 18.3
    endloop
  endfacet
  facet normal 0 -0.999699 0.0245138
    outer loop
      vertex 1.5 -17.4926 18.3
      vertex 8 -17.4789 18.8587
      vertex 1.5 -17.4789 18.8587
    endloop
  endfacet
  facet normal 0 -0.999699 0.0245138
    outer loop
      vertex 8 -17.4789 18.8587
      vertex 1.5 -17.4926 18.3
      vertex 8 -17.4926 18.3
    endloop
  endfacet
  facet normal 0 0.844824 0.535044
    outer loop
      vertex 22.5 15.0103 26.9968
      vertex 1.5 14.5507 27.7225
      vertex 22.5 14.5507 27.7225
    endloop
  endfacet
  facet normal 0 0.844824 0.535044
    outer loop
      vertex 1.5 14.5507 27.7225
      vertex 22.5 15.0103 26.9968
      vertex 1.5 15.0103 26.9968
    endloop
  endfacet
  facet normal 0 -0.0735787 0.997289
    outer loop
      vertex 1.5 -0.858684 35.4789
      vertex 22.5 -1.7153 35.4157
      vertex 22.5 -0.858684 35.4789
    endloop
  endfacet
  facet normal 0 -0.0735787 0.997289
    outer loop
      vertex 22.5 -1.7153 35.4157
      vertex 1.5 -0.858684 35.4789
      vertex 1.5 -1.7153 35.4157
    endloop
  endfacet
  facet normal 0 -0.933006 0.35986
    outer loop
      vertex 1.5 -16.477 23.8956
      vertex 22.5 -16.1679 24.697
      vertex 1.5 -16.1679 24.697
    endloop
  endfacet
  facet normal 0 -0.933006 0.35986
    outer loop
      vertex 22.5 -16.1679 24.697
      vertex 1.5 -16.477 23.8956
      vertex 22.5 -16.477 23.8956
    endloop
  endfacet
  facet normal -0 0.615165 0.788398
    outer loop
      vertex 1.5 11.1019 31.5277
      vertex 22.5 10.4247 32.0561
      vertex 22.5 11.1019 31.5277
    endloop
  endfacet
  facet normal 0 0.615165 0.788398
    outer loop
      vertex 22.5 10.4247 32.0561
      vertex 1.5 11.1019 31.5277
      vertex 1.5 10.4247 32.0561
    endloop
  endfacet
  facet normal 0 -0.171022 0.985267
    outer loop
      vertex 1.5 -2.56778 35.3106
      vertex 22.5 -3.41408 35.1637
      vertex 22.5 -2.56778 35.3106
    endloop
  endfacet
  facet normal 0 -0.171022 0.985267
    outer loop
      vertex 22.5 -3.41408 35.1637
      vertex 1.5 -2.56778 35.3106
      vertex 1.5 -3.41408 35.1637
    endloop
  endfacet
  facet normal 0 -0.31375 0.949505
    outer loop
      vertex 1.5 -5.07998 34.7465
      vertex 22.5 -5.89557 34.477
      vertex 22.5 -5.07998 34.7465
    endloop
  endfacet
  facet normal 0 -0.31375 0.949505
    outer loop
      vertex 22.5 -5.89557 34.477
      vertex 1.5 -5.07998 34.7465
      vertex 1.5 -5.89557 34.477
    endloop
  endfacet
  facet normal -0 0.266614 0.963803
    outer loop
      vertex 1.5 5.07998 34.7465
      vertex 22.5 4.25215 34.9755
      vertex 22.5 5.07998 34.7465
    endloop
  endfacet
  facet normal 0 0.266614 0.963803
    outer loop
      vertex 22.5 4.25215 34.9755
      vertex 1.5 5.07998 34.7465
      vertex 1.5 4.25215 34.9755
    endloop
  endfacet
  facet normal -0 0.492833 0.870124
    outer loop
      vertex 1.5 8.9968 33.0103
      vertex 22.5 8.24944 33.4336
      vertex 22.5 8.9968 33.0103
    endloop
  endfacet
  facet normal 0 0.492833 0.870124
    outer loop
      vertex 22.5 8.24944 33.4336
      vertex 1.5 8.9968 33.0103
      vertex 1.5 8.24944 33.4336
    endloop
  endfacet
  facet normal 0 -0.535054 0.844818
    outer loop
      vertex 1.5 -8.9968 33.0103
      vertex 22.5 -9.72248 32.5507
      vertex 22.5 -8.9968 33.0103
    endloop
  endfacet
  facet normal 0 -0.535054 0.844818
    outer loop
      vertex 22.5 -9.72248 32.5507
      vertex 1.5 -8.9968 33.0103
      vertex 1.5 -9.72248 32.5507
    endloop
  endfacet
  facet normal -0 0.219107 0.975701
    outer loop
      vertex 1.5 4.25215 34.9755
      vertex 22.5 3.41408 35.1637
      vertex 22.5 4.25215 34.9755
    endloop
  endfacet
  facet normal 0 0.219107 0.975701
    outer loop
      vertex 22.5 3.41408 35.1637
      vertex 1.5 4.25215 34.9755
      vertex 1.5 3.41408 35.1637
    endloop
  endfacet
  facet normal 0 -0.844824 0.535044
    outer loop
      vertex 1.5 -15.0103 26.9968
      vertex 22.5 -14.5507 27.7225
      vertex 1.5 -14.5507 27.7225
    endloop
  endfacet
  facet normal 0 -0.844824 0.535044
    outer loop
      vertex 22.5 -14.5507 27.7225
      vertex 1.5 -15.0103 26.9968
      vertex 22.5 -15.0103 26.9968
    endloop
  endfacet
  facet normal 0 -0.949507 0.313747
    outer loop
      vertex 1.5 -16.7465 23.08
      vertex 22.5 -16.477 23.8956
      vertex 1.5 -16.477 23.8956
    endloop
  endfacet
  facet normal 0 -0.949507 0.313747
    outer loop
      vertex 22.5 -16.477 23.8956
      vertex 1.5 -16.7465 23.08
      vertex 22.5 -16.7465 23.08
    endloop
  endfacet
  facet normal 0 -0.492833 0.870124
    outer loop
      vertex 1.5 -8.24944 33.4336
      vertex 22.5 -8.9968 33.0103
      vertex 22.5 -8.24944 33.4336
    endloop
  endfacet
  facet normal 0 -0.492833 0.870124
    outer loop
      vertex 22.5 -8.9968 33.0103
      vertex 1.5 -8.24944 33.4336
      vertex 1.5 -8.9968 33.0103
    endloop
  endfacet
  facet normal 0 -0.57584 0.817562
    outer loop
      vertex 1.5 -9.72248 32.5507
      vertex 22.5 -10.4247 32.0561
      vertex 22.5 -9.72248 32.5507
    endloop
  endfacet
  facet normal 0 -0.57584 0.817562
    outer loop
      vertex 22.5 -10.4247 32.0561
      vertex 1.5 -9.72248 32.5507
      vertex 1.5 -10.4247 32.0561
    endloop
  endfacet
  facet normal 0 0.788398 0.615165
    outer loop
      vertex 22.5 14.0561 28.4247
      vertex 1.5 13.5277 29.1019
      vertex 22.5 13.5277 29.1019
    endloop
  endfacet
  facet normal 0 0.788398 0.615165
    outer loop
      vertex 1.5 13.5277 29.1019
      vertex 22.5 14.0561 28.4247
      vertex 1.5 14.0561 28.4247
    endloop
  endfacet
  facet normal 0 -0.98525 0.171122
    outer loop
      vertex 1.5 -17.1637 21.4141
      vertex 12 -17.2 21.2051
      vertex 22.5 -17.1637 21.4141
    endloop
  endfacet
  facet normal -1.55886e-06 -0.985263 0.171046
    outer loop
      vertex 8 -17.2356 21
      vertex 12 -17.2 21.2051
      vertex 1.5 -17.1637 21.4141
    endloop
  endfacet
  facet normal 2.29088e-05 -0.985343 0.170583
    outer loop
      vertex 12 -17.2 21.2051
      vertex 8 -17.2356 21
      vertex 11.8037 -17.2048 21.1774
    endloop
  endfacet
  facet normal -2.32576e-05 -0.985176 0.171544
    outer loop
      vertex 11.8037 -17.2048 21.1774
      vertex 8 -17.2356 21
      vertex 11.6079 -17.2193 21.0941
    endloop
  endfacet
  facet normal -3.16664e-06 -0.985267 0.171022
    outer loop
      vertex 1.5 -17.3106 20.5678
      vertex 8 -17.2356 21
      vertex 1.5 -17.1637 21.4141
    endloop
  endfacet
  facet normal 0 -0.985275 0.170976
    outer loop
      vertex 8 -17.2356 21
      vertex 1.5 -17.3106 20.5678
      vertex 8 -17.3106 20.5678
    endloop
  endfacet
  facet normal -2.29088e-05 -0.985343 0.170583
    outer loop
      vertex 16 -17.2356 21
      vertex 12 -17.2 21.2051
      vertex 12.1963 -17.2048 21.1774
    endloop
  endfacet
  facet normal 2.32576e-05 -0.985176 0.171544
    outer loop
      vertex 16 -17.2356 21
      vertex 12.1963 -17.2048 21.1774
      vertex 12.3921 -17.2193 21.0941
    endloop
  endfacet
  facet normal 0 -0.985327 0.170678
    outer loop
      vertex 16 -17.2356 21
      vertex 12.3921 -17.2193 21.0941
      vertex 12.5245 -17.2356 21
    endloop
  endfacet
  facet normal 1.55886e-06 -0.985263 0.171046
    outer loop
      vertex 12 -17.2 21.2051
      vertex 16 -17.2356 21
      vertex 22.5 -17.1637 21.4141
    endloop
  endfacet
  facet normal 0 -0.985275 0.170976
    outer loop
      vertex 22.5 -17.3106 20.5678
      vertex 16 -17.2356 21
      vertex 16 -17.3106 20.5678
    endloop
  endfacet
  facet normal 3.16664e-06 -0.985267 0.171022
    outer loop
      vertex 16 -17.2356 21
      vertex 22.5 -17.3106 20.5678
      vertex 22.5 -17.1637 21.4141
    endloop
  endfacet
  facet normal 0 -0.985327 0.170678
    outer loop
      vertex 11.6079 -17.2193 21.0941
      vertex 8 -17.2356 21
      vertex 11.4755 -17.2356 21
    endloop
  endfacet
  facet normal 0 0.963801 0.266623
    outer loop
      vertex 22.5 16.9755 22.2522
      vertex 1.5 16.7465 23.08
      vertex 22.5 16.7465 23.08
    endloop
  endfacet
  facet normal 0 0.963801 0.266623
    outer loop
      vertex 1.5 16.7465 23.08
      vertex 22.5 16.9755 22.2522
      vertex 1.5 16.9755 22.2522
    endloop
  endfacet
  facet normal 0 -0.266614 0.963803
    outer loop
      vertex 1.5 -4.25215 34.9755
      vertex 22.5 -5.07998 34.7465
      vertex 22.5 -4.25215 34.9755
    endloop
  endfacet
  facet normal 0 -0.266614 0.963803
    outer loop
      vertex 22.5 -5.07998 34.7465
      vertex 1.5 -4.25215 34.9755
      vertex 1.5 -5.07998 34.7465
    endloop
  endfacet
  facet normal 0 -0.893213 0.449634
    outer loop
      vertex 1.5 -15.8198 25.4822
      vertex 22.5 -15.4336 26.2494
      vertex 1.5 -15.4336 26.2494
    endloop
  endfacet
  facet normal 0 -0.893213 0.449634
    outer loop
      vertex 22.5 -15.4336 26.2494
      vertex 1.5 -15.8198 25.4822
      vertex 22.5 -15.8198 25.4822
    endloop
  endfacet
  facet normal -0 0.44962 0.89322
    outer loop
      vertex 1.5 8.24944 33.4336
      vertex 22.5 7.48221 33.8198
      vertex 22.5 8.24944 33.4336
    endloop
  endfacet
  facet normal 0 0.44962 0.89322
    outer loop
      vertex 22.5 7.48221 33.8198
      vertex 1.5 8.24944 33.4336
      vertex 1.5 7.48221 33.8198
    endloop
  endfacet
  facet normal 0 -0.870135 0.492813
    outer loop
      vertex 1.5 -15.4336 26.2494
      vertex 22.5 -15.0103 26.9968
      vertex 1.5 -15.0103 26.9968
    endloop
  endfacet
  facet normal 0 -0.870135 0.492813
    outer loop
      vertex 22.5 -15.0103 26.9968
      vertex 1.5 -15.4336 26.2494
      vertex 22.5 -15.4336 26.2494
    endloop
  endfacet
  facet normal 1 0 0
    outer loop
      vertex 22.5 14.4825 18.7115
      vertex 22.5 17.4789 18.8587
      vertex 22.5 17.4157 19.7153
    endloop
  endfacet
  facet normal 1 0 0
    outer loop
      vertex 22.5 14.4302 19.4212
      vertex 22.5 17.4157 19.7153
      vertex 22.5 17.3106 20.5678
    endloop
  endfacet
  facet normal 1 0 0
    outer loop
      vertex 22.5 14.3431 20.1276
      vertex 22.5 17.3106 20.5678
      vertex 22.5 17.1637 21.4141
    endloop
  endfacet
  facet normal 1 0 0
    outer loop
      vertex 22.5 14.2214 20.8288
      vertex 22.5 17.1637 21.4141
      vertex 22.5 16.9755 22.2522
    endloop
  endfacet
  facet normal 1 0 0
    outer loop
      vertex 22.5 14.0655 21.5232
      vertex 22.5 16.9755 22.2522
      vertex 22.5 16.7465 23.08
    endloop
  endfacet
  facet normal 1 0 0
    outer loop
      vertex 22.5 13.8756 22.2091
      vertex 22.5 16.7465 23.08
      vertex 22.5 16.477 23.8956
    endloop
  endfacet
  facet normal 1 0 0
    outer loop
      vertex 22.5 13.6524 22.8849
      vertex 22.5 16.477 23.8956
      vertex 22.5 16.1679 24.697
    endloop
  endfacet
  facet normal 1 0 0
    outer loop
      vertex 22.5 13.3963 23.5489
      vertex 22.5 16.1679 24.697
      vertex 22.5 15.8198 25.4822
    endloop
  endfacet
  facet normal 1 0 0
    outer loop
      vertex 22.5 13.1078 24.1995
      vertex 22.5 15.8198 25.4822
      vertex 22.5 15.4336 26.2494
    endloop
  endfacet
  facet normal 1 0 0
    outer loop
      vertex 22.5 12.7879 24.8353
      vertex 22.5 15.4336 26.2494
      vertex 22.5 15.0103 26.9968
    endloop
  endfacet
  facet normal 1 0 0
    outer loop
      vertex 22.5 12.4371 25.4545
      vertex 22.5 15.0103 26.9968
      vertex 22.5 14.5507 27.7225
    endloop
  endfacet
  facet normal 1 0 0
    outer loop
      vertex 22.5 16.7465 23.08
      vertex 22.5 13.8756 22.2091
      vertex 22.5 14.0655 21.5232
    endloop
  endfacet
  facet normal 1 0 0
    outer loop
      vertex 22.5 17.4926 18.3
      vertex 22.5 14.4825 18.7115
      vertex 22.5 14.4926 18.3
    endloop
  endfacet
  facet normal 1 0 0
    outer loop
      vertex 22.5 17.4789 18.8587
      vertex 22.5 14.4825 18.7115
      vertex 22.5 17.4926 18.3
    endloop
  endfacet
  facet normal 1 0 -0
    outer loop
      vertex 22.5 14.4825 18.7115
      vertex 22.5 17.4157 19.7153
      vertex 22.5 14.4302 19.4212
    endloop
  endfacet
  facet normal 1 0 0
    outer loop
      vertex 22.5 17.3106 20.5678
      vertex 22.5 14.3431 20.1276
      vertex 22.5 14.4302 19.4212
    endloop
  endfacet
  facet normal 1 0 0
    outer loop
      vertex 22.5 17.1637 21.4141
      vertex 22.5 14.2214 20.8288
      vertex 22.5 14.3431 20.1276
    endloop
  endfacet
  facet normal 1 0 0
    outer loop
      vertex 22.5 12.0563 26.0558
      vertex 22.5 14.5507 27.7225
      vertex 22.5 14.0561 28.4247
    endloop
  endfacet
  facet normal 1 0 0
    outer loop
      vertex 22.5 16.9755 22.2522
      vertex 22.5 14.0655 21.5232
      vertex 22.5 14.2214 20.8288
    endloop
  endfacet
  facet normal 1 0 0
    outer loop
      vertex 22.5 16.477 23.8956
      vertex 22.5 13.6524 22.8849
      vertex 22.5 13.8756 22.2091
    endloop
  endfacet
  facet normal 1 0 0
    outer loop
      vertex 22.5 11.6465 26.6376
      vertex 22.5 14.0561 28.4247
      vertex 22.5 13.5277 29.1019
    endloop
  endfacet
  facet normal 1 0 0
    outer loop
      vertex 22.5 16.1679 24.697
      vertex 22.5 13.3963 23.5489
      vertex 22.5 13.6524 22.8849
    endloop
  endfacet
  facet normal 1 0 0
    outer loop
      vertex 22.5 15.8198 25.4822
      vertex 22.5 13.1078 24.1995
      vertex 22.5 13.3963 23.5489
    endloop
  endfacet
  facet normal 1 0 0
    outer loop
      vertex 22.5 11.2087 27.1987
      vertex 22.5 13.5277 29.1019
      vertex 22.5 12.9666 29.7523
    endloop
  endfacet
  facet normal 1 0 0
    outer loop
      vertex 22.5 15.4336 26.2494
      vertex 22.5 12.7879 24.8353
      vertex 22.5 13.1078 24.1995
    endloop
  endfacet
  facet normal 1 0 0
    outer loop
      vertex 22.5 15.0103 26.9968
      vertex 22.5 12.4371 25.4545
      vertex 22.5 12.7879 24.8353
    endloop
  endfacet
  facet normal 1 0 0
    outer loop
      vertex 22.5 10.7438 27.7376
      vertex 22.5 12.9666 29.7523
      vertex 22.5 12.3744 30.3744
    endloop
  endfacet
  facet normal 1 0 0
    outer loop
      vertex 22.5 14.5507 27.7225
      vertex 22.5 12.0563 26.0558
      vertex 22.5 12.4371 25.4545
    endloop
  endfacet
  facet normal 1 0 0
    outer loop
      vertex 22.5 10.253 28.253
      vertex 22.5 12.3744 30.3744
      vertex 22.5 11.7523 30.9666
    endloop
  endfacet
  facet normal 1 0 0
    outer loop
      vertex 22.5 14.0561 28.4247
      vertex 22.5 11.6465 26.6376
      vertex 22.5 12.0563 26.0558
    endloop
  endfacet
  facet normal 1 0 0
    outer loop
      vertex 22.5 13.5277 29.1019
      vertex 22.5 11.2087 27.1987
      vertex 22.5 11.6465 26.6376
    endloop
  endfacet
  facet normal 1 0 0
    outer loop
      vertex 22.5 9.7376 28.7438
      vertex 22.5 11.7523 30.9666
      vertex 22.5 11.1019 31.5277
    endloop
  endfacet
  facet normal 1 0 0
    outer loop
      vertex 22.5 12.9666 29.7523
      vertex 22.5 10.7438 27.7376
      vertex 22.5 11.2087 27.1987
    endloop
  endfacet
  facet normal 1 0 0
    outer loop
      vertex 22.5 9.1987 29.2087
      vertex 22.5 11.1019 31.5277
      vertex 22.5 10.4247 32.0561
    endloop
  endfacet
  facet normal 1 0 0
    outer loop
      vertex 22.5 12.3744 30.3744
      vertex 22.5 10.253 28.253
      vertex 22.5 10.7438 27.7376
    endloop
  endfacet
  facet normal 1 0 0
    outer loop
      vertex 22.5 11.7523 30.9666
      vertex 22.5 9.7376 28.7438
      vertex 22.5 10.253 28.253
    endloop
  endfacet
  facet normal 1 0 0
    outer loop
      vertex 22.5 8.63764 29.6465
      vertex 22.5 10.4247 32.0561
      vertex 22.5 9.72248 32.5507
    endloop
  endfacet
  facet normal 1 0 0
    outer loop
      vertex 22.5 11.1019 31.5277
      vertex 22.5 9.1987 29.2087
      vertex 22.5 9.7376 28.7438
    endloop
  endfacet
  facet normal 1 0 0
    outer loop
      vertex 22.5 8.05577 30.0563
      vertex 22.5 9.72248 32.5507
      vertex 22.5 8.9968 33.0103
    endloop
  endfacet
  facet normal 1 0 0
    outer loop
      vertex 22.5 10.4247 32.0561
      vertex 22.5 8.63764 29.6465
      vertex 22.5 9.1987 29.2087
    endloop
  endfacet
  facet normal 1 0 0
    outer loop
      vertex 22.5 7.45449 30.4371
      vertex 22.5 8.9968 33.0103
      vertex 22.5 8.24944 33.4336
    endloop
  endfacet
  facet normal 1 0 0
    outer loop
      vertex 22.5 9.72248 32.5507
      vertex 22.5 8.05577 30.0563
      vertex 22.5 8.63764 29.6465
    endloop
  endfacet
  facet normal 1 0 0
    outer loop
      vertex 22.5 6.83525 30.7879
      vertex 22.5 8.24944 33.4336
      vertex 22.5 7.48221 33.8198
    endloop
  endfacet
  facet normal 1 0 0
    outer loop
      vertex 22.5 8.9968 33.0103
      vertex 22.5 7.45449 30.4371
      vertex 22.5 8.05577 30.0563
    endloop
  endfacet
  facet normal 1 0 0
    outer loop
      vertex 22.5 8.24944 33.4336
      vertex 22.5 6.83525 30.7879
      vertex 22.5 7.45449 30.4371
    endloop
  endfacet
  facet normal 1 0 0
    outer loop
      vertex 22.5 6.19955 31.1078
      vertex 22.5 7.48221 33.8198
      vertex 22.5 6.69696 34.1679
    endloop
  endfacet
  facet normal 1 0 0
    outer loop
      vertex 22.5 7.48221 33.8198
      vertex 22.5 6.19955 31.1078
      vertex 22.5 6.83525 30.7879
    endloop
  endfacet
  facet normal 1 0 0
    outer loop
      vertex 22.5 5.54891 31.3963
      vertex 22.5 6.69696 34.1679
      vertex 22.5 5.89557 34.477
    endloop
  endfacet
  facet normal 1 0 0
    outer loop
      vertex 22.5 6.69696 34.1679
      vertex 22.5 5.54891 31.3963
      vertex 22.5 6.19955 31.1078
    endloop
  endfacet
  facet normal 1 0 0
    outer loop
      vertex 22.5 4.8849 31.6524
      vertex 22.5 5.89557 34.477
      vertex 22.5 5.07998 34.7465
    endloop
  endfacet
  facet normal 1 0 0
    outer loop
      vertex 22.5 5.89557 34.477
      vertex 22.5 4.8849 31.6524
      vertex 22.5 5.54891 31.3963
    endloop
  endfacet
  facet normal 1 0 0
    outer loop
      vertex 22.5 4.20913 31.8756
      vertex 22.5 5.07998 34.7465
      vertex 22.5 4.25215 34.9755
    endloop
  endfacet
  facet normal 1 0 0
    outer loop
      vertex 22.5 5.07998 34.7465
      vertex 22.5 4.20913 31.8756
      vertex 22.5 4.8849 31.6524
    endloop
  endfacet
  facet normal 1 0 0
    outer loop
      vertex 22.5 4.25215 34.9755
      vertex 22.5 3.52321 32.0655
      vertex 22.5 4.20913 31.8756
    endloop
  endfacet
  facet normal 1 0 0
    outer loop
      vertex 22.5 3.41408 35.1637
      vertex 22.5 3.52321 32.0655
      vertex 22.5 4.25215 34.9755
    endloop
  endfacet
  facet normal 1 0 0
    outer loop
      vertex 22.5 3.41408 35.1637
      vertex 22.5 2.82881 32.2214
      vertex 22.5 3.52321 32.0655
    endloop
  endfacet
  facet normal 1 0 0
    outer loop
      vertex 22.5 2.56778 35.3106
      vertex 22.5 2.82881 32.2214
      vertex 22.5 3.41408 35.1637
    endloop
  endfacet
  facet normal 1 0 0
    outer loop
      vertex 22.5 2.56778 35.3106
      vertex 22.5 2.12759 32.3431
      vertex 22.5 2.82881 32.2214
    endloop
  endfacet
  facet normal 1 0 0
    outer loop
      vertex 22.5 1.7153 35.4157
      vertex 22.5 2.12759 32.3431
      vertex 22.5 2.56778 35.3106
    endloop
  endfacet
  facet normal 1 0 0
    outer loop
      vertex 22.5 1.7153 35.4157
      vertex 22.5 1.42125 32.4302
      vertex 22.5 2.12759 32.3431
    endloop
  endfacet
  facet normal 1 0 0
    outer loop
      vertex 22.5 0.858684 35.4789
      vertex 22.5 1.42125 32.4302
      vertex 22.5 1.7153 35.4157
    endloop
  endfacet
  facet normal 1 0 0
    outer loop
      vertex 22.5 0.858684 35.4789
      vertex 22.5 0.711481 32.4825
      vertex 22.5 1.42125 32.4302
    endloop
  endfacet
  facet normal 1 0 0
    outer loop
      vertex 22.5 0 35.5
      vertex 22.5 0.711481 32.4825
      vertex 22.5 0.858684 35.4789
    endloop
  endfacet
  facet normal 1 0 0
    outer loop
      vertex 22.5 0 35.5
      vertex 22.5 0 32.5
      vertex 22.5 0.711481 32.4825
    endloop
  endfacet
  facet normal 1 0 0
    outer loop
      vertex 22.5 0 35.5
      vertex 22.5 -0.711481 32.4825
      vertex 22.5 0 32.5
    endloop
  endfacet
  facet normal 1 -0 0
    outer loop
      vertex 22.5 -0.858684 35.4789
      vertex 22.5 -0.711481 32.4825
      vertex 22.5 0 35.5
    endloop
  endfacet
  facet normal 1 0 0
    outer loop
      vertex 22.5 -0.858684 35.4789
      vertex 22.5 -1.42125 32.4302
      vertex 22.5 -0.711481 32.4825
    endloop
  endfacet
  facet normal 1 -0 0
    outer loop
      vertex 22.5 -1.7153 35.4157
      vertex 22.5 -1.42125 32.4302
      vertex 22.5 -0.858684 35.4789
    endloop
  endfacet
  facet normal 1 0 0
    outer loop
      vertex 22.5 -1.7153 35.4157
      vertex 22.5 -2.12759 32.3431
      vertex 22.5 -1.42125 32.4302
    endloop
  endfacet
  facet normal 1 -0 0
    outer loop
      vertex 22.5 -2.56778 35.3106
      vertex 22.5 -2.12759 32.3431
      vertex 22.5 -1.7153 35.4157
    endloop
  endfacet
  facet normal 1 0 0
    outer loop
      vertex 22.5 -2.56778 35.3106
      vertex 22.5 -2.82881 32.2214
      vertex 22.5 -2.12759 32.3431
    endloop
  endfacet
  facet normal 1 -0 0
    outer loop
      vertex 22.5 -3.41408 35.1637
      vertex 22.5 -2.82881 32.2214
      vertex 22.5 -2.56778 35.3106
    endloop
  endfacet
  facet normal 1 0 0
    outer loop
      vertex 22.5 -3.41408 35.1637
      vertex 22.5 -3.52321 32.0655
      vertex 22.5 -2.82881 32.2214
    endloop
  endfacet
  facet normal 1 -0 0
    outer loop
      vertex 22.5 -4.25215 34.9755
      vertex 22.5 -3.52321 32.0655
      vertex 22.5 -3.41408 35.1637
    endloop
  endfacet
  facet normal 1 0 0
    outer loop
      vertex 22.5 -3.52321 32.0655
      vertex 22.5 -4.25215 34.9755
      vertex 22.5 -4.20913 31.8756
    endloop
  endfacet
  facet normal 1 -0 0
    outer loop
      vertex 22.5 -5.07998 34.7465
      vertex 22.5 -4.20913 31.8756
      vertex 22.5 -4.25215 34.9755
    endloop
  endfacet
  facet normal 1 0 0
    outer loop
      vertex 22.5 -4.20913 31.8756
      vertex 22.5 -5.07998 34.7465
      vertex 22.5 -4.8849 31.6524
    endloop
  endfacet
  facet normal 1 -0 0
    outer loop
      vertex 22.5 -5.89557 34.477
      vertex 22.5 -4.8849 31.6524
      vertex 22.5 -5.07998 34.7465
    endloop
  endfacet
  facet normal 1 0 0
    outer loop
      vertex 22.5 -4.8849 31.6524
      vertex 22.5 -5.89557 34.477
      vertex 22.5 -5.54891 31.3963
    endloop
  endfacet
  facet normal 1 -0 0
    outer loop
      vertex 22.5 -6.69696 34.1679
      vertex 22.5 -5.54891 31.3963
      vertex 22.5 -5.89557 34.477
    endloop
  endfacet
  facet normal 1 0 0
    outer loop
      vertex 22.5 -5.54891 31.3963
      vertex 22.5 -6.69696 34.1679
      vertex 22.5 -6.19955 31.1078
    endloop
  endfacet
  facet normal 1 -0 0
    outer loop
      vertex 22.5 -7.48221 33.8198
      vertex 22.5 -6.19955 31.1078
      vertex 22.5 -6.69696 34.1679
    endloop
  endfacet
  facet normal 1 0 0
    outer loop
      vertex 22.5 -6.19955 31.1078
      vertex 22.5 -7.48221 33.8198
      vertex 22.5 -6.83525 30.7879
    endloop
  endfacet
  facet normal 1 -0 0
    outer loop
      vertex 22.5 -8.24944 33.4336
      vertex 22.5 -6.83525 30.7879
      vertex 22.5 -7.48221 33.8198
    endloop
  endfacet
  facet normal 1 0 0
    outer loop
      vertex 22.5 -6.83525 30.7879
      vertex 22.5 -8.24944 33.4336
      vertex 22.5 -7.45449 30.4371
    endloop
  endfacet
  facet normal 1 -0 0
    outer loop
      vertex 22.5 -8.9968 33.0103
      vertex 22.5 -7.45449 30.4371
      vertex 22.5 -8.24944 33.4336
    endloop
  endfacet
  facet normal 1 0 0
    outer loop
      vertex 22.5 -7.45449 30.4371
      vertex 22.5 -8.9968 33.0103
      vertex 22.5 -8.05577 30.0563
    endloop
  endfacet
  facet normal 1 -0 0
    outer loop
      vertex 22.5 -9.72248 32.5507
      vertex 22.5 -8.05577 30.0563
      vertex 22.5 -8.9968 33.0103
    endloop
  endfacet
  facet normal 1 0 0
    outer loop
      vertex 22.5 -8.05577 30.0563
      vertex 22.5 -9.72248 32.5507
      vertex 22.5 -8.63764 29.6465
    endloop
  endfacet
  facet normal 1 -0 0
    outer loop
      vertex 22.5 -10.4247 32.0561
      vertex 22.5 -8.63764 29.6465
      vertex 22.5 -9.72248 32.5507
    endloop
  endfacet
  facet normal 1 0 0
    outer loop
      vertex 22.5 -8.63764 29.6465
      vertex 22.5 -10.4247 32.0561
      vertex 22.5 -9.1987 29.2087
    endloop
  endfacet
  facet normal 1 -0 0
    outer loop
      vertex 22.5 -11.1019 31.5277
      vertex 22.5 -9.1987 29.2087
      vertex 22.5 -10.4247 32.0561
    endloop
  endfacet
  facet normal 1 0 0
    outer loop
      vertex 22.5 -9.1987 29.2087
      vertex 22.5 -11.1019 31.5277
      vertex 22.5 -9.7376 28.7438
    endloop
  endfacet
  facet normal 1 -0 0
    outer loop
      vertex 22.5 -11.7523 30.9666
      vertex 22.5 -9.7376 28.7438
      vertex 22.5 -11.1019 31.5277
    endloop
  endfacet
  facet normal 1 0 0
    outer loop
      vertex 22.5 -9.7376 28.7438
      vertex 22.5 -11.7523 30.9666
      vertex 22.5 -10.253 28.253
    endloop
  endfacet
  facet normal 1 -0 0
    outer loop
      vertex 22.5 -12.3744 30.3744
      vertex 22.5 -10.253 28.253
      vertex 22.5 -11.7523 30.9666
    endloop
  endfacet
  facet normal 1 0 0
    outer loop
      vertex 22.5 -10.253 28.253
      vertex 22.5 -12.3744 30.3744
      vertex 22.5 -10.7438 27.7376
    endloop
  endfacet
  facet normal 1 -0 0
    outer loop
      vertex 22.5 -12.9666 29.7523
      vertex 22.5 -10.7438 27.7376
      vertex 22.5 -12.3744 30.3744
    endloop
  endfacet
  facet normal 1 0 0
    outer loop
      vertex 22.5 -10.7438 27.7376
      vertex 22.5 -12.9666 29.7523
      vertex 22.5 -11.2087 27.1987
    endloop
  endfacet
  facet normal 1 -0 0
    outer loop
      vertex 22.5 -13.5277 29.1019
      vertex 22.5 -11.2087 27.1987
      vertex 22.5 -12.9666 29.7523
    endloop
  endfacet
  facet normal 1 0 0
    outer loop
      vertex 22.5 -11.2087 27.1987
      vertex 22.5 -13.5277 29.1019
      vertex 22.5 -11.6465 26.6376
    endloop
  endfacet
  facet normal 1 -0 0
    outer loop
      vertex 22.5 -14.0561 28.4247
      vertex 22.5 -11.6465 26.6376
      vertex 22.5 -13.5277 29.1019
    endloop
  endfacet
  facet normal 1 0 0
    outer loop
      vertex 22.5 -11.6465 26.6376
      vertex 22.5 -14.0561 28.4247
      vertex 22.5 -12.0563 26.0558
    endloop
  endfacet
  facet normal 1 -0 0
    outer loop
      vertex 22.5 -14.5507 27.7225
      vertex 22.5 -12.0563 26.0558
      vertex 22.5 -14.0561 28.4247
    endloop
  endfacet
  facet normal 1 0 0
    outer loop
      vertex 22.5 -12.0563 26.0558
      vertex 22.5 -14.5507 27.7225
      vertex 22.5 -12.4371 25.4545
    endloop
  endfacet
  facet normal 1 -0 0
    outer loop
      vertex 22.5 -15.0103 26.9968
      vertex 22.5 -12.4371 25.4545
      vertex 22.5 -14.5507 27.7225
    endloop
  endfacet
  facet normal 1 0 0
    outer loop
      vertex 22.5 -12.4371 25.4545
      vertex 22.5 -15.0103 26.9968
      vertex 22.5 -12.7879 24.8353
    endloop
  endfacet
  facet normal 1 -0 0
    outer loop
      vertex 22.5 -15.4336 26.2494
      vertex 22.5 -12.7879 24.8353
      vertex 22.5 -15.0103 26.9968
    endloop
  endfacet
  facet normal 1 0 0
    outer loop
      vertex 22.5 -12.7879 24.8353
      vertex 22.5 -15.4336 26.2494
      vertex 22.5 -13.1078 24.1995
    endloop
  endfacet
  facet normal 1 -0 0
    outer loop
      vertex 22.5 -15.8198 25.4822
      vertex 22.5 -13.1078 24.1995
      vertex 22.5 -15.4336 26.2494
    endloop
  endfacet
  facet normal 1 0 0
    outer loop
      vertex 22.5 -13.1078 24.1995
      vertex 22.5 -15.8198 25.4822
      vertex 22.5 -13.3963 23.5489
    endloop
  endfacet
  facet normal 1 -0 0
    outer loop
      vertex 22.5 -16.1679 24.697
      vertex 22.5 -13.3963 23.5489
      vertex 22.5 -15.8198 25.4822
    endloop
  endfacet
  facet normal 1 0 0
    outer loop
      vertex 22.5 -13.3963 23.5489
      vertex 22.5 -16.1679 24.697
      vertex 22.5 -13.6524 22.8849
    endloop
  endfacet
  facet normal 1 -0 0
    outer loop
      vertex 22.5 -16.477 23.8956
      vertex 22.5 -13.6524 22.8849
      vertex 22.5 -16.1679 24.697
    endloop
  endfacet
  facet normal 1 0 0
    outer loop
      vertex 22.5 -13.6524 22.8849
      vertex 22.5 -16.477 23.8956
      vertex 22.5 -13.8756 22.2091
    endloop
  endfacet
  facet normal 1 -0 0
    outer loop
      vertex 22.5 -16.7465 23.08
      vertex 22.5 -13.8756 22.2091
      vertex 22.5 -16.477 23.8956
    endloop
  endfacet
  facet normal 1 0 0
    outer loop
      vertex 22.5 -13.8756 22.2091
      vertex 22.5 -16.7465 23.08
      vertex 22.5 -14.0655 21.5232
    endloop
  endfacet
  facet normal 1 -0 0
    outer loop
      vertex 22.5 -16.9755 22.2522
      vertex 22.5 -14.0655 21.5232
      vertex 22.5 -16.7465 23.08
    endloop
  endfacet
  facet normal 1 0 0
    outer loop
      vertex 22.5 -14.0655 21.5232
      vertex 22.5 -16.9755 22.2522
      vertex 22.5 -14.2214 20.8288
    endloop
  endfacet
  facet normal 1 -0 0
    outer loop
      vertex 22.5 -17.1637 21.4141
      vertex 22.5 -14.2214 20.8288
      vertex 22.5 -16.9755 22.2522
    endloop
  endfacet
  facet normal 1 0 0
    outer loop
      vertex 22.5 -14.2214 20.8288
      vertex 22.5 -17.1637 21.4141
      vertex 22.5 -14.3431 20.1276
    endloop
  endfacet
  facet normal 1 -0 0
    outer loop
      vertex 22.5 -17.3106 20.5678
      vertex 22.5 -14.3431 20.1276
      vertex 22.5 -17.1637 21.4141
    endloop
  endfacet
  facet normal 1 0 0
    outer loop
      vertex 22.5 -14.3431 20.1276
      vertex 22.5 -17.3106 20.5678
      vertex 22.5 -14.4302 19.4212
    endloop
  endfacet
  facet normal 1 -0 0
    outer loop
      vertex 22.5 -17.4157 19.7153
      vertex 22.5 -14.4302 19.4212
      vertex 22.5 -17.3106 20.5678
    endloop
  endfacet
  facet normal 1 0 0
    outer loop
      vertex 22.5 -14.4302 19.4212
      vertex 22.5 -17.4157 19.7153
      vertex 22.5 -14.4825 18.7115
    endloop
  endfacet
  facet normal 1 -0 0
    outer loop
      vertex 22.5 -17.4789 18.8587
      vertex 22.5 -14.4825 18.7115
      vertex 22.5 -17.4157 19.7153
    endloop
  endfacet
  facet normal 1 0 0
    outer loop
      vertex 22.5 -14.4825 18.7115
      vertex 22.5 -17.4789 18.8587
      vertex 22.5 -14.4926 18.3
    endloop
  endfacet
  facet normal 1 0 0
    outer loop
      vertex 22.5 -14.4926 18.3
      vertex 22.5 -17.4789 18.8587
      vertex 22.5 -17.4926 18.3
    endloop
  endfacet
  facet normal 0 -0.963801 0.266623
    outer loop
      vertex 1.5 -16.9755 22.2522
      vertex 22.5 -16.7465 23.08
      vertex 1.5 -16.7465 23.08
    endloop
  endfacet
  facet normal 0 -0.963801 0.266623
    outer loop
      vertex 22.5 -16.7465 23.08
      vertex 1.5 -16.9755 22.2522
      vertex 22.5 -16.9755 22.2522
    endloop
  endfacet
  facet normal 0 -0.405263 0.9142
    outer loop
      vertex 1.5 -6.69696 34.1679
      vertex 22.5 -7.48221 33.8198
      vertex 22.5 -6.69696 34.1679
    endloop
  endfacet
  facet normal 0 -0.405263 0.9142
    outer loop
      vertex 22.5 -7.48221 33.8198
      vertex 1.5 -6.69696 34.1679
      vertex 1.5 -7.48221 33.8198
    endloop
  endfacet
  facet normal 0 -0.0245891 -0.999698
    outer loop
      vertex 1.5 0 32.5
      vertex 22.5 0.711481 32.4825
      vertex 22.5 0 32.5
    endloop
  endfacet
  facet normal -0 -0.0245891 -0.999698
    outer loop
      vertex 22.5 0.711481 32.4825
      vertex 1.5 0 32.5
      vertex 1.5 0.711481 32.4825
    endloop
  endfacet
  facet normal 0 -0.933008 -0.359855
    outer loop
      vertex 1.5 13.6524 22.8849
      vertex 22.5 13.3963 23.5489
      vertex 1.5 13.3963 23.5489
    endloop
  endfacet
  facet normal 0 -0.933008 -0.359855
    outer loop
      vertex 22.5 13.3963 23.5489
      vertex 1.5 13.6524 22.8849
      vertex 22.5 13.6524 22.8849
    endloop
  endfacet
  facet normal 0 0.122385 -0.992483
    outer loop
      vertex 1.5 -2.12759 32.3431
      vertex 22.5 -1.42125 32.4302
      vertex 22.5 -2.12759 32.3431
    endloop
  endfacet
  facet normal 0 0.122385 -0.992483
    outer loop
      vertex 22.5 -1.42125 32.4302
      vertex 1.5 -2.12759 32.3431
      vertex 1.5 -1.42125 32.4302
    endloop
  endfacet
  facet normal 0 0.405348 -0.914162
    outer loop
      vertex 1.5 -6.19955 31.1078
      vertex 22.5 -5.54891 31.3963
      vertex 22.5 -6.19955 31.1078
    endloop
  endfacet
  facet normal 0 0.405348 -0.914162
    outer loop
      vertex 22.5 -5.54891 31.3963
      vertex 1.5 -6.19955 31.1078
      vertex 1.5 -5.54891 31.3963
    endloop
  endfacet
  facet normal 0 -0.844834 -0.535029
    outer loop
      vertex 1.5 12.4371 25.4545
      vertex 22.5 12.0563 26.0558
      vertex 1.5 12.0563 26.0558
    endloop
  endfacet
  facet normal 0 -0.844834 -0.535029
    outer loop
      vertex 22.5 12.0563 26.0558
      vertex 1.5 12.4371 25.4545
      vertex 22.5 12.4371 25.4545
    endloop
  endfacet
  facet normal 0 -0.266818 -0.963747
    outer loop
      vertex 1.5 3.52321 32.0655
      vertex 22.5 4.20913 31.8756
      vertex 22.5 3.52321 32.0655
    endloop
  endfacet
  facet normal -0 -0.266818 -0.963747
    outer loop
      vertex 22.5 4.20913 31.8756
      vertex 1.5 3.52321 32.0655
      vertex 1.5 4.20913 31.8756
    endloop
  endfacet
  facet normal 0 -0.999699 -0.024537
    outer loop
      vertex 1.5 14.4926 18.3
      vertex 22.5 14.4825 18.7115
      vertex 1.5 14.4825 18.7115
    endloop
  endfacet
  facet normal 0 -0.999699 -0.024537
    outer loop
      vertex 22.5 14.4825 18.7115
      vertex 1.5 14.4926 18.3
      vertex 22.5 14.4926 18.3
    endloop
  endfacet
  facet normal 0 0.933008 -0.359855
    outer loop
      vertex 22.5 -13.6524 22.8849
      vertex 1.5 -13.3963 23.5489
      vertex 22.5 -13.3963 23.5489
    endloop
  endfacet
  facet normal 0 0.933008 -0.359855
    outer loop
      vertex 1.5 -13.3963 23.5489
      vertex 22.5 -13.6524 22.8849
      vertex 1.5 -13.6524 22.8849
    endloop
  endfacet
  facet normal 0 -0.87007 -0.492927
    outer loop
      vertex 1.5 12.7879 24.8353
      vertex 22.5 12.4371 25.4545
      vertex 1.5 12.4371 25.4545
    endloop
  endfacet
  facet normal 0 -0.87007 -0.492927
    outer loop
      vertex 22.5 12.4371 25.4545
      vertex 1.5 12.7879 24.8353
      vertex 22.5 12.7879 24.8353
    endloop
  endfacet
  facet normal 0 0.653206 -0.75718
    outer loop
      vertex 1.5 -9.7376 28.7438
      vertex 22.5 -9.1987 29.2087
      vertex 22.5 -9.7376 28.7438
    endloop
  endfacet
  facet normal 0 0.653206 -0.75718
    outer loop
      vertex 22.5 -9.1987 29.2087
      vertex 1.5 -9.7376 28.7438
      vertex 1.5 -9.1987 29.2087
    endloop
  endfacet
  facet normal 0 0.313626 -0.949547
    outer loop
      vertex 1.5 -4.8849 31.6524
      vertex 22.5 -4.20913 31.8756
      vertex 22.5 -4.8849 31.6524
    endloop
  endfacet
  facet normal 0 0.313626 -0.949547
    outer loop
      vertex 22.5 -4.20913 31.8756
      vertex 1.5 -4.8849 31.6524
      vertex 1.5 -4.20913 31.8756
    endloop
  endfacet
  facet normal 0 -0.98527 -0.171003
    outer loop
      vertex 1.5 14.3431 20.1276
      vertex 22.5 14.2214 20.8288
      vertex 1.5 14.2214 20.8288
    endloop
  endfacet
  facet normal 0 -0.98527 -0.171003
    outer loop
      vertex 22.5 14.2214 20.8288
      vertex 1.5 14.3431 20.1276
      vertex 22.5 14.3431 20.1276
    endloop
  endfacet
  facet normal 0 0.689613 -0.724178
    outer loop
      vertex 1.5 -10.253 28.253
      vertex 22.5 -9.7376 28.7438
      vertex 22.5 -10.253 28.253
    endloop
  endfacet
  facet normal 0 0.689613 -0.724178
    outer loop
      vertex 22.5 -9.7376 28.7438
      vertex 1.5 -10.253 28.253
      vertex 1.5 -9.7376 28.7438
    endloop
  endfacet
  facet normal 0 -0.492903 -0.870084
    outer loop
      vertex 1.5 6.83525 30.7879
      vertex 22.5 7.45449 30.4371
      vertex 22.5 6.83525 30.7879
    endloop
  endfacet
  facet normal -0 -0.492903 -0.870084
    outer loop
      vertex 22.5 7.45449 30.4371
      vertex 1.5 6.83525 30.7879
      vertex 1.5 7.45449 30.4371
    endloop
  endfacet
  facet normal 0 -0.975712 -0.219057
    outer loop
      vertex 1.5 14.2214 20.8288
      vertex 22.5 14.0655 21.5232
      vertex 1.5 14.0655 21.5232
    endloop
  endfacet
  facet normal 0 -0.975712 -0.219057
    outer loop
      vertex 22.5 14.0655 21.5232
      vertex 1.5 14.2214 20.8288
      vertex 22.5 14.2214 20.8288
    endloop
  endfacet
  facet normal 0 0.817552 -0.575855
    outer loop
      vertex 22.5 -12.0563 26.0558
      vertex 1.5 -11.6465 26.6376
      vertex 22.5 -11.6465 26.6376
    endloop
  endfacet
  facet normal 0 0.817552 -0.575855
    outer loop
      vertex 1.5 -11.6465 26.6376
      vertex 22.5 -12.0563 26.0558
      vertex 1.5 -12.0563 26.0558
    endloop
  endfacet
  facet normal 0 0.35985 -0.93301
    outer loop
      vertex 1.5 -5.54891 31.3963
      vertex 22.5 -4.8849 31.6524
      vertex 22.5 -5.54891 31.3963
    endloop
  endfacet
  facet normal 0 0.35985 -0.93301
    outer loop
      vertex 22.5 -4.8849 31.6524
      vertex 1.5 -5.54891 31.3963
      vertex 1.5 -4.8849 31.6524
    endloop
  endfacet
  facet normal 0 -0.914153 -0.405369
    outer loop
      vertex 1.5 13.3963 23.5489
      vertex 22.5 13.1078 24.1995
      vertex 1.5 13.1078 24.1995
    endloop
  endfacet
  facet normal 0 -0.914153 -0.405369
    outer loop
      vertex 22.5 13.1078 24.1995
      vertex 1.5 13.3963 23.5489
      vertex 22.5 13.3963 23.5489
    endloop
  endfacet
  facet normal 0 0.170998 -0.985271
    outer loop
      vertex 1.5 -2.82881 32.2214
      vertex 22.5 -2.12759 32.3431
      vertex 22.5 -2.82881 32.2214
    endloop
  endfacet
  facet normal 0 0.170998 -0.985271
    outer loop
      vertex 22.5 -2.12759 32.3431
      vertex 1.5 -2.82881 32.2214
      vertex 1.5 -2.12759 32.3431
    endloop
  endfacet
  facet normal 0 -0.8933 -0.44946
    outer loop
      vertex 1.5 13.1078 24.1995
      vertex 22.5 12.7879 24.8353
      vertex 1.5 12.7879 24.8353
    endloop
  endfacet
  facet normal 0 -0.8933 -0.44946
    outer loop
      vertex 22.5 12.7879 24.8353
      vertex 1.5 13.1078 24.1995
      vertex 22.5 13.1078 24.1995
    endloop
  endfacet
  facet normal 0 -0.219057 -0.975712
    outer loop
      vertex 1.5 2.82881 32.2214
      vertex 22.5 3.52321 32.0655
      vertex 22.5 2.82881 32.2214
    endloop
  endfacet
  facet normal -0 -0.219057 -0.975712
    outer loop
      vertex 22.5 3.52321 32.0655
      vertex 1.5 2.82881 32.2214
      vertex 1.5 3.52321 32.0655
    endloop
  endfacet
  facet normal 0 0.75718 -0.653206
    outer loop
      vertex 22.5 -11.2087 27.1987
      vertex 1.5 -10.7438 27.7376
      vertex 22.5 -10.7438 27.7376
    endloop
  endfacet
  facet normal 0 0.75718 -0.653206
    outer loop
      vertex 1.5 -10.7438 27.7376
      vertex 22.5 -11.2087 27.1987
      vertex 1.5 -11.2087 27.1987
    endloop
  endfacet
  facet normal 0 0.0734867 -0.997296
    outer loop
      vertex 1.5 -1.42125 32.4302
      vertex 22.5 -0.711481 32.4825
      vertex 22.5 -1.42125 32.4302
    endloop
  endfacet
  facet normal 0 0.0734867 -0.997296
    outer loop
      vertex 22.5 -0.711481 32.4825
      vertex 1.5 -1.42125 32.4302
      vertex 1.5 -0.711481 32.4825
    endloop
  endfacet
  facet normal 0 -0.35985 -0.93301
    outer loop
      vertex 1.5 4.8849 31.6524
      vertex 22.5 5.54891 31.3963
      vertex 22.5 4.8849 31.6524
    endloop
  endfacet
  facet normal -0 -0.35985 -0.93301
    outer loop
      vertex 22.5 5.54891 31.3963
      vertex 1.5 4.8849 31.6524
      vertex 1.5 5.54891 31.3963
    endloop
  endfacet
  facet normal 0 0.975712 -0.219057
    outer loop
      vertex 22.5 -14.2214 20.8288
      vertex 1.5 -14.0655 21.5232
      vertex 22.5 -14.0655 21.5232
    endloop
  endfacet
  facet normal 0 0.975712 -0.219057
    outer loop
      vertex 1.5 -14.0655 21.5232
      vertex 22.5 -14.2214 20.8288
      vertex 1.5 -14.2214 20.8288
    endloop
  endfacet
  facet normal 0 -0.170998 -0.985271
    outer loop
      vertex 1.5 2.12759 32.3431
      vertex 22.5 2.82881 32.2214
      vertex 22.5 2.12759 32.3431
    endloop
  endfacet
  facet normal -0 -0.170998 -0.985271
    outer loop
      vertex 22.5 2.82881 32.2214
      vertex 1.5 2.12759 32.3431
      vertex 1.5 2.82881 32.2214
    endloop
  endfacet
  facet normal 0 -0.653206 -0.75718
    outer loop
      vertex 1.5 9.1987 29.2087
      vertex 22.5 9.7376 28.7438
      vertex 22.5 9.1987 29.2087
    endloop
  endfacet
  facet normal -0 -0.653206 -0.75718
    outer loop
      vertex 22.5 9.7376 28.7438
      vertex 1.5 9.1987 29.2087
      vertex 1.5 9.7376 28.7438
    endloop
  endfacet
  facet normal 0 -0.689613 -0.724178
    outer loop
      vertex 1.5 9.7376 28.7438
      vertex 22.5 10.253 28.253
      vertex 22.5 9.7376 28.7438
    endloop
  endfacet
  facet normal -0 -0.689613 -0.724178
    outer loop
      vertex 22.5 10.253 28.253
      vertex 1.5 9.7376 28.7438
      vertex 1.5 10.253 28.253
    endloop
  endfacet
  facet normal 0 -0.0734867 -0.997296
    outer loop
      vertex 1.5 0.711481 32.4825
      vertex 22.5 1.42125 32.4302
      vertex 22.5 0.711481 32.4825
    endloop
  endfacet
  facet normal -0 -0.0734867 -0.997296
    outer loop
      vertex 22.5 1.42125 32.4302
      vertex 1.5 0.711481 32.4825
      vertex 1.5 1.42125 32.4302
    endloop
  endfacet
  facet normal 0 -0.724178 -0.689613
    outer loop
      vertex 1.5 10.7438 27.7376
      vertex 22.5 10.253 28.253
      vertex 1.5 10.253 28.253
    endloop
  endfacet
  facet normal 0 -0.724178 -0.689613
    outer loop
      vertex 22.5 10.253 28.253
      vertex 1.5 10.7438 27.7376
      vertex 22.5 10.7438 27.7376
    endloop
  endfacet
  facet normal 0 -0.75718 -0.653206
    outer loop
      vertex 1.5 11.2087 27.1987
      vertex 22.5 10.7438 27.7376
      vertex 1.5 10.7438 27.7376
    endloop
  endfacet
  facet normal 0 -0.75718 -0.653206
    outer loop
      vertex 22.5 10.7438 27.7376
      vertex 1.5 11.2087 27.1987
      vertex 22.5 11.2087 27.1987
    endloop
  endfacet
  facet normal 0 0.449517 -0.893272
    outer loop
      vertex 1.5 -6.83525 30.7879
      vertex 22.5 -6.19955 31.1078
      vertex 22.5 -6.83525 30.7879
    endloop
  endfacet
  facet normal 0 0.449517 -0.893272
    outer loop
      vertex 22.5 -6.19955 31.1078
      vertex 1.5 -6.83525 30.7879
      vertex 1.5 -6.19955 31.1078
    endloop
  endfacet
  facet normal 0 -0.992484 -0.122375
    outer loop
      vertex 1.5 14.4302 19.4212
      vertex 22.5 14.3431 20.1276
      vertex 1.5 14.3431 20.1276
    endloop
  endfacet
  facet normal 0 -0.992484 -0.122375
    outer loop
      vertex 22.5 14.3431 20.1276
      vertex 1.5 14.4302 19.4212
      vertex 22.5 14.4302 19.4212
    endloop
  endfacet
  facet normal 0 0.492903 -0.870084
    outer loop
      vertex 1.5 -7.45449 30.4371
      vertex 22.5 -6.83525 30.7879
      vertex 22.5 -7.45449 30.4371
    endloop
  endfacet
  facet normal 0 0.492903 -0.870084
    outer loop
      vertex 22.5 -6.83525 30.7879
      vertex 1.5 -7.45449 30.4371
      vertex 1.5 -6.83525 30.7879
    endloop
  endfacet
  facet normal 0 0.87007 -0.492927
    outer loop
      vertex 22.5 -12.7879 24.8353
      vertex 1.5 -12.4371 25.4545
      vertex 22.5 -12.4371 25.4545
    endloop
  endfacet
  facet normal 0 0.87007 -0.492927
    outer loop
      vertex 1.5 -12.4371 25.4545
      vertex 22.5 -12.7879 24.8353
      vertex 1.5 -12.7879 24.8353
    endloop
  endfacet
  facet normal 0 -0.997296 -0.0734938
    outer loop
      vertex 1.5 14.4825 18.7115
      vertex 22.5 14.4302 19.4212
      vertex 1.5 14.4302 19.4212
    endloop
  endfacet
  facet normal 0 -0.997296 -0.0734938
    outer loop
      vertex 22.5 14.4302 19.4212
      vertex 1.5 14.4825 18.7115
      vertex 22.5 14.4825 18.7115
    endloop
  endfacet
  facet normal 0 -0.122385 -0.992483
    outer loop
      vertex 1.5 1.42125 32.4302
      vertex 22.5 2.12759 32.3431
      vertex 22.5 1.42125 32.4302
    endloop
  endfacet
  facet normal -0 -0.122385 -0.992483
    outer loop
      vertex 22.5 2.12759 32.3431
      vertex 1.5 1.42125 32.4302
      vertex 1.5 2.12759 32.3431
    endloop
  endfacet
  facet normal 0 -0.949551 -0.313613
    outer loop
      vertex 1.5 13.8756 22.2091
      vertex 22.5 13.6524 22.8849
      vertex 1.5 13.6524 22.8849
    endloop
  endfacet
  facet normal 0 -0.949551 -0.313613
    outer loop
      vertex 22.5 13.6524 22.8849
      vertex 1.5 13.8756 22.2091
      vertex 22.5 13.8756 22.2091
    endloop
  endfacet
  facet normal 0 0.615183 -0.788384
    outer loop
      vertex 1.5 -9.1987 29.2087
      vertex 22.5 -8.63764 29.6465
      vertex 22.5 -9.1987 29.2087
    endloop
  endfacet
  facet normal 0 0.615183 -0.788384
    outer loop
      vertex 22.5 -8.63764 29.6465
      vertex 1.5 -9.1987 29.2087
      vertex 1.5 -8.63764 29.6465
    endloop
  endfacet
  facet normal 0 -0.449517 -0.893272
    outer loop
      vertex 1.5 6.19955 31.1078
      vertex 22.5 6.83525 30.7879
      vertex 22.5 6.19955 31.1078
    endloop
  endfacet
  facet normal -0 -0.449517 -0.893272
    outer loop
      vertex 22.5 6.83525 30.7879
      vertex 1.5 6.19955 31.1078
      vertex 1.5 6.83525 30.7879
    endloop
  endfacet
  facet normal 0 -0.535041 -0.844826
    outer loop
      vertex 1.5 7.45449 30.4371
      vertex 22.5 8.05577 30.0563
      vertex 22.5 7.45449 30.4371
    endloop
  endfacet
  facet normal -0 -0.535041 -0.844826
    outer loop
      vertex 22.5 8.05577 30.0563
      vertex 1.5 7.45449 30.4371
      vertex 1.5 8.05577 30.0563
    endloop
  endfacet
  facet normal 0 0.997296 -0.0734938
    outer loop
      vertex 22.5 -14.4825 18.7115
      vertex 1.5 -14.4302 19.4212
      vertex 22.5 -14.4302 19.4212
    endloop
  endfacet
  facet normal 0 0.997296 -0.0734938
    outer loop
      vertex 1.5 -14.4302 19.4212
      vertex 22.5 -14.4825 18.7115
      vertex 1.5 -14.4825 18.7115
    endloop
  endfacet
  facet normal 0 -0.313626 -0.949547
    outer loop
      vertex 1.5 4.20913 31.8756
      vertex 22.5 4.8849 31.6524
      vertex 22.5 4.20913 31.8756
    endloop
  endfacet
  facet normal -0 -0.313626 -0.949547
    outer loop
      vertex 22.5 4.8849 31.6524
      vertex 1.5 4.20913 31.8756
      vertex 1.5 4.8849 31.6524
    endloop
  endfacet
  facet normal 0 0.0245891 -0.999698
    outer loop
      vertex 1.5 -0.711481 32.4825
      vertex 22.5 0 32.5
      vertex 22.5 -0.711481 32.4825
    endloop
  endfacet
  facet normal 0 0.0245891 -0.999698
    outer loop
      vertex 22.5 0 32.5
      vertex 1.5 -0.711481 32.4825
      vertex 1.5 0 32.5
    endloop
  endfacet
  facet normal 0 0.844834 -0.535029
    outer loop
      vertex 22.5 -12.4371 25.4545
      vertex 1.5 -12.0563 26.0558
      vertex 22.5 -12.0563 26.0558
    endloop
  endfacet
  facet normal 0 0.844834 -0.535029
    outer loop
      vertex 1.5 -12.0563 26.0558
      vertex 22.5 -12.4371 25.4545
      vertex 1.5 -12.4371 25.4545
    endloop
  endfacet
  facet normal 0 -0.615183 -0.788384
    outer loop
      vertex 1.5 8.63764 29.6465
      vertex 22.5 9.1987 29.2087
      vertex 22.5 8.63764 29.6465
    endloop
  endfacet
  facet normal -0 -0.615183 -0.788384
    outer loop
      vertex 22.5 9.1987 29.2087
      vertex 1.5 8.63764 29.6465
      vertex 1.5 9.1987 29.2087
    endloop
  endfacet
  facet normal 0 0.992484 -0.122375
    outer loop
      vertex 22.5 -14.4302 19.4212
      vertex 1.5 -14.3431 20.1276
      vertex 22.5 -14.3431 20.1276
    endloop
  endfacet
  facet normal 0 0.992484 -0.122375
    outer loop
      vertex 1.5 -14.3431 20.1276
      vertex 22.5 -14.4302 19.4212
      vertex 1.5 -14.4302 19.4212
    endloop
  endfacet
  facet normal 0 0.98527 -0.171003
    outer loop
      vertex 22.5 -14.3431 20.1276
      vertex 1.5 -14.2214 20.8288
      vertex 22.5 -14.2214 20.8288
    endloop
  endfacet
  facet normal 0 0.98527 -0.171003
    outer loop
      vertex 1.5 -14.2214 20.8288
      vertex 22.5 -14.3431 20.1276
      vertex 1.5 -14.3431 20.1276
    endloop
  endfacet
  facet normal 0 -0.405348 -0.914162
    outer loop
      vertex 1.5 5.54891 31.3963
      vertex 22.5 6.19955 31.1078
      vertex 22.5 5.54891 31.3963
    endloop
  endfacet
  facet normal -0 -0.405348 -0.914162
    outer loop
      vertex 22.5 6.19955 31.1078
      vertex 1.5 5.54891 31.3963
      vertex 1.5 6.19955 31.1078
    endloop
  endfacet
  facet normal 0 0.724178 -0.689613
    outer loop
      vertex 22.5 -10.7438 27.7376
      vertex 1.5 -10.253 28.253
      vertex 22.5 -10.253 28.253
    endloop
  endfacet
  facet normal 0 0.724178 -0.689613
    outer loop
      vertex 1.5 -10.253 28.253
      vertex 22.5 -10.7438 27.7376
      vertex 1.5 -10.7438 27.7376
    endloop
  endfacet
  facet normal 0 0.999699 -0.024537
    outer loop
      vertex 22.5 -14.4926 18.3
      vertex 1.5 -14.4825 18.7115
      vertex 22.5 -14.4825 18.7115
    endloop
  endfacet
  facet normal 0 0.999699 -0.024537
    outer loop
      vertex 1.5 -14.4825 18.7115
      vertex 22.5 -14.4926 18.3
      vertex 1.5 -14.4926 18.3
    endloop
  endfacet
  facet normal 0 0.575809 -0.817584
    outer loop
      vertex 1.5 -8.63764 29.6465
      vertex 22.5 -8.05577 30.0563
      vertex 22.5 -8.63764 29.6465
    endloop
  endfacet
  facet normal 0 0.575809 -0.817584
    outer loop
      vertex 22.5 -8.05577 30.0563
      vertex 1.5 -8.63764 29.6465
      vertex 1.5 -8.05577 30.0563
    endloop
  endfacet
  facet normal 0 0.949551 -0.313613
    outer loop
      vertex 22.5 -13.8756 22.2091
      vertex 1.5 -13.6524 22.8849
      vertex 22.5 -13.6524 22.8849
    endloop
  endfacet
  facet normal 0 0.949551 -0.313613
    outer loop
      vertex 1.5 -13.6524 22.8849
      vertex 22.5 -13.8756 22.2091
      vertex 1.5 -13.8756 22.2091
    endloop
  endfacet
  facet normal 0 0.8933 -0.44946
    outer loop
      vertex 22.5 -13.1078 24.1995
      vertex 1.5 -12.7879 24.8353
      vertex 22.5 -12.7879 24.8353
    endloop
  endfacet
  facet normal 0 0.8933 -0.44946
    outer loop
      vertex 1.5 -12.7879 24.8353
      vertex 22.5 -13.1078 24.1995
      vertex 1.5 -13.1078 24.1995
    endloop
  endfacet
  facet normal 0 0.535041 -0.844826
    outer loop
      vertex 1.5 -8.05577 30.0563
      vertex 22.5 -7.45449 30.4371
      vertex 22.5 -8.05577 30.0563
    endloop
  endfacet
  facet normal 0 0.535041 -0.844826
    outer loop
      vertex 22.5 -7.45449 30.4371
      vertex 1.5 -8.05577 30.0563
      vertex 1.5 -7.45449 30.4371
    endloop
  endfacet
  facet normal 0 -0.788406 -0.615156
    outer loop
      vertex 1.5 11.6465 26.6376
      vertex 22.5 11.2087 27.1987
      vertex 1.5 11.2087 27.1987
    endloop
  endfacet
  facet normal 0 -0.788406 -0.615156
    outer loop
      vertex 22.5 11.2087 27.1987
      vertex 1.5 11.6465 26.6376
      vertex 22.5 11.6465 26.6376
    endloop
  endfacet
  facet normal 0 -0.817552 -0.575855
    outer loop
      vertex 1.5 12.0563 26.0558
      vertex 22.5 11.6465 26.6376
      vertex 1.5 11.6465 26.6376
    endloop
  endfacet
  facet normal 0 -0.817552 -0.575855
    outer loop
      vertex 22.5 11.6465 26.6376
      vertex 1.5 12.0563 26.0558
      vertex 22.5 12.0563 26.0558
    endloop
  endfacet
  facet normal 0 -0.963745 -0.266825
    outer loop
      vertex 1.5 14.0655 21.5232
      vertex 22.5 13.8756 22.2091
      vertex 1.5 13.8756 22.2091
    endloop
  endfacet
  facet normal 0 -0.963745 -0.266825
    outer loop
      vertex 22.5 13.8756 22.2091
      vertex 1.5 14.0655 21.5232
      vertex 22.5 14.0655 21.5232
    endloop
  endfacet
  facet normal 0 0.266818 -0.963747
    outer loop
      vertex 1.5 -4.20913 31.8756
      vertex 22.5 -3.52321 32.0655
      vertex 22.5 -4.20913 31.8756
    endloop
  endfacet
  facet normal 0 0.266818 -0.963747
    outer loop
      vertex 22.5 -3.52321 32.0655
      vertex 1.5 -4.20913 31.8756
      vertex 1.5 -3.52321 32.0655
    endloop
  endfacet
  facet normal 0 0.219057 -0.975712
    outer loop
      vertex 1.5 -3.52321 32.0655
      vertex 22.5 -2.82881 32.2214
      vertex 22.5 -3.52321 32.0655
    endloop
  endfacet
  facet normal 0 0.219057 -0.975712
    outer loop
      vertex 22.5 -2.82881 32.2214
      vertex 1.5 -3.52321 32.0655
      vertex 1.5 -2.82881 32.2214
    endloop
  endfacet
  facet normal 0 -0.575809 -0.817584
    outer loop
      vertex 1.5 8.05577 30.0563
      vertex 22.5 8.63764 29.6465
      vertex 22.5 8.05577 30.0563
    endloop
  endfacet
  facet normal -0 -0.575809 -0.817584
    outer loop
      vertex 22.5 8.63764 29.6465
      vertex 1.5 8.05577 30.0563
      vertex 1.5 8.63764 29.6465
    endloop
  endfacet
  facet normal 0 0.963745 -0.266825
    outer loop
      vertex 22.5 -14.0655 21.5232
      vertex 1.5 -13.8756 22.2091
      vertex 22.5 -13.8756 22.2091
    endloop
  endfacet
  facet normal 0 0.963745 -0.266825
    outer loop
      vertex 1.5 -13.8756 22.2091
      vertex 22.5 -14.0655 21.5232
      vertex 1.5 -14.0655 21.5232
    endloop
  endfacet
  facet normal 0 0.788406 -0.615156
    outer loop
      vertex 22.5 -11.6465 26.6376
      vertex 1.5 -11.2087 27.1987
      vertex 22.5 -11.2087 27.1987
    endloop
  endfacet
  facet normal 0 0.788406 -0.615156
    outer loop
      vertex 1.5 -11.2087 27.1987
      vertex 22.5 -11.6465 26.6376
      vertex 1.5 -11.6465 26.6376
    endloop
  endfacet
  facet normal 0 0.914153 -0.405369
    outer loop
      vertex 22.5 -13.3963 23.5489
      vertex 1.5 -13.1078 24.1995
      vertex 22.5 -13.1078 24.1995
    endloop
  endfacet
  facet normal 0 0.914153 -0.405369
    outer loop
      vertex 1.5 -13.1078 24.1995
      vertex 22.5 -13.3963 23.5489
      vertex 1.5 -13.3963 23.5489
    endloop
  endfacet
  facet normal 0 0 -1
    outer loop
      vertex 22.5 14.4926 18.3
      vertex 16 17.4926 18.3
      vertex 22.5 17.4926 18.3
    endloop
  endfacet
  facet normal 0 0 -1
    outer loop
      vertex 13.4581 20.326 18.3
      vertex 16 21.2 18.3
      vertex 16 17.4926 18.3
    endloop
  endfacet
  facet normal 0 -0 -1
    outer loop
      vertex 13.5368 20.4732 18.3
      vertex 16 21.2 18.3
      vertex 13.4993 20.3986 18.3
    endloop
  endfacet
  facet normal 0 -0 -1
    outer loop
      vertex 13.6006 20.6273 18.3
      vertex 16 21.2 18.3
      vertex 13.5706 20.5494 18.3
    endloop
  endfacet
  facet normal 0 -0 -1
    outer loop
      vertex 13.6491 20.7869 18.3
      vertex 16 21.2 18.3
      vertex 13.6268 20.7065 18.3
    endloop
  endfacet
  facet normal 0 -0 -1
    outer loop
      vertex 13.6673 20.8683 18.3
      vertex 16 21.2 18.3
      vertex 13.6491 20.7869 18.3
    endloop
  endfacet
  facet normal 0 -0 -1
    outer loop
      vertex 13.6918 21.0334 18.3
      vertex 16 21.2 18.3
      vertex 13.6816 20.9506 18.3
    endloop
  endfacet
  facet normal 0 -0 -1
    outer loop
      vertex 13.7 21.2 18.3
      vertex 16 21.2 18.3
      vertex 13.698 21.1166 18.3
    endloop
  endfacet
  facet normal 0 0 -1
    outer loop
      vertex 16 21.2 18.3
      vertex 13.7 21.2 18.3
      vertex 15.9952 21.3963 18.3
    endloop
  endfacet
  facet normal -0 0 -1
    outer loop
      vertex 15.9952 21.3963 18.3
      vertex 13.698 21.2834 18.3
      vertex 15.9807 21.5921 18.3
    endloop
  endfacet
  facet normal -0 0 -1
    outer loop
      vertex 15.9807 21.5921 18.3
      vertex 13.6918 21.3666 18.3
      vertex 15.9567 21.7869 18.3
    endloop
  endfacet
  facet normal 0 0 -1
    outer loop
      vertex 13.6816 21.4494 18.3
      vertex 15.9567 21.7869 18.3
      vertex 13.6918 21.3666 18.3
    endloop
  endfacet
  facet normal 0 0 -1
    outer loop
      vertex 13.6673 21.5317 18.3
      vertex 15.9231 21.9804 18.3
      vertex 13.6816 21.4494 18.3
    endloop
  endfacet
  facet normal 0 0 -1
    outer loop
      vertex 13.6491 21.6131 18.3
      vertex 15.8801 22.1719 18.3
      vertex 13.6673 21.5317 18.3
    endloop
  endfacet
  facet normal -0 0 -1
    outer loop
      vertex 15.8801 22.1719 18.3
      vertex 13.6491 21.6131 18.3
      vertex 15.8278 22.3611 18.3
    endloop
  endfacet
  facet normal -0 0 -1
    outer loop
      vertex 15.8278 22.3611 18.3
      vertex 13.6268 21.6935 18.3
      vertex 15.7662 22.5476 18.3
    endloop
  endfacet
  facet normal -0 0 -1
    outer loop
      vertex 15.7662 22.5476 18.3
      vertex 13.6006 21.7727 18.3
      vertex 15.6955 22.7307 18.3
    endloop
  endfacet
  facet normal 0 0 -1
    outer loop
      vertex 13.5706 21.8506 18.3
      vertex 15.6955 22.7307 18.3
      vertex 13.6006 21.7727 18.3
    endloop
  endfacet
  facet normal 0 0 -1
    outer loop
      vertex 13.5368 21.9268 18.3
      vertex 15.616 22.9102 18.3
      vertex 13.5706 21.8506 18.3
    endloop
  endfacet
  facet normal -0 0 -1
    outer loop
      vertex 15.616 22.9102 18.3
      vertex 13.5368 21.9268 18.3
      vertex 15.5277 23.0856 18.3
    endloop
  endfacet
  facet normal -0 0 -1
    outer loop
      vertex 15.5277 23.0856 18.3
      vertex 13.4993 22.0014 18.3
      vertex 15.4309 23.2564 18.3
    endloop
  endfacet
  facet normal -0 0 -1
    outer loop
      vertex 15.4309 23.2564 18.3
      vertex 13.4581 22.074 18.3
      vertex 15.3259 23.4223 18.3
    endloop
  endfacet
  facet normal 0 0 -1
    outer loop
      vertex 13.4135 22.1445 18.3
      vertex 15.3259 23.4223 18.3
      vertex 13.4581 22.074 18.3
    endloop
  endfacet
  facet normal 0 0 -1
    outer loop
      vertex 13.3655 22.2127 18.3
      vertex 15.2128 23.5828 18.3
      vertex 13.4135 22.1445 18.3
    endloop
  endfacet
  facet normal -0 0 -1
    outer loop
      vertex 15.6955 22.7307 18.3
      vertex 13.5706 21.8506 18.3
      vertex 15.616 22.9102 18.3
    endloop
  endfacet
  facet normal 0 0 -1
    outer loop
      vertex 13.6006 21.7727 18.3
      vertex 15.7662 22.5476 18.3
      vertex 13.6268 21.6935 18.3
    endloop
  endfacet
  facet normal 0 0 -1
    outer loop
      vertex 13.6268 21.6935 18.3
      vertex 15.8278 22.3611 18.3
      vertex 13.6491 21.6131 18.3
    endloop
  endfacet
  facet normal -0 0 -1
    outer loop
      vertex 15.9231 21.9804 18.3
      vertex 13.6673 21.5317 18.3
      vertex 15.8801 22.1719 18.3
    endloop
  endfacet
  facet normal -0 0 -1
    outer loop
      vertex 15.9567 21.7869 18.3
      vertex 13.6816 21.4494 18.3
      vertex 15.9231 21.9804 18.3
    endloop
  endfacet
  facet normal 0 0 -1
    outer loop
      vertex 13.6918 21.3666 18.3
      vertex 15.9807 21.5921 18.3
      vertex 13.698 21.2834 18.3
    endloop
  endfacet
  facet normal 0 0 -1
    outer loop
      vertex 13.698 21.2834 18.3
      vertex 15.9952 21.3963 18.3
      vertex 13.7 21.2 18.3
    endloop
  endfacet
  facet normal 0 -0 -1
    outer loop
      vertex 13.698 21.1166 18.3
      vertex 16 21.2 18.3
      vertex 13.6918 21.0334 18.3
    endloop
  endfacet
  facet normal 0 -0 -1
    outer loop
      vertex 13.6816 20.9506 18.3
      vertex 16 21.2 18.3
      vertex 13.6673 20.8683 18.3
    endloop
  endfacet
  facet normal 0 -0 -1
    outer loop
      vertex 13.6268 20.7065 18.3
      vertex 16 21.2 18.3
      vertex 13.6006 20.6273 18.3
    endloop
  endfacet
  facet normal 0 -0 -1
    outer loop
      vertex 13.5706 20.5494 18.3
      vertex 16 21.2 18.3
      vertex 13.5368 20.4732 18.3
    endloop
  endfacet
  facet normal 0 0 -1
    outer loop
      vertex 16 21.2 18.3
      vertex 13.4581 20.326 18.3
      vertex 13.4993 20.3986 18.3
    endloop
  endfacet
  facet normal 0 0 -1
    outer loop
      vertex 16 17.4926 18.3
      vertex 13.4135 20.2555 18.3
      vertex 13.4581 20.326 18.3
    endloop
  endfacet
  facet normal 0 0 -1
    outer loop
      vertex 16 17.4926 18.3
      vertex 13.3655 20.1873 18.3
      vertex 13.4135 20.2555 18.3
    endloop
  endfacet
  facet normal 0 0 -1
    outer loop
      vertex 16 17.4926 18.3
      vertex 13.3141 20.1215 18.3
      vertex 13.3655 20.1873 18.3
    endloop
  endfacet
  facet normal 0 0 -1
    outer loop
      vertex 16 17.4926 18.3
      vertex 13.2596 20.0583 18.3
      vertex 13.3141 20.1215 18.3
    endloop
  endfacet
  facet normal 0 0 -1
    outer loop
      vertex 16 17.4926 18.3
      vertex 13.2021 19.9979 18.3
      vertex 13.2596 20.0583 18.3
    endloop
  endfacet
  facet normal 0 0 -1
    outer loop
      vertex 16 17.4926 18.3
      vertex 13.1417 19.9404 18.3
      vertex 13.2021 19.9979 18.3
    endloop
  endfacet
  facet normal 0 0 -1
    outer loop
      vertex 16 17.4926 18.3
      vertex 13.0785 19.8859 18.3
      vertex 13.1417 19.9404 18.3
    endloop
  endfacet
  facet normal 0 0 -1
    outer loop
      vertex 16 17.4926 18.3
      vertex 13.0127 19.8345 18.3
      vertex 13.0785 19.8859 18.3
    endloop
  endfacet
  facet normal 0 0 -1
    outer loop
      vertex 16 17.4926 18.3
      vertex 12.9445 19.7865 18.3
      vertex 13.0127 19.8345 18.3
    endloop
  endfacet
  facet normal 0 0 -1
    outer loop
      vertex 16 17.4926 18.3
      vertex 12.874 19.7419 18.3
      vertex 12.9445 19.7865 18.3
    endloop
  endfacet
  facet normal 0 0 -1
    outer loop
      vertex 16 17.4926 18.3
      vertex 12.8014 19.7007 18.3
      vertex 12.874 19.7419 18.3
    endloop
  endfacet
  facet normal 0 0 -1
    outer loop
      vertex 16 17.4926 18.3
      vertex 12.7268 19.6632 18.3
      vertex 12.8014 19.7007 18.3
    endloop
  endfacet
  facet normal 0 0 -1
    outer loop
      vertex 16 17.4926 18.3
      vertex 12.6506 19.6294 18.3
      vertex 12.7268 19.6632 18.3
    endloop
  endfacet
  facet normal 0 0 -1
    outer loop
      vertex 16 17.4926 18.3
      vertex 12.5727 19.5994 18.3
      vertex 12.6506 19.6294 18.3
    endloop
  endfacet
  facet normal 0 0 -1
    outer loop
      vertex 16 17.4926 18.3
      vertex 12.4935 19.5732 18.3
      vertex 12.5727 19.5994 18.3
    endloop
  endfacet
  facet normal 0 0 -1
    outer loop
      vertex 16 17.4926 18.3
      vertex 12.4131 19.5509 18.3
      vertex 12.4935 19.5732 18.3
    endloop
  endfacet
  facet normal 0 0 -1
    outer loop
      vertex 16 17.4926 18.3
      vertex 12.3317 19.5327 18.3
      vertex 12.4131 19.5509 18.3
    endloop
  endfacet
  facet normal 0 0 -1
    outer loop
      vertex 16 17.4926 18.3
      vertex 12.2494 19.5184 18.3
      vertex 12.3317 19.5327 18.3
    endloop
  endfacet
  facet normal 0 0 -1
    outer loop
      vertex 16 17.4926 18.3
      vertex 12.1666 19.5082 18.3
      vertex 12.2494 19.5184 18.3
    endloop
  endfacet
  facet normal 0 0 -1
    outer loop
      vertex 16 17.4926 18.3
      vertex 12.0834 19.502 18.3
      vertex 12.1666 19.5082 18.3
    endloop
  endfacet
  facet normal 0 0 -1
    outer loop
      vertex 16 17.4926 18.3
      vertex 12 19.5 18.3
      vertex 12.0834 19.502 18.3
    endloop
  endfacet
  facet normal 0 0 -1
    outer loop
      vertex 8 17.4926 18.3
      vertex 12 19.5 18.3
      vertex 16 17.4926 18.3
    endloop
  endfacet
  facet normal -0 0 -1
    outer loop
      vertex 12 19.5 18.3
      vertex 8 17.4926 18.3
      vertex 11.9166 19.502 18.3
    endloop
  endfacet
  facet normal -0 0 -1
    outer loop
      vertex 11.9166 19.502 18.3
      vertex 8 17.4926 18.3
      vertex 11.8334 19.5082 18.3
    endloop
  endfacet
  facet normal -0 0 -1
    outer loop
      vertex 11.8334 19.5082 18.3
      vertex 8 17.4926 18.3
      vertex 11.7506 19.5184 18.3
    endloop
  endfacet
  facet normal -0 0 -1
    outer loop
      vertex 11.7506 19.5184 18.3
      vertex 8 17.4926 18.3
      vertex 11.6683 19.5327 18.3
    endloop
  endfacet
  facet normal -0 0 -1
    outer loop
      vertex 11.6683 19.5327 18.3
      vertex 8 17.4926 18.3
      vertex 11.5869 19.5509 18.3
    endloop
  endfacet
  facet normal -0 0 -1
    outer loop
      vertex 11.5869 19.5509 18.3
      vertex 8 17.4926 18.3
      vertex 11.5065 19.5732 18.3
    endloop
  endfacet
  facet normal 0 0 -1
    outer loop
      vertex 8 17.4926 18.3
      vertex 16 17.4926 18.3
      vertex 22.5 14.4926 18.3
    endloop
  endfacet
  facet normal -0 0 -1
    outer loop
      vertex 11.5065 19.5732 18.3
      vertex 8 17.4926 18.3
      vertex 11.4273 19.5994 18.3
    endloop
  endfacet
  facet normal -0 0 -1
    outer loop
      vertex 11.4273 19.5994 18.3
      vertex 8 17.4926 18.3
      vertex 11.3494 19.6294 18.3
    endloop
  endfacet
  facet normal 0 0 -1
    outer loop
      vertex 11.1986 22.6993 18.3
      vertex 10.1144 24.7277 18.3
      vertex 10.2898 24.816 18.3
    endloop
  endfacet
  facet normal 0 0 -1
    outer loop
      vertex 8 21.2 18.3
      vertex 10.3 21.2 18.3
      vertex 10.302 21.1166 18.3
    endloop
  endfacet
  facet normal 0 0 -1
    outer loop
      vertex 10.302 21.2834 18.3
      vertex 9.94359 24.6309 18.3
      vertex 10.1144 24.7277 18.3
    endloop
  endfacet
  facet normal 0 0 -1
    outer loop
      vertex 8 21.2 18.3
      vertex 10.302 21.1166 18.3
      vertex 10.3082 21.0334 18.3
    endloop
  endfacet
  facet normal 0 0 -1
    outer loop
      vertex 10.302 21.2834 18.3
      vertex 9.77772 24.5259 18.3
      vertex 9.94359 24.6309 18.3
    endloop
  endfacet
  facet normal 0 0 -1
    outer loop
      vertex 8 21.2 18.3
      vertex 10.3082 21.0334 18.3
      vertex 10.3184 20.9506 18.3
    endloop
  endfacet
  facet normal 0 0 -1
    outer loop
      vertex 10.302 21.2834 18.3
      vertex 9.6172 24.4128 18.3
      vertex 9.77772 24.5259 18.3
    endloop
  endfacet
  facet normal 0 0 -1
    outer loop
      vertex 8 21.2 18.3
      vertex 10.3184 20.9506 18.3
      vertex 10.3327 20.8683 18.3
    endloop
  endfacet
  facet normal 0 0 -1
    outer loop
      vertex 10.302 21.2834 18.3
      vertex 9.46243 24.292 18.3
      vertex 9.6172 24.4128 18.3
    endloop
  endfacet
  facet normal 0 0 -1
    outer loop
      vertex 8 21.2 18.3
      vertex 10.3327 20.8683 18.3
      vertex 10.3509 20.7869 18.3
    endloop
  endfacet
  facet normal 0 0 -1
    outer loop
      vertex 10.302 21.2834 18.3
      vertex 9.31376 24.1638 18.3
      vertex 9.46243 24.292 18.3
    endloop
  endfacet
  facet normal 0 0 -1
    outer loop
      vertex 8 21.2 18.3
      vertex 10.3509 20.7869 18.3
      vertex 10.3732 20.7065 18.3
    endloop
  endfacet
  facet normal 0 0 -1
    outer loop
      vertex 10.302 21.2834 18.3
      vertex 9.17157 24.0284 18.3
      vertex 9.31376 24.1638 18.3
    endloop
  endfacet
  facet normal 0 0 -1
    outer loop
      vertex 8 21.2 18.3
      vertex 10.3732 20.7065 18.3
      vertex 10.3994 20.6273 18.3
    endloop
  endfacet
  facet normal 0 0 -1
    outer loop
      vertex 10.302 21.2834 18.3
      vertex 9.03619 23.8862 18.3
      vertex 9.17157 24.0284 18.3
    endloop
  endfacet
  facet normal 0 0 -1
    outer loop
      vertex 8 21.2 18.3
      vertex 10.3994 20.6273 18.3
      vertex 10.4294 20.5494 18.3
    endloop
  endfacet
  facet normal 0 0 -1
    outer loop
      vertex 10.302 21.2834 18.3
      vertex 8.90796 23.7376 18.3
      vertex 9.03619 23.8862 18.3
    endloop
  endfacet
  facet normal 0 0 -1
    outer loop
      vertex 8 21.2 18.3
      vertex 10.4294 20.5494 18.3
      vertex 10.4632 20.4732 18.3
    endloop
  endfacet
  facet normal 0 0 -1
    outer loop
      vertex 10.302 21.2834 18.3
      vertex 8.78717 23.5828 18.3
      vertex 8.90796 23.7376 18.3
    endloop
  endfacet
  facet normal 0 0 -1
    outer loop
      vertex 8 21.2 18.3
      vertex 10.4632 20.4732 18.3
      vertex 10.5007 20.3986 18.3
    endloop
  endfacet
  facet normal 0 0 -1
    outer loop
      vertex 10.302 21.2834 18.3
      vertex 8.67412 23.4223 18.3
      vertex 8.78717 23.5828 18.3
    endloop
  endfacet
  facet normal 0 0 -1
    outer loop
      vertex 8 21.2 18.3
      vertex 10.5007 20.3986 18.3
      vertex 10.5419 20.326 18.3
    endloop
  endfacet
  facet normal 0 0 -1
    outer loop
      vertex 10.302 21.2834 18.3
      vertex 8.56909 23.2564 18.3
      vertex 8.67412 23.4223 18.3
    endloop
  endfacet
  facet normal 0 0 -1
    outer loop
      vertex 8 17.4926 18.3
      vertex 10.5419 20.326 18.3
      vertex 10.5865 20.2555 18.3
    endloop
  endfacet
  facet normal 0 0 -1
    outer loop
      vertex 10.302 21.2834 18.3
      vertex 8.47231 23.0856 18.3
      vertex 8.56909 23.2564 18.3
    endloop
  endfacet
  facet normal 0 0 -1
    outer loop
      vertex 8 17.4926 18.3
      vertex 10.5865 20.2555 18.3
      vertex 10.6345 20.1873 18.3
    endloop
  endfacet
  facet normal 0 0 -1
    outer loop
      vertex 10.302 21.2834 18.3
      vertex 8.38404 22.9102 18.3
      vertex 8.47231 23.0856 18.3
    endloop
  endfacet
  facet normal 0 0 -1
    outer loop
      vertex 8 17.4926 18.3
      vertex 10.6345 20.1873 18.3
      vertex 10.6859 20.1215 18.3
    endloop
  endfacet
  facet normal 0 0 -1
    outer loop
      vertex 10.302 21.2834 18.3
      vertex 8.30448 22.7307 18.3
      vertex 8.38404 22.9102 18.3
    endloop
  endfacet
  facet normal 0 0 -1
    outer loop
      vertex 8 17.4926 18.3
      vertex 10.6859 20.1215 18.3
      vertex 10.7404 20.0583 18.3
    endloop
  endfacet
  facet normal 0 0 -1
    outer loop
      vertex 10.302 21.2834 18.3
      vertex 8.23382 22.5476 18.3
      vertex 8.30448 22.7307 18.3
    endloop
  endfacet
  facet normal 0 0 -1
    outer loop
      vertex 8 17.4926 18.3
      vertex 10.7404 20.0583 18.3
      vertex 10.7979 19.9979 18.3
    endloop
  endfacet
  facet normal 0 0 -1
    outer loop
      vertex 10.302 21.2834 18.3
      vertex 8.17224 22.3611 18.3
      vertex 8.23382 22.5476 18.3
    endloop
  endfacet
  facet normal 0 0 -1
    outer loop
      vertex 8 17.4926 18.3
      vertex 10.7979 19.9979 18.3
      vertex 10.8583 19.9404 18.3
    endloop
  endfacet
  facet normal 0 0 -1
    outer loop
      vertex 10.302 21.2834 18.3
      vertex 8.11987 22.1719 18.3
      vertex 8.17224 22.3611 18.3
    endloop
  endfacet
  facet normal 0 0 -1
    outer loop
      vertex 8 17.4926 18.3
      vertex 10.8583 19.9404 18.3
      vertex 10.9215 19.8859 18.3
    endloop
  endfacet
  facet normal 0 0 -1
    outer loop
      vertex 10.302 21.2834 18.3
      vertex 8.07686 21.9804 18.3
      vertex 8.11987 22.1719 18.3
    endloop
  endfacet
  facet normal 0 0 -1
    outer loop
      vertex 8 17.4926 18.3
      vertex 10.9215 19.8859 18.3
      vertex 10.9873 19.8345 18.3
    endloop
  endfacet
  facet normal 0 0 -1
    outer loop
      vertex 10.302 21.2834 18.3
      vertex 8.04329 21.7869 18.3
      vertex 8.07686 21.9804 18.3
    endloop
  endfacet
  facet normal 0 0 -1
    outer loop
      vertex 8 17.4926 18.3
      vertex 10.9873 19.8345 18.3
      vertex 11.0555 19.7865 18.3
    endloop
  endfacet
  facet normal 0 0 -1
    outer loop
      vertex 10.302 21.2834 18.3
      vertex 8.01926 21.5921 18.3
      vertex 8.04329 21.7869 18.3
    endloop
  endfacet
  facet normal 0 0 -1
    outer loop
      vertex 8 17.4926 18.3
      vertex 11.0555 19.7865 18.3
      vertex 11.126 19.7419 18.3
    endloop
  endfacet
  facet normal 0 0 -1
    outer loop
      vertex 10.302 21.2834 18.3
      vertex 8.00482 21.3963 18.3
      vertex 8.01926 21.5921 18.3
    endloop
  endfacet
  facet normal 0 0 -1
    outer loop
      vertex 8 17.4926 18.3
      vertex 11.126 19.7419 18.3
      vertex 11.1986 19.7007 18.3
    endloop
  endfacet
  facet normal -0 0 -1
    outer loop
      vertex 10.5419 20.326 18.3
      vertex 8 17.4926 18.3
      vertex 8 21.2 18.3
    endloop
  endfacet
  facet normal -0 0 -1
    outer loop
      vertex 11.2732 19.6632 18.3
      vertex 8 17.4926 18.3
      vertex 11.1986 19.7007 18.3
    endloop
  endfacet
  facet normal -0 0 -1
    outer loop
      vertex 11.3494 19.6294 18.3
      vertex 8 17.4926 18.3
      vertex 11.2732 19.6632 18.3
    endloop
  endfacet
  facet normal 0 0 -1
    outer loop
      vertex 1.5 14.4926 18.3
      vertex 8 17.4926 18.3
      vertex 22.5 14.4926 18.3
    endloop
  endfacet
  facet normal -0 0 -1
    outer loop
      vertex 8 17.4926 18.3
      vertex 1.5 14.4926 18.3
      vertex 1.5 17.4926 18.3
    endloop
  endfacet
  facet normal 0 0 -1
    outer loop
      vertex 13.4993 22.0014 18.3
      vertex 15.5277 23.0856 18.3
      vertex 13.5368 21.9268 18.3
    endloop
  endfacet
  facet normal 0 0 -1
    outer loop
      vertex 13.4581 22.074 18.3
      vertex 15.4309 23.2564 18.3
      vertex 13.4993 22.0014 18.3
    endloop
  endfacet
  facet normal -0 0 -1
    outer loop
      vertex 15.3259 23.4223 18.3
      vertex 13.4135 22.1445 18.3
      vertex 15.2128 23.5828 18.3
    endloop
  endfacet
  facet normal -0 0 -1
    outer loop
      vertex 15.2128 23.5828 18.3
      vertex 13.3655 22.2127 18.3
      vertex 15.092 23.7376 18.3
    endloop
  endfacet
  facet normal 0 0 -1
    outer loop
      vertex 13.3141 22.2785 18.3
      vertex 15.092 23.7376 18.3
      vertex 13.3655 22.2127 18.3
    endloop
  endfacet
  facet normal -0 0 -1
    outer loop
      vertex 15.092 23.7376 18.3
      vertex 13.3141 22.2785 18.3
      vertex 14.9638 23.8862 18.3
    endloop
  endfacet
  facet normal 0 0 -1
    outer loop
      vertex 13.2596 22.3417 18.3
      vertex 14.9638 23.8862 18.3
      vertex 13.3141 22.2785 18.3
    endloop
  endfacet
  facet normal -0 0 -1
    outer loop
      vertex 14.9638 23.8862 18.3
      vertex 13.2596 22.3417 18.3
      vertex 14.8284 24.0284 18.3
    endloop
  endfacet
  facet normal 0 0 -1
    outer loop
      vertex 13.2021 22.4021 18.3
      vertex 14.8284 24.0284 18.3
      vertex 13.2596 22.3417 18.3
    endloop
  endfacet
  facet normal -0 0 -1
    outer loop
      vertex 14.8284 24.0284 18.3
      vertex 13.2021 22.4021 18.3
      vertex 14.6862 24.1638 18.3
    endloop
  endfacet
  facet normal 0 0 -1
    outer loop
      vertex 13.1417 22.4596 18.3
      vertex 14.6862 24.1638 18.3
      vertex 13.2021 22.4021 18.3
    endloop
  endfacet
  facet normal -0 0 -1
    outer loop
      vertex 14.6862 24.1638 18.3
      vertex 13.1417 22.4596 18.3
      vertex 14.5376 24.292 18.3
    endloop
  endfacet
  facet normal 0 0 -1
    outer loop
      vertex 13.0785 22.5141 18.3
      vertex 14.5376 24.292 18.3
      vertex 13.1417 22.4596 18.3
    endloop
  endfacet
  facet normal -0 0 -1
    outer loop
      vertex 14.5376 24.292 18.3
      vertex 13.0785 22.5141 18.3
      vertex 14.3828 24.4128 18.3
    endloop
  endfacet
  facet normal 0 0 -1
    outer loop
      vertex 13.0127 22.5655 18.3
      vertex 14.3828 24.4128 18.3
      vertex 13.0785 22.5141 18.3
    endloop
  endfacet
  facet normal -0 0 -1
    outer loop
      vertex 14.3828 24.4128 18.3
      vertex 13.0127 22.5655 18.3
      vertex 14.2223 24.5259 18.3
    endloop
  endfacet
  facet normal 0 0 -1
    outer loop
      vertex 12.9445 22.6135 18.3
      vertex 14.2223 24.5259 18.3
      vertex 13.0127 22.5655 18.3
    endloop
  endfacet
  facet normal -0 0 -1
    outer loop
      vertex 14.2223 24.5259 18.3
      vertex 12.9445 22.6135 18.3
      vertex 14.0564 24.6309 18.3
    endloop
  endfacet
  facet normal 0 0 -1
    outer loop
      vertex 12.874 22.6581 18.3
      vertex 14.0564 24.6309 18.3
      vertex 12.9445 22.6135 18.3
    endloop
  endfacet
  facet normal -0 0 -1
    outer loop
      vertex 14.0564 24.6309 18.3
      vertex 12.874 22.6581 18.3
      vertex 13.8856 24.7277 18.3
    endloop
  endfacet
  facet normal 0 0 -1
    outer loop
      vertex 12.8014 22.6993 18.3
      vertex 13.8856 24.7277 18.3
      vertex 12.874 22.6581 18.3
    endloop
  endfacet
  facet normal -0 0 -1
    outer loop
      vertex 13.8856 24.7277 18.3
      vertex 12.8014 22.6993 18.3
      vertex 13.7102 24.816 18.3
    endloop
  endfacet
  facet normal 0 0 -1
    outer loop
      vertex 12.7268 22.7368 18.3
      vertex 13.7102 24.816 18.3
      vertex 12.8014 22.6993 18.3
    endloop
  endfacet
  facet normal -0 0 -1
    outer loop
      vertex 13.7102 24.816 18.3
      vertex 12.7268 22.7368 18.3
      vertex 13.5307 24.8955 18.3
    endloop
  endfacet
  facet normal 0 0 -1
    outer loop
      vertex 12.6506 22.7706 18.3
      vertex 13.5307 24.8955 18.3
      vertex 12.7268 22.7368 18.3
    endloop
  endfacet
  facet normal -0 0 -1
    outer loop
      vertex 13.5307 24.8955 18.3
      vertex 12.6506 22.7706 18.3
      vertex 13.3476 24.9662 18.3
    endloop
  endfacet
  facet normal 0 0 -1
    outer loop
      vertex 12.5727 22.8006 18.3
      vertex 13.3476 24.9662 18.3
      vertex 12.6506 22.7706 18.3
    endloop
  endfacet
  facet normal -0 0 -1
    outer loop
      vertex 13.3476 24.9662 18.3
      vertex 12.5727 22.8006 18.3
      vertex 13.1611 25.0278 18.3
    endloop
  endfacet
  facet normal 0 0 -1
    outer loop
      vertex 12.4935 22.8268 18.3
      vertex 13.1611 25.0278 18.3
      vertex 12.5727 22.8006 18.3
    endloop
  endfacet
  facet normal -0 0 -1
    outer loop
      vertex 13.1611 25.0278 18.3
      vertex 12.4935 22.8268 18.3
      vertex 12.9719 25.0801 18.3
    endloop
  endfacet
  facet normal 0 0 -1
    outer loop
      vertex 12.4131 22.8491 18.3
      vertex 12.9719 25.0801 18.3
      vertex 12.4935 22.8268 18.3
    endloop
  endfacet
  facet normal -0 0 -1
    outer loop
      vertex 12.9719 25.0801 18.3
      vertex 12.4131 22.8491 18.3
      vertex 12.7804 25.1231 18.3
    endloop
  endfacet
  facet normal 0 0 -1
    outer loop
      vertex 12.3317 22.8673 18.3
      vertex 12.7804 25.1231 18.3
      vertex 12.4131 22.8491 18.3
    endloop
  endfacet
  facet normal -0 0 -1
    outer loop
      vertex 12.7804 25.1231 18.3
      vertex 12.3317 22.8673 18.3
      vertex 12.5869 25.1567 18.3
    endloop
  endfacet
  facet normal 0 0 -1
    outer loop
      vertex 12.2494 22.8816 18.3
      vertex 12.5869 25.1567 18.3
      vertex 12.3317 22.8673 18.3
    endloop
  endfacet
  facet normal -0 0 -1
    outer loop
      vertex 12.5869 25.1567 18.3
      vertex 12.2494 22.8816 18.3
      vertex 12.3921 25.1807 18.3
    endloop
  endfacet
  facet normal 0 0 -1
    outer loop
      vertex 12.1666 22.8918 18.3
      vertex 12.3921 25.1807 18.3
      vertex 12.2494 22.8816 18.3
    endloop
  endfacet
  facet normal -0 0 -1
    outer loop
      vertex 12.3921 25.1807 18.3
      vertex 12.1666 22.8918 18.3
      vertex 12.1963 25.1952 18.3
    endloop
  endfacet
  facet normal 0 0 -1
    outer loop
      vertex 12.0834 22.898 18.3
      vertex 12.1963 25.1952 18.3
      vertex 12.1666 22.8918 18.3
    endloop
  endfacet
  facet normal 0 0 -1
    outer loop
      vertex 12 22.9 18.3
      vertex 12.1963 25.1952 18.3
      vertex 12.0834 22.898 18.3
    endloop
  endfacet
  facet normal 0 0 -1
    outer loop
      vertex 12 22.9 18.3
      vertex 12 25.2 18.3
      vertex 12.1963 25.1952 18.3
    endloop
  endfacet
  facet normal 0 0 -1
    outer loop
      vertex 11.9166 22.898 18.3
      vertex 12 25.2 18.3
      vertex 12 22.9 18.3
    endloop
  endfacet
  facet normal 0 0 -1
    outer loop
      vertex 11.8037 25.1952 18.3
      vertex 11.9166 22.898 18.3
      vertex 11.8334 22.8918 18.3
    endloop
  endfacet
  facet normal 0 0 -1
    outer loop
      vertex 11.9166 22.898 18.3
      vertex 11.8037 25.1952 18.3
      vertex 12 25.2 18.3
    endloop
  endfacet
  facet normal 0 0 -1
    outer loop
      vertex 11.6079 25.1807 18.3
      vertex 11.8334 22.8918 18.3
      vertex 11.7506 22.8816 18.3
    endloop
  endfacet
  facet normal 0 0 -1
    outer loop
      vertex 11.4131 25.1567 18.3
      vertex 11.7506 22.8816 18.3
      vertex 11.6683 22.8673 18.3
    endloop
  endfacet
  facet normal 0 0 -1
    outer loop
      vertex 11.8334 22.8918 18.3
      vertex 11.6079 25.1807 18.3
      vertex 11.8037 25.1952 18.3
    endloop
  endfacet
  facet normal 0 0 -1
    outer loop
      vertex 11.2196 25.1231 18.3
      vertex 11.6683 22.8673 18.3
      vertex 11.5869 22.8491 18.3
    endloop
  endfacet
  facet normal 0 0 -1
    outer loop
      vertex 11.0281 25.0801 18.3
      vertex 11.5869 22.8491 18.3
      vertex 11.5065 22.8268 18.3
    endloop
  endfacet
  facet normal 0 0 -1
    outer loop
      vertex 10.8389 25.0278 18.3
      vertex 11.5065 22.8268 18.3
      vertex 11.4273 22.8006 18.3
    endloop
  endfacet
  facet normal 0 0 -1
    outer loop
      vertex 11.7506 22.8816 18.3
      vertex 11.4131 25.1567 18.3
      vertex 11.6079 25.1807 18.3
    endloop
  endfacet
  facet normal 0 0 -1
    outer loop
      vertex 10.6524 24.9662 18.3
      vertex 11.4273 22.8006 18.3
      vertex 11.3494 22.7706 18.3
    endloop
  endfacet
  facet normal 0 0 -1
    outer loop
      vertex 10.4693 24.8955 18.3
      vertex 11.3494 22.7706 18.3
      vertex 11.2732 22.7368 18.3
    endloop
  endfacet
  facet normal 0 0 -1
    outer loop
      vertex 11.6683 22.8673 18.3
      vertex 11.2196 25.1231 18.3
      vertex 11.4131 25.1567 18.3
    endloop
  endfacet
  facet normal 0 0 -1
    outer loop
      vertex 10.2898 24.816 18.3
      vertex 11.2732 22.7368 18.3
      vertex 11.1986 22.6993 18.3
    endloop
  endfacet
  facet normal 0 0 -1
    outer loop
      vertex 10.1144 24.7277 18.3
      vertex 11.1986 22.6993 18.3
      vertex 11.126 22.6581 18.3
    endloop
  endfacet
  facet normal 0 0 -1
    outer loop
      vertex 10.1144 24.7277 18.3
      vertex 11.126 22.6581 18.3
      vertex 11.0555 22.6135 18.3
    endloop
  endfacet
  facet normal 0 0 -1
    outer loop
      vertex 11.5869 22.8491 18.3
      vertex 11.0281 25.0801 18.3
      vertex 11.2196 25.1231 18.3
    endloop
  endfacet
  facet normal 0 0 -1
    outer loop
      vertex 10.1144 24.7277 18.3
      vertex 11.0555 22.6135 18.3
      vertex 10.9873 22.5655 18.3
    endloop
  endfacet
  facet normal 0 0 -1
    outer loop
      vertex 10.1144 24.7277 18.3
      vertex 10.9873 22.5655 18.3
      vertex 10.9215 22.5141 18.3
    endloop
  endfacet
  facet normal 0 0 -1
    outer loop
      vertex 10.1144 24.7277 18.3
      vertex 10.9215 22.5141 18.3
      vertex 10.8583 22.4596 18.3
    endloop
  endfacet
  facet normal 0 0 -1
    outer loop
      vertex 11.5065 22.8268 18.3
      vertex 10.8389 25.0278 18.3
      vertex 11.0281 25.0801 18.3
    endloop
  endfacet
  facet normal 0 0 -1
    outer loop
      vertex 10.1144 24.7277 18.3
      vertex 10.8583 22.4596 18.3
      vertex 10.7979 22.4021 18.3
    endloop
  endfacet
  facet normal 0 0 -1
    outer loop
      vertex 10.1144 24.7277 18.3
      vertex 10.7979 22.4021 18.3
      vertex 10.7404 22.3417 18.3
    endloop
  endfacet
  facet normal 0 0 -1
    outer loop
      vertex 10.1144 24.7277 18.3
      vertex 10.7404 22.3417 18.3
      vertex 10.6859 22.2785 18.3
    endloop
  endfacet
  facet normal 0 0 -1
    outer loop
      vertex 11.4273 22.8006 18.3
      vertex 10.6524 24.9662 18.3
      vertex 10.8389 25.0278 18.3
    endloop
  endfacet
  facet normal 0 0 -1
    outer loop
      vertex 10.1144 24.7277 18.3
      vertex 10.6859 22.2785 18.3
      vertex 10.6345 22.2127 18.3
    endloop
  endfacet
  facet normal 0 0 -1
    outer loop
      vertex 10.1144 24.7277 18.3
      vertex 10.6345 22.2127 18.3
      vertex 10.5865 22.1445 18.3
    endloop
  endfacet
  facet normal 0 0 -1
    outer loop
      vertex 10.1144 24.7277 18.3
      vertex 10.5865 22.1445 18.3
      vertex 10.5419 22.074 18.3
    endloop
  endfacet
  facet normal 0 0 -1
    outer loop
      vertex 10.1144 24.7277 18.3
      vertex 10.5419 22.074 18.3
      vertex 10.5007 22.0014 18.3
    endloop
  endfacet
  facet normal 0 0 -1
    outer loop
      vertex 11.3494 22.7706 18.3
      vertex 10.4693 24.8955 18.3
      vertex 10.6524 24.9662 18.3
    endloop
  endfacet
  facet normal 0 0 -1
    outer loop
      vertex 10.1144 24.7277 18.3
      vertex 10.5007 22.0014 18.3
      vertex 10.4632 21.9268 18.3
    endloop
  endfacet
  facet normal 0 0 -1
    outer loop
      vertex 10.1144 24.7277 18.3
      vertex 10.4632 21.9268 18.3
      vertex 10.4294 21.8506 18.3
    endloop
  endfacet
  facet normal 0 0 -1
    outer loop
      vertex 10.1144 24.7277 18.3
      vertex 10.4294 21.8506 18.3
      vertex 10.3994 21.7727 18.3
    endloop
  endfacet
  facet normal 0 0 -1
    outer loop
      vertex 10.1144 24.7277 18.3
      vertex 10.3994 21.7727 18.3
      vertex 10.3732 21.6935 18.3
    endloop
  endfacet
  facet normal 0 0 -1
    outer loop
      vertex 10.1144 24.7277 18.3
      vertex 10.3732 21.6935 18.3
      vertex 10.3509 21.6131 18.3
    endloop
  endfacet
  facet normal 0 0 -1
    outer loop
      vertex 10.1144 24.7277 18.3
      vertex 10.3509 21.6131 18.3
      vertex 10.3327 21.5317 18.3
    endloop
  endfacet
  facet normal 0 0 -1
    outer loop
      vertex 10.1144 24.7277 18.3
      vertex 10.3327 21.5317 18.3
      vertex 10.3184 21.4494 18.3
    endloop
  endfacet
  facet normal 0 0 -1
    outer loop
      vertex 10.1144 24.7277 18.3
      vertex 10.3184 21.4494 18.3
      vertex 10.3082 21.3666 18.3
    endloop
  endfacet
  facet normal 0 0 -1
    outer loop
      vertex 10.1144 24.7277 18.3
      vertex 10.3082 21.3666 18.3
      vertex 10.302 21.2834 18.3
    endloop
  endfacet
  facet normal 0 0 -1
    outer loop
      vertex 11.2732 22.7368 18.3
      vertex 10.2898 24.816 18.3
      vertex 10.4693 24.8955 18.3
    endloop
  endfacet
  facet normal 0 0 -1
    outer loop
      vertex 8.00482 21.3963 18.3
      vertex 10.302 21.2834 18.3
      vertex 10.3 21.2 18.3
    endloop
  endfacet
  facet normal 0 0 -1
    outer loop
      vertex 10.3 21.2 18.3
      vertex 8 21.2 18.3
      vertex 8.00482 21.3963 18.3
    endloop
  endfacet
  facet normal 0 0 -1
    outer loop
      vertex 13.7 -21.2 18.3
      vertex 16 -21.2 18.3
      vertex 15.9952 -21.3963 18.3
    endloop
  endfacet
  facet normal 0 0 -1
    outer loop
      vertex 16 -17.4926 18.3
      vertex 22.5 -14.4926 18.3
      vertex 22.5 -17.4926 18.3
    endloop
  endfacet
  facet normal 0 0 -1
    outer loop
      vertex 13.698 -21.2834 18.3
      vertex 15.9952 -21.3963 18.3
      vertex 15.9807 -21.5921 18.3
    endloop
  endfacet
  facet normal 0 0 -1
    outer loop
      vertex 13.6918 -21.3666 18.3
      vertex 15.9807 -21.5921 18.3
      vertex 15.9567 -21.7869 18.3
    endloop
  endfacet
  facet normal 0 0 -1
    outer loop
      vertex 13.6816 -21.4494 18.3
      vertex 15.9567 -21.7869 18.3
      vertex 15.9231 -21.9804 18.3
    endloop
  endfacet
  facet normal 0 0 -1
    outer loop
      vertex 13.6673 -21.5317 18.3
      vertex 15.9231 -21.9804 18.3
      vertex 15.8801 -22.1719 18.3
    endloop
  endfacet
  facet normal 0 0 -1
    outer loop
      vertex 13.6491 -21.6131 18.3
      vertex 15.8801 -22.1719 18.3
      vertex 15.8278 -22.3611 18.3
    endloop
  endfacet
  facet normal 0 0 -1
    outer loop
      vertex 13.6268 -21.6935 18.3
      vertex 15.8278 -22.3611 18.3
      vertex 15.7662 -22.5476 18.3
    endloop
  endfacet
  facet normal 0 0 -1
    outer loop
      vertex 13.6006 -21.7727 18.3
      vertex 15.7662 -22.5476 18.3
      vertex 15.6955 -22.7307 18.3
    endloop
  endfacet
  facet normal 0 0 -1
    outer loop
      vertex 13.5706 -21.8506 18.3
      vertex 15.6955 -22.7307 18.3
      vertex 15.616 -22.9102 18.3
    endloop
  endfacet
  facet normal 0 0 -1
    outer loop
      vertex 13.5368 -21.9268 18.3
      vertex 15.616 -22.9102 18.3
      vertex 15.5277 -23.0856 18.3
    endloop
  endfacet
  facet normal 0 0 -1
    outer loop
      vertex 13.4993 -22.0014 18.3
      vertex 15.5277 -23.0856 18.3
      vertex 15.4309 -23.2564 18.3
    endloop
  endfacet
  facet normal 0 0 -1
    outer loop
      vertex 13.4581 -22.074 18.3
      vertex 15.4309 -23.2564 18.3
      vertex 15.3259 -23.4223 18.3
    endloop
  endfacet
  facet normal 0 0 -1
    outer loop
      vertex 13.4135 -22.1445 18.3
      vertex 15.3259 -23.4223 18.3
      vertex 15.2128 -23.5828 18.3
    endloop
  endfacet
  facet normal 0 0 -1
    outer loop
      vertex 13.3655 -22.2127 18.3
      vertex 15.2128 -23.5828 18.3
      vertex 15.092 -23.7376 18.3
    endloop
  endfacet
  facet normal 0 0 -1
    outer loop
      vertex 13.3141 -22.2785 18.3
      vertex 15.092 -23.7376 18.3
      vertex 14.9638 -23.8862 18.3
    endloop
  endfacet
  facet normal 0 0 -1
    outer loop
      vertex 13.2596 -22.3417 18.3
      vertex 14.9638 -23.8862 18.3
      vertex 14.8284 -24.0284 18.3
    endloop
  endfacet
  facet normal 0 0 -1
    outer loop
      vertex 13.2021 -22.4021 18.3
      vertex 14.8284 -24.0284 18.3
      vertex 14.6862 -24.1638 18.3
    endloop
  endfacet
  facet normal 0 0 -1
    outer loop
      vertex 13.1417 -22.4596 18.3
      vertex 14.6862 -24.1638 18.3
      vertex 14.5376 -24.292 18.3
    endloop
  endfacet
  facet normal 0 0 -1
    outer loop
      vertex 13.0785 -22.5141 18.3
      vertex 14.5376 -24.292 18.3
      vertex 14.3828 -24.4128 18.3
    endloop
  endfacet
  facet normal 0 0 -1
    outer loop
      vertex 13.0127 -22.5655 18.3
      vertex 14.3828 -24.4128 18.3
      vertex 14.2223 -24.5259 18.3
    endloop
  endfacet
  facet normal 0 0 -1
    outer loop
      vertex 12.9445 -22.6135 18.3
      vertex 14.2223 -24.5259 18.3
      vertex 14.0564 -24.6309 18.3
    endloop
  endfacet
  facet normal 0 0 -1
    outer loop
      vertex 12.874 -22.6581 18.3
      vertex 14.0564 -24.6309 18.3
      vertex 13.8856 -24.7277 18.3
    endloop
  endfacet
  facet normal 0 0 -1
    outer loop
      vertex 12.8014 -22.6993 18.3
      vertex 13.8856 -24.7277 18.3
      vertex 13.7102 -24.816 18.3
    endloop
  endfacet
  facet normal 0 0 -1
    outer loop
      vertex 15.9231 -21.9804 18.3
      vertex 13.6673 -21.5317 18.3
      vertex 13.6816 -21.4494 18.3
    endloop
  endfacet
  facet normal 0 0 -1
    outer loop
      vertex 16 -21.2 18.3
      vertex 13.698 -21.1166 18.3
      vertex 13.6918 -21.0334 18.3
    endloop
  endfacet
  facet normal 0 0 -1
    outer loop
      vertex 16 -21.2 18.3
      vertex 13.6918 -21.0334 18.3
      vertex 13.6816 -20.9506 18.3
    endloop
  endfacet
  facet normal 0 0 -1
    outer loop
      vertex 16 -21.2 18.3
      vertex 13.6816 -20.9506 18.3
      vertex 13.6673 -20.8683 18.3
    endloop
  endfacet
  facet normal 0 0 -1
    outer loop
      vertex 16 -21.2 18.3
      vertex 13.6673 -20.8683 18.3
      vertex 13.6491 -20.7869 18.3
    endloop
  endfacet
  facet normal 0 0 -1
    outer loop
      vertex 16 -21.2 18.3
      vertex 13.6491 -20.7869 18.3
      vertex 13.6268 -20.7065 18.3
    endloop
  endfacet
  facet normal 0 0 -1
    outer loop
      vertex 16 -21.2 18.3
      vertex 13.6268 -20.7065 18.3
      vertex 13.6006 -20.6273 18.3
    endloop
  endfacet
  facet normal 0 0 -1
    outer loop
      vertex 16 -21.2 18.3
      vertex 13.6006 -20.6273 18.3
      vertex 13.5706 -20.5494 18.3
    endloop
  endfacet
  facet normal 0 0 -1
    outer loop
      vertex 16 -21.2 18.3
      vertex 13.5706 -20.5494 18.3
      vertex 13.5368 -20.4732 18.3
    endloop
  endfacet
  facet normal 0 0 -1
    outer loop
      vertex 16 -21.2 18.3
      vertex 13.5368 -20.4732 18.3
      vertex 13.4993 -20.3986 18.3
    endloop
  endfacet
  facet normal 0 0 -1
    outer loop
      vertex 13.4581 -20.326 18.3
      vertex 16 -21.2 18.3
      vertex 13.4993 -20.3986 18.3
    endloop
  endfacet
  facet normal 0 0 -1
    outer loop
      vertex 16 -21.2 18.3
      vertex 13.4581 -20.326 18.3
      vertex 16 -17.4926 18.3
    endloop
  endfacet
  facet normal 0 0 -1
    outer loop
      vertex 13.4135 -20.2555 18.3
      vertex 16 -17.4926 18.3
      vertex 13.4581 -20.326 18.3
    endloop
  endfacet
  facet normal 0 0 -1
    outer loop
      vertex 13.3655 -20.1873 18.3
      vertex 16 -17.4926 18.3
      vertex 13.4135 -20.2555 18.3
    endloop
  endfacet
  facet normal 0 0 -1
    outer loop
      vertex 13.3141 -20.1215 18.3
      vertex 16 -17.4926 18.3
      vertex 13.3655 -20.1873 18.3
    endloop
  endfacet
  facet normal 0 0 -1
    outer loop
      vertex 13.2596 -20.0583 18.3
      vertex 16 -17.4926 18.3
      vertex 13.3141 -20.1215 18.3
    endloop
  endfacet
  facet normal 0 0 -1
    outer loop
      vertex 13.2021 -19.9979 18.3
      vertex 16 -17.4926 18.3
      vertex 13.2596 -20.0583 18.3
    endloop
  endfacet
  facet normal 0 0 -1
    outer loop
      vertex 13.1417 -19.9404 18.3
      vertex 16 -17.4926 18.3
      vertex 13.2021 -19.9979 18.3
    endloop
  endfacet
  facet normal 0 0 -1
    outer loop
      vertex 13.0785 -19.8859 18.3
      vertex 16 -17.4926 18.3
      vertex 13.1417 -19.9404 18.3
    endloop
  endfacet
  facet normal 0 0 -1
    outer loop
      vertex 13.0127 -19.8345 18.3
      vertex 16 -17.4926 18.3
      vertex 13.0785 -19.8859 18.3
    endloop
  endfacet
  facet normal 0 0 -1
    outer loop
      vertex 12.9445 -19.7865 18.3
      vertex 16 -17.4926 18.3
      vertex 13.0127 -19.8345 18.3
    endloop
  endfacet
  facet normal 0 0 -1
    outer loop
      vertex 12.874 -19.7419 18.3
      vertex 16 -17.4926 18.3
      vertex 12.9445 -19.7865 18.3
    endloop
  endfacet
  facet normal 0 0 -1
    outer loop
      vertex 12.8014 -19.7007 18.3
      vertex 16 -17.4926 18.3
      vertex 12.874 -19.7419 18.3
    endloop
  endfacet
  facet normal 0 0 -1
    outer loop
      vertex 12.7268 -19.6632 18.3
      vertex 16 -17.4926 18.3
      vertex 12.8014 -19.7007 18.3
    endloop
  endfacet
  facet normal 0 0 -1
    outer loop
      vertex 12.6506 -19.6294 18.3
      vertex 16 -17.4926 18.3
      vertex 12.7268 -19.6632 18.3
    endloop
  endfacet
  facet normal 0 0 -1
    outer loop
      vertex 12.5727 -19.5994 18.3
      vertex 16 -17.4926 18.3
      vertex 12.6506 -19.6294 18.3
    endloop
  endfacet
  facet normal 0 0 -1
    outer loop
      vertex 12.4935 -19.5732 18.3
      vertex 16 -17.4926 18.3
      vertex 12.5727 -19.5994 18.3
    endloop
  endfacet
  facet normal 0 0 -1
    outer loop
      vertex 12.4131 -19.5509 18.3
      vertex 16 -17.4926 18.3
      vertex 12.4935 -19.5732 18.3
    endloop
  endfacet
  facet normal 0 0 -1
    outer loop
      vertex 12.3317 -19.5327 18.3
      vertex 16 -17.4926 18.3
      vertex 12.4131 -19.5509 18.3
    endloop
  endfacet
  facet normal 0 0 -1
    outer loop
      vertex 12.2494 -19.5184 18.3
      vertex 16 -17.4926 18.3
      vertex 12.3317 -19.5327 18.3
    endloop
  endfacet
  facet normal 0 0 -1
    outer loop
      vertex 12.1666 -19.5082 18.3
      vertex 16 -17.4926 18.3
      vertex 12.2494 -19.5184 18.3
    endloop
  endfacet
  facet normal 0 0 -1
    outer loop
      vertex 12.0834 -19.502 18.3
      vertex 16 -17.4926 18.3
      vertex 12.1666 -19.5082 18.3
    endloop
  endfacet
  facet normal 0 0 -1
    outer loop
      vertex 12 -19.5 18.3
      vertex 16 -17.4926 18.3
      vertex 12.0834 -19.502 18.3
    endloop
  endfacet
  facet normal 0 0 -1
    outer loop
      vertex 8 -17.4926 18.3
      vertex 12 -19.5 18.3
      vertex 11.9166 -19.502 18.3
    endloop
  endfacet
  facet normal 0 0 -1
    outer loop
      vertex 8 -17.4926 18.3
      vertex 11.9166 -19.502 18.3
      vertex 11.8334 -19.5082 18.3
    endloop
  endfacet
  facet normal 0 0 -1
    outer loop
      vertex 8 -17.4926 18.3
      vertex 11.8334 -19.5082 18.3
      vertex 11.7506 -19.5184 18.3
    endloop
  endfacet
  facet normal 0 0 -1
    outer loop
      vertex 8 -17.4926 18.3
      vertex 11.7506 -19.5184 18.3
      vertex 11.6683 -19.5327 18.3
    endloop
  endfacet
  facet normal 0 0 -1
    outer loop
      vertex 8 -17.4926 18.3
      vertex 11.6683 -19.5327 18.3
      vertex 11.5869 -19.5509 18.3
    endloop
  endfacet
  facet normal 0 0 -1
    outer loop
      vertex 8 -17.4926 18.3
      vertex 11.5869 -19.5509 18.3
      vertex 11.5065 -19.5732 18.3
    endloop
  endfacet
  facet normal 0 0 -1
    outer loop
      vertex 8 -17.4926 18.3
      vertex 11.5065 -19.5732 18.3
      vertex 11.4273 -19.5994 18.3
    endloop
  endfacet
  facet normal 0 0 -1
    outer loop
      vertex 12 -19.5 18.3
      vertex 8 -17.4926 18.3
      vertex 16 -17.4926 18.3
    endloop
  endfacet
  facet normal 0 0 -1
    outer loop
      vertex 8 -17.4926 18.3
      vertex 11.4273 -19.5994 18.3
      vertex 11.3494 -19.6294 18.3
    endloop
  endfacet
  facet normal 0 0 -1
    outer loop
      vertex 8 -17.4926 18.3
      vertex 11.3494 -19.6294 18.3
      vertex 11.2732 -19.6632 18.3
    endloop
  endfacet
  facet normal 0 0 -1
    outer loop
      vertex 8.56909 -23.2564 18.3
      vertex 10.5419 -22.074 18.3
      vertex 8.67412 -23.4223 18.3
    endloop
  endfacet
  facet normal -0 0 -1
    outer loop
      vertex 10.5419 -22.074 18.3
      vertex 8.56909 -23.2564 18.3
      vertex 10.5007 -22.0014 18.3
    endloop
  endfacet
  facet normal 0 0 -1
    outer loop
      vertex 8.47231 -23.0856 18.3
      vertex 10.5007 -22.0014 18.3
      vertex 8.56909 -23.2564 18.3
    endloop
  endfacet
  facet normal -0 0 -1
    outer loop
      vertex 10.5007 -22.0014 18.3
      vertex 8.47231 -23.0856 18.3
      vertex 10.4632 -21.9268 18.3
    endloop
  endfacet
  facet normal 0 0 -1
    outer loop
      vertex 8.38404 -22.9102 18.3
      vertex 10.4632 -21.9268 18.3
      vertex 8.47231 -23.0856 18.3
    endloop
  endfacet
  facet normal -0 0 -1
    outer loop
      vertex 10.4632 -21.9268 18.3
      vertex 8.38404 -22.9102 18.3
      vertex 10.4294 -21.8506 18.3
    endloop
  endfacet
  facet normal 0 0 -1
    outer loop
      vertex 8.30448 -22.7307 18.3
      vertex 10.4294 -21.8506 18.3
      vertex 8.38404 -22.9102 18.3
    endloop
  endfacet
  facet normal -0 0 -1
    outer loop
      vertex 10.4294 -21.8506 18.3
      vertex 8.30448 -22.7307 18.3
      vertex 10.3994 -21.7727 18.3
    endloop
  endfacet
  facet normal 0 0 -1
    outer loop
      vertex 8.23382 -22.5476 18.3
      vertex 10.3994 -21.7727 18.3
      vertex 8.30448 -22.7307 18.3
    endloop
  endfacet
  facet normal -0 0 -1
    outer loop
      vertex 10.3994 -21.7727 18.3
      vertex 8.23382 -22.5476 18.3
      vertex 10.3732 -21.6935 18.3
    endloop
  endfacet
  facet normal 0 0 -1
    outer loop
      vertex 8.17224 -22.3611 18.3
      vertex 10.3732 -21.6935 18.3
      vertex 8.23382 -22.5476 18.3
    endloop
  endfacet
  facet normal -0 0 -1
    outer loop
      vertex 10.3732 -21.6935 18.3
      vertex 8.17224 -22.3611 18.3
      vertex 10.3509 -21.6131 18.3
    endloop
  endfacet
  facet normal 0 0 -1
    outer loop
      vertex 8.11987 -22.1719 18.3
      vertex 10.3509 -21.6131 18.3
      vertex 8.17224 -22.3611 18.3
    endloop
  endfacet
  facet normal -0 0 -1
    outer loop
      vertex 10.3509 -21.6131 18.3
      vertex 8.11987 -22.1719 18.3
      vertex 10.3327 -21.5317 18.3
    endloop
  endfacet
  facet normal 0 0 -1
    outer loop
      vertex 8.07686 -21.9804 18.3
      vertex 10.3327 -21.5317 18.3
      vertex 8.11987 -22.1719 18.3
    endloop
  endfacet
  facet normal -0 0 -1
    outer loop
      vertex 10.3327 -21.5317 18.3
      vertex 8.07686 -21.9804 18.3
      vertex 10.3184 -21.4494 18.3
    endloop
  endfacet
  facet normal 0 0 -1
    outer loop
      vertex 8.04329 -21.7869 18.3
      vertex 10.3184 -21.4494 18.3
      vertex 8.07686 -21.9804 18.3
    endloop
  endfacet
  facet normal -0 0 -1
    outer loop
      vertex 10.3184 -21.4494 18.3
      vertex 8.04329 -21.7869 18.3
      vertex 10.3082 -21.3666 18.3
    endloop
  endfacet
  facet normal 0 0 -1
    outer loop
      vertex 8.01926 -21.5921 18.3
      vertex 10.3082 -21.3666 18.3
      vertex 8.04329 -21.7869 18.3
    endloop
  endfacet
  facet normal -0 0 -1
    outer loop
      vertex 10.3082 -21.3666 18.3
      vertex 8.01926 -21.5921 18.3
      vertex 10.302 -21.2834 18.3
    endloop
  endfacet
  facet normal 0 0 -1
    outer loop
      vertex 8.00482 -21.3963 18.3
      vertex 10.302 -21.2834 18.3
      vertex 8.01926 -21.5921 18.3
    endloop
  endfacet
  facet normal -0 0 -1
    outer loop
      vertex 10.302 -21.2834 18.3
      vertex 8.00482 -21.3963 18.3
      vertex 10.3 -21.2 18.3
    endloop
  endfacet
  facet normal 0 0 -1
    outer loop
      vertex 8 -21.2 18.3
      vertex 10.3 -21.2 18.3
      vertex 8.00482 -21.3963 18.3
    endloop
  endfacet
  facet normal 0 0 -1
    outer loop
      vertex 10.3 -21.2 18.3
      vertex 8 -21.2 18.3
      vertex 10.302 -21.1166 18.3
    endloop
  endfacet
  facet normal -0 0 -1
    outer loop
      vertex 10.302 -21.1166 18.3
      vertex 8 -21.2 18.3
      vertex 10.3082 -21.0334 18.3
    endloop
  endfacet
  facet normal -0 0 -1
    outer loop
      vertex 10.3082 -21.0334 18.3
      vertex 8 -21.2 18.3
      vertex 10.3184 -20.9506 18.3
    endloop
  endfacet
  facet normal -0 0 -1
    outer loop
      vertex 10.3184 -20.9506 18.3
      vertex 8 -21.2 18.3
      vertex 10.3327 -20.8683 18.3
    endloop
  endfacet
  facet normal -0 0 -1
    outer loop
      vertex 10.3327 -20.8683 18.3
      vertex 8 -21.2 18.3
      vertex 10.3509 -20.7869 18.3
    endloop
  endfacet
  facet normal -0 0 -1
    outer loop
      vertex 10.3509 -20.7869 18.3
      vertex 8 -21.2 18.3
      vertex 10.3732 -20.7065 18.3
    endloop
  endfacet
  facet normal -0 0 -1
    outer loop
      vertex 10.3732 -20.7065 18.3
      vertex 8 -21.2 18.3
      vertex 10.3994 -20.6273 18.3
    endloop
  endfacet
  facet normal -0 0 -1
    outer loop
      vertex 10.3994 -20.6273 18.3
      vertex 8 -21.2 18.3
      vertex 10.4294 -20.5494 18.3
    endloop
  endfacet
  facet normal -0 0 -1
    outer loop
      vertex 10.4294 -20.5494 18.3
      vertex 8 -21.2 18.3
      vertex 10.4632 -20.4732 18.3
    endloop
  endfacet
  facet normal -0 0 -1
    outer loop
      vertex 10.4632 -20.4732 18.3
      vertex 8 -21.2 18.3
      vertex 10.5007 -20.3986 18.3
    endloop
  endfacet
  facet normal -0 0 -1
    outer loop
      vertex 10.5007 -20.3986 18.3
      vertex 8 -21.2 18.3
      vertex 10.5419 -20.326 18.3
    endloop
  endfacet
  facet normal 0 0 -1
    outer loop
      vertex 8 -17.4926 18.3
      vertex 10.5419 -20.326 18.3
      vertex 8 -21.2 18.3
    endloop
  endfacet
  facet normal 0 0 -1
    outer loop
      vertex 10.5419 -20.326 18.3
      vertex 8 -17.4926 18.3
      vertex 10.5865 -20.2555 18.3
    endloop
  endfacet
  facet normal 0 0 -1
    outer loop
      vertex 10.5865 -20.2555 18.3
      vertex 8 -17.4926 18.3
      vertex 10.6345 -20.1873 18.3
    endloop
  endfacet
  facet normal 0 0 -1
    outer loop
      vertex 10.6345 -20.1873 18.3
      vertex 8 -17.4926 18.3
      vertex 10.6859 -20.1215 18.3
    endloop
  endfacet
  facet normal 0 0 -1
    outer loop
      vertex 10.6859 -20.1215 18.3
      vertex 8 -17.4926 18.3
      vertex 10.7404 -20.0583 18.3
    endloop
  endfacet
  facet normal 0 0 -1
    outer loop
      vertex 10.7404 -20.0583 18.3
      vertex 8 -17.4926 18.3
      vertex 10.7979 -19.9979 18.3
    endloop
  endfacet
  facet normal 0 0 -1
    outer loop
      vertex 10.7979 -19.9979 18.3
      vertex 8 -17.4926 18.3
      vertex 10.8583 -19.9404 18.3
    endloop
  endfacet
  facet normal 0 0 -1
    outer loop
      vertex 10.8583 -19.9404 18.3
      vertex 8 -17.4926 18.3
      vertex 10.9215 -19.8859 18.3
    endloop
  endfacet
  facet normal 0 0 -1
    outer loop
      vertex 10.9215 -19.8859 18.3
      vertex 8 -17.4926 18.3
      vertex 10.9873 -19.8345 18.3
    endloop
  endfacet
  facet normal 0 0 -1
    outer loop
      vertex 10.9873 -19.8345 18.3
      vertex 8 -17.4926 18.3
      vertex 11.0555 -19.7865 18.3
    endloop
  endfacet
  facet normal 0 0 -1
    outer loop
      vertex 11.0555 -19.7865 18.3
      vertex 8 -17.4926 18.3
      vertex 11.126 -19.7419 18.3
    endloop
  endfacet
  facet normal 0 0 -1
    outer loop
      vertex 11.126 -19.7419 18.3
      vertex 8 -17.4926 18.3
      vertex 11.1986 -19.7007 18.3
    endloop
  endfacet
  facet normal 0 0 -1
    outer loop
      vertex 11.1986 -19.7007 18.3
      vertex 8 -17.4926 18.3
      vertex 11.2732 -19.6632 18.3
    endloop
  endfacet
  facet normal 0 0 -1
    outer loop
      vertex 16 -17.4926 18.3
      vertex 8 -17.4926 18.3
      vertex 22.5 -14.4926 18.3
    endloop
  endfacet
  facet normal 0 0 -1
    outer loop
      vertex 1.5 -14.4926 18.3
      vertex 8 -17.4926 18.3
      vertex 1.5 -17.4926 18.3
    endloop
  endfacet
  facet normal 0 0 -1
    outer loop
      vertex 8 -17.4926 18.3
      vertex 1.5 -14.4926 18.3
      vertex 22.5 -14.4926 18.3
    endloop
  endfacet
  facet normal 0 0 -1
    outer loop
      vertex 16 -21.2 18.3
      vertex 13.7 -21.2 18.3
      vertex 13.698 -21.1166 18.3
    endloop
  endfacet
  facet normal 0 0 -1
    outer loop
      vertex 15.9952 -21.3963 18.3
      vertex 13.698 -21.2834 18.3
      vertex 13.7 -21.2 18.3
    endloop
  endfacet
  facet normal 0 0 -1
    outer loop
      vertex 15.9807 -21.5921 18.3
      vertex 13.6918 -21.3666 18.3
      vertex 13.698 -21.2834 18.3
    endloop
  endfacet
  facet normal 0 0 -1
    outer loop
      vertex 15.9567 -21.7869 18.3
      vertex 13.6816 -21.4494 18.3
      vertex 13.6918 -21.3666 18.3
    endloop
  endfacet
  facet normal 0 0 -1
    outer loop
      vertex 15.8801 -22.1719 18.3
      vertex 13.6491 -21.6131 18.3
      vertex 13.6673 -21.5317 18.3
    endloop
  endfacet
  facet normal 0 0 -1
    outer loop
      vertex 15.8278 -22.3611 18.3
      vertex 13.6268 -21.6935 18.3
      vertex 13.6491 -21.6131 18.3
    endloop
  endfacet
  facet normal 0 0 -1
    outer loop
      vertex 15.7662 -22.5476 18.3
      vertex 13.6006 -21.7727 18.3
      vertex 13.6268 -21.6935 18.3
    endloop
  endfacet
  facet normal 0 0 -1
    outer loop
      vertex 15.6955 -22.7307 18.3
      vertex 13.5706 -21.8506 18.3
      vertex 13.6006 -21.7727 18.3
    endloop
  endfacet
  facet normal 0 0 -1
    outer loop
      vertex 15.616 -22.9102 18.3
      vertex 13.5368 -21.9268 18.3
      vertex 13.5706 -21.8506 18.3
    endloop
  endfacet
  facet normal 0 0 -1
    outer loop
      vertex 12.7268 -22.7368 18.3
      vertex 13.7102 -24.816 18.3
      vertex 13.5307 -24.8955 18.3
    endloop
  endfacet
  facet normal 0 0 -1
    outer loop
      vertex 15.5277 -23.0856 18.3
      vertex 13.4993 -22.0014 18.3
      vertex 13.5368 -21.9268 18.3
    endloop
  endfacet
  facet normal 0 0 -1
    outer loop
      vertex 15.4309 -23.2564 18.3
      vertex 13.4581 -22.074 18.3
      vertex 13.4993 -22.0014 18.3
    endloop
  endfacet
  facet normal 0 0 -1
    outer loop
      vertex 15.3259 -23.4223 18.3
      vertex 13.4135 -22.1445 18.3
      vertex 13.4581 -22.074 18.3
    endloop
  endfacet
  facet normal 0 0 -1
    outer loop
      vertex 15.2128 -23.5828 18.3
      vertex 13.3655 -22.2127 18.3
      vertex 13.4135 -22.1445 18.3
    endloop
  endfacet
  facet normal 0 0 -1
    outer loop
      vertex 12.6506 -22.7706 18.3
      vertex 13.5307 -24.8955 18.3
      vertex 13.3476 -24.9662 18.3
    endloop
  endfacet
  facet normal 0 0 -1
    outer loop
      vertex 15.092 -23.7376 18.3
      vertex 13.3141 -22.2785 18.3
      vertex 13.3655 -22.2127 18.3
    endloop
  endfacet
  facet normal 0 0 -1
    outer loop
      vertex 14.9638 -23.8862 18.3
      vertex 13.2596 -22.3417 18.3
      vertex 13.3141 -22.2785 18.3
    endloop
  endfacet
  facet normal 0 0 -1
    outer loop
      vertex 14.8284 -24.0284 18.3
      vertex 13.2021 -22.4021 18.3
      vertex 13.2596 -22.3417 18.3
    endloop
  endfacet
  facet normal 0 0 -1
    outer loop
      vertex 12.5727 -22.8006 18.3
      vertex 13.3476 -24.9662 18.3
      vertex 13.1611 -25.0278 18.3
    endloop
  endfacet
  facet normal 0 0 -1
    outer loop
      vertex 14.6862 -24.1638 18.3
      vertex 13.1417 -22.4596 18.3
      vertex 13.2021 -22.4021 18.3
    endloop
  endfacet
  facet normal 0 0 -1
    outer loop
      vertex 14.5376 -24.292 18.3
      vertex 13.0785 -22.5141 18.3
      vertex 13.1417 -22.4596 18.3
    endloop
  endfacet
  facet normal 0 0 -1
    outer loop
      vertex 14.3828 -24.4128 18.3
      vertex 13.0127 -22.5655 18.3
      vertex 13.0785 -22.5141 18.3
    endloop
  endfacet
  facet normal 0 0 -1
    outer loop
      vertex 12.4935 -22.8268 18.3
      vertex 13.1611 -25.0278 18.3
      vertex 12.9719 -25.0801 18.3
    endloop
  endfacet
  facet normal 0 0 -1
    outer loop
      vertex 14.2223 -24.5259 18.3
      vertex 12.9445 -22.6135 18.3
      vertex 13.0127 -22.5655 18.3
    endloop
  endfacet
  facet normal 0 0 -1
    outer loop
      vertex 14.0564 -24.6309 18.3
      vertex 12.874 -22.6581 18.3
      vertex 12.9445 -22.6135 18.3
    endloop
  endfacet
  facet normal 0 0 -1
    outer loop
      vertex 13.8856 -24.7277 18.3
      vertex 12.8014 -22.6993 18.3
      vertex 12.874 -22.6581 18.3
    endloop
  endfacet
  facet normal 0 0 -1
    outer loop
      vertex 12.4131 -22.8491 18.3
      vertex 12.9719 -25.0801 18.3
      vertex 12.7804 -25.1231 18.3
    endloop
  endfacet
  facet normal 0 0 -1
    outer loop
      vertex 13.7102 -24.816 18.3
      vertex 12.7268 -22.7368 18.3
      vertex 12.8014 -22.6993 18.3
    endloop
  endfacet
  facet normal 0 0 -1
    outer loop
      vertex 13.5307 -24.8955 18.3
      vertex 12.6506 -22.7706 18.3
      vertex 12.7268 -22.7368 18.3
    endloop
  endfacet
  facet normal 0 0 -1
    outer loop
      vertex 12.3317 -22.8673 18.3
      vertex 12.7804 -25.1231 18.3
      vertex 12.5869 -25.1567 18.3
    endloop
  endfacet
  facet normal 0 0 -1
    outer loop
      vertex 13.3476 -24.9662 18.3
      vertex 12.5727 -22.8006 18.3
      vertex 12.6506 -22.7706 18.3
    endloop
  endfacet
  facet normal 0 0 -1
    outer loop
      vertex 13.1611 -25.0278 18.3
      vertex 12.4935 -22.8268 18.3
      vertex 12.5727 -22.8006 18.3
    endloop
  endfacet
  facet normal 0 0 -1
    outer loop
      vertex 12.9719 -25.0801 18.3
      vertex 12.4131 -22.8491 18.3
      vertex 12.4935 -22.8268 18.3
    endloop
  endfacet
  facet normal 0 0 -1
    outer loop
      vertex 12.2494 -22.8816 18.3
      vertex 12.5869 -25.1567 18.3
      vertex 12.3921 -25.1807 18.3
    endloop
  endfacet
  facet normal 0 0 -1
    outer loop
      vertex 12.7804 -25.1231 18.3
      vertex 12.3317 -22.8673 18.3
      vertex 12.4131 -22.8491 18.3
    endloop
  endfacet
  facet normal 0 0 -1
    outer loop
      vertex 12.5869 -25.1567 18.3
      vertex 12.2494 -22.8816 18.3
      vertex 12.3317 -22.8673 18.3
    endloop
  endfacet
  facet normal 0 0 -1
    outer loop
      vertex 12.1666 -22.8918 18.3
      vertex 12.3921 -25.1807 18.3
      vertex 12.1963 -25.1952 18.3
    endloop
  endfacet
  facet normal 0 0 -1
    outer loop
      vertex 12.3921 -25.1807 18.3
      vertex 12.1666 -22.8918 18.3
      vertex 12.2494 -22.8816 18.3
    endloop
  endfacet
  facet normal 0 0 -1
    outer loop
      vertex 12.1963 -25.1952 18.3
      vertex 12.0834 -22.898 18.3
      vertex 12.1666 -22.8918 18.3
    endloop
  endfacet
  facet normal 0 0 -1
    outer loop
      vertex 12 -25.2 18.3
      vertex 12.0834 -22.898 18.3
      vertex 12.1963 -25.1952 18.3
    endloop
  endfacet
  facet normal 0 0 -1
    outer loop
      vertex 12 -25.2 18.3
      vertex 12 -22.9 18.3
      vertex 12.0834 -22.898 18.3
    endloop
  endfacet
  facet normal 0 0 -1
    outer loop
      vertex 12 -25.2 18.3
      vertex 11.9166 -22.898 18.3
      vertex 12 -22.9 18.3
    endloop
  endfacet
  facet normal 0 0 -1
    outer loop
      vertex 11.8037 -25.1952 18.3
      vertex 11.9166 -22.898 18.3
      vertex 12 -25.2 18.3
    endloop
  endfacet
  facet normal -0 0 -1
    outer loop
      vertex 11.9166 -22.898 18.3
      vertex 11.8037 -25.1952 18.3
      vertex 11.8334 -22.8918 18.3
    endloop
  endfacet
  facet normal 0 0 -1
    outer loop
      vertex 11.6079 -25.1807 18.3
      vertex 11.8334 -22.8918 18.3
      vertex 11.8037 -25.1952 18.3
    endloop
  endfacet
  facet normal -0 0 -1
    outer loop
      vertex 11.8334 -22.8918 18.3
      vertex 11.6079 -25.1807 18.3
      vertex 11.7506 -22.8816 18.3
    endloop
  endfacet
  facet normal 0 0 -1
    outer loop
      vertex 11.4131 -25.1567 18.3
      vertex 11.7506 -22.8816 18.3
      vertex 11.6079 -25.1807 18.3
    endloop
  endfacet
  facet normal -0 0 -1
    outer loop
      vertex 11.7506 -22.8816 18.3
      vertex 11.4131 -25.1567 18.3
      vertex 11.6683 -22.8673 18.3
    endloop
  endfacet
  facet normal 0 0 -1
    outer loop
      vertex 11.2196 -25.1231 18.3
      vertex 11.6683 -22.8673 18.3
      vertex 11.4131 -25.1567 18.3
    endloop
  endfacet
  facet normal -0 0 -1
    outer loop
      vertex 11.6683 -22.8673 18.3
      vertex 11.2196 -25.1231 18.3
      vertex 11.5869 -22.8491 18.3
    endloop
  endfacet
  facet normal 0 0 -1
    outer loop
      vertex 11.0281 -25.0801 18.3
      vertex 11.5869 -22.8491 18.3
      vertex 11.2196 -25.1231 18.3
    endloop
  endfacet
  facet normal -0 0 -1
    outer loop
      vertex 11.5869 -22.8491 18.3
      vertex 11.0281 -25.0801 18.3
      vertex 11.5065 -22.8268 18.3
    endloop
  endfacet
  facet normal 0 0 -1
    outer loop
      vertex 10.8389 -25.0278 18.3
      vertex 11.5065 -22.8268 18.3
      vertex 11.0281 -25.0801 18.3
    endloop
  endfacet
  facet normal -0 0 -1
    outer loop
      vertex 11.5065 -22.8268 18.3
      vertex 10.8389 -25.0278 18.3
      vertex 11.4273 -22.8006 18.3
    endloop
  endfacet
  facet normal 0 0 -1
    outer loop
      vertex 10.6524 -24.9662 18.3
      vertex 11.4273 -22.8006 18.3
      vertex 10.8389 -25.0278 18.3
    endloop
  endfacet
  facet normal -0 0 -1
    outer loop
      vertex 11.4273 -22.8006 18.3
      vertex 10.6524 -24.9662 18.3
      vertex 11.3494 -22.7706 18.3
    endloop
  endfacet
  facet normal 0 0 -1
    outer loop
      vertex 10.4693 -24.8955 18.3
      vertex 11.3494 -22.7706 18.3
      vertex 10.6524 -24.9662 18.3
    endloop
  endfacet
  facet normal -0 0 -1
    outer loop
      vertex 11.3494 -22.7706 18.3
      vertex 10.4693 -24.8955 18.3
      vertex 11.2732 -22.7368 18.3
    endloop
  endfacet
  facet normal 0 0 -1
    outer loop
      vertex 10.2898 -24.816 18.3
      vertex 11.2732 -22.7368 18.3
      vertex 10.4693 -24.8955 18.3
    endloop
  endfacet
  facet normal -0 0 -1
    outer loop
      vertex 11.2732 -22.7368 18.3
      vertex 10.2898 -24.816 18.3
      vertex 11.1986 -22.6993 18.3
    endloop
  endfacet
  facet normal 0 0 -1
    outer loop
      vertex 10.1144 -24.7277 18.3
      vertex 11.1986 -22.6993 18.3
      vertex 10.2898 -24.816 18.3
    endloop
  endfacet
  facet normal -0 0 -1
    outer loop
      vertex 11.1986 -22.6993 18.3
      vertex 10.1144 -24.7277 18.3
      vertex 11.126 -22.6581 18.3
    endloop
  endfacet
  facet normal 0 0 -1
    outer loop
      vertex 9.94359 -24.6309 18.3
      vertex 11.126 -22.6581 18.3
      vertex 10.1144 -24.7277 18.3
    endloop
  endfacet
  facet normal -0 0 -1
    outer loop
      vertex 11.126 -22.6581 18.3
      vertex 9.94359 -24.6309 18.3
      vertex 11.0555 -22.6135 18.3
    endloop
  endfacet
  facet normal 0 0 -1
    outer loop
      vertex 9.77772 -24.5259 18.3
      vertex 11.0555 -22.6135 18.3
      vertex 9.94359 -24.6309 18.3
    endloop
  endfacet
  facet normal -0 0 -1
    outer loop
      vertex 11.0555 -22.6135 18.3
      vertex 9.77772 -24.5259 18.3
      vertex 10.9873 -22.5655 18.3
    endloop
  endfacet
  facet normal 0 0 -1
    outer loop
      vertex 9.6172 -24.4128 18.3
      vertex 10.9873 -22.5655 18.3
      vertex 9.77772 -24.5259 18.3
    endloop
  endfacet
  facet normal -0 0 -1
    outer loop
      vertex 10.9873 -22.5655 18.3
      vertex 9.6172 -24.4128 18.3
      vertex 10.9215 -22.5141 18.3
    endloop
  endfacet
  facet normal 0 0 -1
    outer loop
      vertex 9.46243 -24.292 18.3
      vertex 10.9215 -22.5141 18.3
      vertex 9.6172 -24.4128 18.3
    endloop
  endfacet
  facet normal -0 0 -1
    outer loop
      vertex 10.9215 -22.5141 18.3
      vertex 9.46243 -24.292 18.3
      vertex 10.8583 -22.4596 18.3
    endloop
  endfacet
  facet normal 0 0 -1
    outer loop
      vertex 9.31376 -24.1638 18.3
      vertex 10.8583 -22.4596 18.3
      vertex 9.46243 -24.292 18.3
    endloop
  endfacet
  facet normal -0 0 -1
    outer loop
      vertex 10.8583 -22.4596 18.3
      vertex 9.31376 -24.1638 18.3
      vertex 10.7979 -22.4021 18.3
    endloop
  endfacet
  facet normal 0 0 -1
    outer loop
      vertex 9.17157 -24.0284 18.3
      vertex 10.7979 -22.4021 18.3
      vertex 9.31376 -24.1638 18.3
    endloop
  endfacet
  facet normal -0 0 -1
    outer loop
      vertex 10.7979 -22.4021 18.3
      vertex 9.17157 -24.0284 18.3
      vertex 10.7404 -22.3417 18.3
    endloop
  endfacet
  facet normal 0 0 -1
    outer loop
      vertex 9.03619 -23.8862 18.3
      vertex 10.7404 -22.3417 18.3
      vertex 9.17157 -24.0284 18.3
    endloop
  endfacet
  facet normal -0 0 -1
    outer loop
      vertex 10.7404 -22.3417 18.3
      vertex 9.03619 -23.8862 18.3
      vertex 10.6859 -22.2785 18.3
    endloop
  endfacet
  facet normal 0 0 -1
    outer loop
      vertex 8.90796 -23.7376 18.3
      vertex 10.6859 -22.2785 18.3
      vertex 9.03619 -23.8862 18.3
    endloop
  endfacet
  facet normal -0 0 -1
    outer loop
      vertex 10.6859 -22.2785 18.3
      vertex 8.90796 -23.7376 18.3
      vertex 10.6345 -22.2127 18.3
    endloop
  endfacet
  facet normal 0 0 -1
    outer loop
      vertex 8.78717 -23.5828 18.3
      vertex 10.6345 -22.2127 18.3
      vertex 8.90796 -23.7376 18.3
    endloop
  endfacet
  facet normal -0 0 -1
    outer loop
      vertex 10.6345 -22.2127 18.3
      vertex 8.78717 -23.5828 18.3
      vertex 10.5865 -22.1445 18.3
    endloop
  endfacet
  facet normal -0 0 -1
    outer loop
      vertex 10.5865 -22.1445 18.3
      vertex 8.67412 -23.4223 18.3
      vertex 10.5419 -22.074 18.3
    endloop
  endfacet
  facet normal 0 0 -1
    outer loop
      vertex 8.67412 -23.4223 18.3
      vertex 10.5865 -22.1445 18.3
      vertex 8.78717 -23.5828 18.3
    endloop
  endfacet
  facet normal 0.963853 0.266435 0
    outer loop
      vertex 15.8801 -20.2281 22.3
      vertex 15.8278 -20.0389 21
      vertex 15.8278 -20.0389 22.3
    endloop
  endfacet
  facet normal 0.963853 0.266435 0
    outer loop
      vertex 15.8278 -20.0389 21
      vertex 15.8801 -20.2281 22.3
      vertex 15.8801 -20.2281 21
    endloop
  endfacet
  facet normal 0.404957 -0.914336 0
    outer loop
      vertex 13.5307 -24.8955 18.3
      vertex 13.7102 -24.816 22.3
      vertex 13.5307 -24.8955 22.3
    endloop
  endfacet
  facet normal 0.404957 -0.914336 0
    outer loop
      vertex 13.7102 -24.816 22.3
      vertex 13.5307 -24.8955 18.3
      vertex 13.7102 -24.816 18.3
    endloop
  endfacet
  facet normal 0.31363 0.949545 -0
    outer loop
      vertex 13.3476 -17.4338 21
      vertex 13.1611 -17.3722 22.3
      vertex 13.3476 -17.4338 22.3
    endloop
  endfacet
  facet normal 0.31363 0.949545 0
    outer loop
      vertex 13.1611 -17.3722 22.3
      vertex 13.3476 -17.4338 21
      vertex 13.1611 -17.3722 21
    endloop
  endfacet
  facet normal 0.869993 -0.493064 0
    outer loop
      vertex 15.4309 -23.2564 22.3
      vertex 15.5277 -23.0856 18.3
      vertex 15.5277 -23.0856 22.3
    endloop
  endfacet
  facet normal 0.869993 -0.493064 0
    outer loop
      vertex 15.5277 -23.0856 18.3
      vertex 15.4309 -23.2564 22.3
      vertex 15.4309 -23.2564 18.3
    endloop
  endfacet
  facet normal 0.360208 0.932872 -0
    outer loop
      vertex 13.5307 -17.5045 21
      vertex 13.3476 -17.4338 22.3
      vertex 13.5307 -17.5045 22.3
    endloop
  endfacet
  facet normal 0.360208 0.932872 0
    outer loop
      vertex 13.3476 -17.4338 22.3
      vertex 13.5307 -17.5045 21
      vertex 13.3476 -17.4338 21
    endloop
  endfacet
  facet normal 0.122279 0.992496 0
    outer loop
      vertex 12.5869 -17.2433 22.3
      vertex 12.3921 -17.2193 21.0941
      vertex 12.3921 -17.2193 22.3
    endloop
  endfacet
  facet normal 0.122279 0.992496 -0
    outer loop
      vertex 12.5869 -17.2433 21
      vertex 12.3921 -17.2193 21.0941
      vertex 12.5869 -17.2433 22.3
    endloop
  endfacet
  facet normal 0.122469 0.992472 0.000398893
    outer loop
      vertex 12.3921 -17.2193 21.0941
      vertex 12.5869 -17.2433 21
      vertex 12.5245 -17.2356 21
    endloop
  endfacet
  facet normal -0.689604 -0.724186 0
    outer loop
      vertex 9.17157 -24.0284 18.3
      vertex 9.31376 -24.1638 22.3
      vertex 9.17157 -24.0284 22.3
    endloop
  endfacet
  facet normal -0.689604 -0.724186 -0
    outer loop
      vertex 9.31376 -24.1638 22.3
      vertex 9.17157 -24.0284 18.3
      vertex 9.31376 -24.1638 18.3
    endloop
  endfacet
  facet normal -0.449656 0.893202 0
    outer loop
      vertex 10.2898 -17.584 21
      vertex 10.1144 -17.6723 22.3
      vertex 10.2898 -17.584 22.3
    endloop
  endfacet
  facet normal -0.449656 0.893202 0
    outer loop
      vertex 10.1144 -17.6723 22.3
      vertex 10.2898 -17.584 21
      vertex 10.1144 -17.6723 21
    endloop
  endfacet
  facet normal 0.817433 0.576023 0
    outer loop
      vertex 15.3259 -18.9777 22.3
      vertex 15.2128 -18.8172 21
      vertex 15.2128 -18.8172 22.3
    endloop
  endfacet
  facet normal 0.817433 0.576023 0
    outer loop
      vertex 15.2128 -18.8172 21
      vertex 15.3259 -18.9777 22.3
      vertex 15.3259 -18.9777 21
    endloop
  endfacet
  facet normal 0.788364 0.615209 0
    outer loop
      vertex 15.2128 -18.8172 22.3
      vertex 15.092 -18.6624 21
      vertex 15.092 -18.6624 22.3
    endloop
  endfacet
  facet normal 0.788364 0.615209 0
    outer loop
      vertex 15.092 -18.6624 21
      vertex 15.2128 -18.8172 22.3
      vertex 15.2128 -18.8172 21
    endloop
  endfacet
  facet normal -0.949576 0.313538 0
    outer loop
      vertex 8.17224 -20.0389 21
      vertex 8.23382 -19.8524 22.3
      vertex 8.23382 -19.8524 21
    endloop
  endfacet
  facet normal -0.949576 0.313538 0
    outer loop
      vertex 8.23382 -19.8524 22.3
      vertex 8.17224 -20.0389 21
      vertex 8.17224 -20.0389 22.3
    endloop
  endfacet
  facet normal 0.963853 -0.266435 0
    outer loop
      vertex 15.8278 -22.3611 22.3
      vertex 15.8801 -22.1719 18.3
      vertex 15.8801 -22.1719 22.3
    endloop
  endfacet
  facet normal 0.963853 -0.266435 0
    outer loop
      vertex 15.8801 -22.1719 18.3
      vertex 15.8278 -22.3611 22.3
      vertex 15.8278 -22.3611 18.3
    endloop
  endfacet
  facet normal 0.31363 -0.949545 0
    outer loop
      vertex 13.1611 -25.0278 18.3
      vertex 13.3476 -24.9662 22.3
      vertex 13.1611 -25.0278 22.3
    endloop
  endfacet
  facet normal 0.31363 -0.949545 0
    outer loop
      vertex 13.3476 -24.9662 22.3
      vertex 13.1611 -25.0278 18.3
      vertex 13.3476 -24.9662 18.3
    endloop
  endfacet
  facet normal 0.576023 0.817433 -0
    outer loop
      vertex 14.3828 -17.9872 21
      vertex 14.2223 -17.8741 22.3
      vertex 14.3828 -17.9872 22.3
    endloop
  endfacet
  facet normal 0.576023 0.817433 0
    outer loop
      vertex 14.2223 -17.8741 22.3
      vertex 14.3828 -17.9872 21
      vertex 14.2223 -17.8741 21
    endloop
  endfacet
  facet normal 0.997269 0.0738529 0
    outer loop
      vertex 15.9952 -21.0037 22.3
      vertex 15.9807 -20.8079 21
      vertex 15.9807 -20.8079 22.3
    endloop
  endfacet
  facet normal 0.997269 0.0738529 0
    outer loop
      vertex 15.9807 -20.8079 21
      vertex 15.9952 -21.0037 22.3
      vertex 15.9952 -21.0037 21
    endloop
  endfacet
  facet normal -0.219088 0.975705 0
    outer loop
      vertex 11.2196 -17.2769 21
      vertex 11.0281 -17.3199 22.3
      vertex 11.2196 -17.2769 22.3
    endloop
  endfacet
  facet normal -0.219088 0.975705 0
    outer loop
      vertex 11.0281 -17.3199 22.3
      vertex 11.2196 -17.2769 21
      vertex 11.0281 -17.3199 21
    endloop
  endfacet
  facet normal 0.999701 -0.0244451 0
    outer loop
      vertex 15.9952 -21.3963 22.3
      vertex 16 -21.2 21
      vertex 16 -21.2 22.3
    endloop
  endfacet
  facet normal 0.999701 -0.0244451 0
    outer loop
      vertex 15.9952 -21.3963 18.3
      vertex 16 -21.2 21
      vertex 15.9952 -21.3963 22.3
    endloop
  endfacet
  facet normal 0.999701 -0.0244451 0
    outer loop
      vertex 16 -21.2 21
      vertex 15.9952 -21.3963 18.3
      vertex 16 -21.2 18.3
    endloop
  endfacet
  facet normal 0.949545 0.31363 0
    outer loop
      vertex 15.8278 -20.0389 22.3
      vertex 15.7662 -19.8524 21
      vertex 15.7662 -19.8524 22.3
    endloop
  endfacet
  facet normal 0.949545 0.31363 0
    outer loop
      vertex 15.7662 -19.8524 21
      vertex 15.8278 -20.0389 22.3
      vertex 15.8278 -20.0389 21
    endloop
  endfacet
  facet normal 0.493064 -0.869993 0
    outer loop
      vertex 13.8856 -24.7277 18.3
      vertex 14.0564 -24.6309 22.3
      vertex 13.8856 -24.7277 22.3
    endloop
  endfacet
  facet normal 0.493064 -0.869993 0
    outer loop
      vertex 14.0564 -24.6309 22.3
      vertex 13.8856 -24.7277 18.3
      vertex 14.0564 -24.6309 18.3
    endloop
  endfacet
  facet normal 0.757167 -0.653222 0
    outer loop
      vertex 14.9638 -23.8862 22.3
      vertex 15.092 -23.7376 18.3
      vertex 15.092 -23.7376 22.3
    endloop
  endfacet
  facet normal 0.757167 -0.653222 0
    outer loop
      vertex 15.092 -23.7376 18.3
      vertex 14.9638 -23.8862 22.3
      vertex 14.9638 -23.8862 18.3
    endloop
  endfacet
  facet normal 0.997269 -0.0738529 0
    outer loop
      vertex 15.9807 -21.5921 22.3
      vertex 15.9952 -21.3963 18.3
      vertex 15.9952 -21.3963 22.3
    endloop
  endfacet
  facet normal 0.997269 -0.0738529 0
    outer loop
      vertex 15.9952 -21.3963 18.3
      vertex 15.9807 -21.5921 22.3
      vertex 15.9807 -21.5921 18.3
    endloop
  endfacet
  facet normal 0.534798 0.84498 -0
    outer loop
      vertex 14.2223 -17.8741 21
      vertex 14.0564 -17.7691 22.3
      vertex 14.2223 -17.8741 22.3
    endloop
  endfacet
  facet normal 0.534798 0.84498 0
    outer loop
      vertex 14.0564 -17.7691 22.3
      vertex 14.2223 -17.8741 21
      vertex 14.0564 -17.7691 21
    endloop
  endfacet
  facet normal -0.534867 0.844936 0
    outer loop
      vertex 9.94359 -17.7691 21
      vertex 9.77772 -17.8741 22.3
      vertex 9.94359 -17.7691 22.3
    endloop
  endfacet
  facet normal -0.534867 0.844936 0
    outer loop
      vertex 9.77772 -17.8741 22.3
      vertex 9.94359 -17.7691 21
      vertex 9.77772 -17.8741 21
    endloop
  endfacet
  facet normal -0.724261 0.689525 0
    outer loop
      vertex 9.03619 -18.5138 21
      vertex 9.17157 -18.3716 22.3
      vertex 9.17157 -18.3716 21
    endloop
  endfacet
  facet normal -0.724261 0.689525 0
    outer loop
      vertex 9.17157 -18.3716 22.3
      vertex 9.03619 -18.5138 21
      vertex 9.03619 -18.5138 22.3
    endloop
  endfacet
  facet normal -0.171083 0.985257 0
    outer loop
      vertex 11.4131 -17.2433 21
      vertex 11.2196 -17.2769 22.3
      vertex 11.4131 -17.2433 22.3
    endloop
  endfacet
  facet normal -0.171083 0.985257 0
    outer loop
      vertex 11.2196 -17.2769 22.3
      vertex 11.4131 -17.2433 21
      vertex 11.2196 -17.2769 21
    endloop
  endfacet
  facet normal -0.122279 0.992496 0
    outer loop
      vertex 11.6079 -17.2193 21.0941
      vertex 11.4131 -17.2433 22.3
      vertex 11.6079 -17.2193 22.3
    endloop
  endfacet
  facet normal -0.122469 0.992472 0.000398893
    outer loop
      vertex 11.4131 -17.2433 21
      vertex 11.6079 -17.2193 21.0941
      vertex 11.4755 -17.2356 21
    endloop
  endfacet
  facet normal -0.122279 0.992496 0
    outer loop
      vertex 11.6079 -17.2193 21.0941
      vertex 11.4131 -17.2433 21
      vertex 11.4131 -17.2433 22.3
    endloop
  endfacet
  facet normal -0.914223 -0.405212 0
    outer loop
      vertex 8.38404 -22.9102 18.3
      vertex 8.30448 -22.7307 22.3
      vertex 8.30448 -22.7307 18.3
    endloop
  endfacet
  facet normal -0.914223 -0.405212 0
    outer loop
      vertex 8.30448 -22.7307 22.3
      vertex 8.38404 -22.9102 18.3
      vertex 8.38404 -22.9102 22.3
    endloop
  endfacet
  facet normal 0.999701 0.0244451 0
    outer loop
      vertex 16 -21.2 22.3
      vertex 15.9952 -21.0037 21
      vertex 15.9952 -21.0037 22.3
    endloop
  endfacet
  facet normal 0.999701 0.0244451 0
    outer loop
      vertex 15.9952 -21.0037 21
      vertex 16 -21.2 22.3
      vertex 16 -21.2 21
    endloop
  endfacet
  facet normal -0.932941 -0.36003 0
    outer loop
      vertex 8.30448 -22.7307 18.3
      vertex 8.23382 -22.5476 22.3
      vertex 8.23382 -22.5476 18.3
    endloop
  endfacet
  facet normal -0.932941 -0.36003 0
    outer loop
      vertex 8.23382 -22.5476 22.3
      vertex 8.30448 -22.7307 18.3
      vertex 8.30448 -22.7307 22.3
    endloop
  endfacet
  facet normal -0.997292 -0.073549 0
    outer loop
      vertex 8.01926 -21.5921 18.3
      vertex 8.00482 -21.3963 22.3
      vertex 8.00482 -21.3963 18.3
    endloop
  endfacet
  facet normal -0.997292 -0.073549 0
    outer loop
      vertex 8.00482 -21.3963 22.3
      vertex 8.01926 -21.5921 18.3
      vertex 8.01926 -21.5921 22.3
    endloop
  endfacet
  facet normal -0.999699 0.0245469 0
    outer loop
      vertex 8 -21.2 21
      vertex 8.00482 -21.0037 22.3
      vertex 8.00482 -21.0037 21
    endloop
  endfacet
  facet normal -0.999699 0.0245469 0
    outer loop
      vertex 8.00482 -21.0037 22.3
      vertex 8 -21.2 21
      vertex 8 -21.2 22.3
    endloop
  endfacet
  facet normal 0.975705 -0.219088 0
    outer loop
      vertex 15.8801 -22.1719 22.3
      vertex 15.9231 -21.9804 18.3
      vertex 15.9231 -21.9804 22.3
    endloop
  endfacet
  facet normal 0.975705 -0.219088 0
    outer loop
      vertex 15.9231 -21.9804 18.3
      vertex 15.8801 -22.1719 22.3
      vertex 15.8801 -22.1719 18.3
    endloop
  endfacet
  facet normal -0.757091 0.653309 0
    outer loop
      vertex 8.90796 -18.6624 21
      vertex 9.03619 -18.5138 22.3
      vertex 9.03619 -18.5138 21
    endloop
  endfacet
  facet normal -0.757091 0.653309 0
    outer loop
      vertex 9.03619 -18.5138 22.3
      vertex 8.90796 -18.6624 21
      vertex 8.90796 -18.6624 22.3
    endloop
  endfacet
  facet normal 0.653222 -0.757167 0
    outer loop
      vertex 14.5376 -24.292 18.3
      vertex 14.6862 -24.1638 22.3
      vertex 14.5376 -24.292 22.3
    endloop
  endfacet
  facet normal 0.653222 -0.757167 0
    outer loop
      vertex 14.6862 -24.1638 22.3
      vertex 14.5376 -24.292 18.3
      vertex 14.6862 -24.1638 18.3
    endloop
  endfacet
  facet normal -0.985282 -0.170935 0
    outer loop
      vertex 8.07686 -21.9804 18.3
      vertex 8.04329 -21.7869 22.3
      vertex 8.04329 -21.7869 18.3
    endloop
  endfacet
  facet normal -0.985282 -0.170935 0
    outer loop
      vertex 8.04329 -21.7869 22.3
      vertex 8.07686 -21.9804 18.3
      vertex 8.07686 -21.9804 22.3
    endloop
  endfacet
  facet normal -0.689604 0.724186 0
    outer loop
      vertex 9.31376 -18.2362 21
      vertex 9.17157 -18.3716 22.3
      vertex 9.31376 -18.2362 22.3
    endloop
  endfacet
  facet normal -0.689604 0.724186 0
    outer loop
      vertex 9.17157 -18.3716 22.3
      vertex 9.31376 -18.2362 21
      vertex 9.17157 -18.3716 21
    endloop
  endfacet
  facet normal 0.992496 0.122279 0
    outer loop
      vertex 15.9807 -20.8079 22.3
      vertex 15.9567 -20.6131 21
      vertex 15.9567 -20.6131 22.3
    endloop
  endfacet
  facet normal 0.992496 0.122279 0
    outer loop
      vertex 15.9567 -20.6131 21
      vertex 15.9807 -20.8079 22.3
      vertex 15.9807 -20.8079 21
    endloop
  endfacet
  facet normal 0.360208 -0.932872 0
    outer loop
      vertex 13.3476 -24.9662 18.3
      vertex 13.5307 -24.8955 22.3
      vertex 13.3476 -24.9662 22.3
    endloop
  endfacet
  facet normal 0.360208 -0.932872 0
    outer loop
      vertex 13.5307 -24.8955 22.3
      vertex 13.3476 -24.9662 18.3
      vertex 13.5307 -24.8955 18.3
    endloop
  endfacet
  facet normal -0.914223 0.405212 0
    outer loop
      vertex 8.30448 -19.6693 21
      vertex 8.38404 -19.4898 22.3
      vertex 8.38404 -19.4898 21
    endloop
  endfacet
  facet normal -0.914223 0.405212 0
    outer loop
      vertex 8.38404 -19.4898 22.3
      vertex 8.30448 -19.6693 21
      vertex 8.30448 -19.6693 22.3
    endloop
  endfacet
  facet normal -0.0738529 0.997269 0
    outer loop
      vertex 11.8037 -17.2048 21.1774
      vertex 11.6079 -17.2193 22.3
      vertex 11.8037 -17.2048 22.3
    endloop
  endfacet
  facet normal -0.0738529 0.997269 0
    outer loop
      vertex 11.6079 -17.2193 22.3
      vertex 11.8037 -17.2048 21.1774
      vertex 11.6079 -17.2193 21.0941
    endloop
  endfacet
  facet normal 0.219088 -0.975705 0
    outer loop
      vertex 12.7804 -25.1231 18.3
      vertex 12.9719 -25.0801 22.3
      vertex 12.7804 -25.1231 22.3
    endloop
  endfacet
  facet normal 0.219088 -0.975705 0
    outer loop
      vertex 12.9719 -25.0801 22.3
      vertex 12.7804 -25.1231 18.3
      vertex 12.9719 -25.0801 18.3
    endloop
  endfacet
  facet normal 0.84498 -0.534798 0
    outer loop
      vertex 15.3259 -23.4223 22.3
      vertex 15.4309 -23.2564 18.3
      vertex 15.4309 -23.2564 22.3
    endloop
  endfacet
  facet normal 0.84498 -0.534798 0
    outer loop
      vertex 15.4309 -23.2564 18.3
      vertex 15.3259 -23.4223 22.3
      vertex 15.3259 -23.4223 18.3
    endloop
  endfacet
  facet normal 0.689579 0.724211 -0
    outer loop
      vertex 14.8284 -18.3716 21
      vertex 14.6862 -18.2362 22.3
      vertex 14.8284 -18.3716 22.3
    endloop
  endfacet
  facet normal 0.689579 0.724211 0
    outer loop
      vertex 14.6862 -18.2362 22.3
      vertex 14.8284 -18.3716 21
      vertex 14.6862 -18.2362 21
    endloop
  endfacet
  facet normal -0.575975 0.817467 0
    outer loop
      vertex 9.77772 -17.8741 21
      vertex 9.6172 -17.9872 22.3
      vertex 9.77772 -17.8741 22.3
    endloop
  endfacet
  facet normal -0.575975 0.817467 0
    outer loop
      vertex 9.6172 -17.9872 22.3
      vertex 9.77772 -17.8741 21
      vertex 9.6172 -17.9872 21
    endloop
  endfacet
  facet normal -0.893263 -0.449534 0
    outer loop
      vertex 8.47231 -23.0856 18.3
      vertex 8.38404 -22.9102 22.3
      vertex 8.38404 -22.9102 18.3
    endloop
  endfacet
  facet normal -0.893263 -0.449534 0
    outer loop
      vertex 8.38404 -22.9102 22.3
      vertex 8.47231 -23.0856 18.3
      vertex 8.47231 -23.0856 22.3
    endloop
  endfacet
  facet normal 0.266435 -0.963853 0
    outer loop
      vertex 12.9719 -25.0801 18.3
      vertex 13.1611 -25.0278 22.3
      vertex 12.9719 -25.0801 22.3
    endloop
  endfacet
  facet normal 0.266435 -0.963853 0
    outer loop
      vertex 13.1611 -25.0278 22.3
      vertex 12.9719 -25.0801 18.3
      vertex 13.1611 -25.0278 18.3
    endloop
  endfacet
  facet normal 0.932872 0.360208 0
    outer loop
      vertex 15.7662 -19.8524 22.3
      vertex 15.6955 -19.6693 21
      vertex 15.6955 -19.6693 22.3
    endloop
  endfacet
  facet normal 0.932872 0.360208 0
    outer loop
      vertex 15.6955 -19.6693 21
      vertex 15.7662 -19.8524 22.3
      vertex 15.7662 -19.8524 21
    endloop
  endfacet
  facet normal 0.992496 -0.122279 0
    outer loop
      vertex 15.9567 -21.7869 22.3
      vertex 15.9807 -21.5921 18.3
      vertex 15.9807 -21.5921 22.3
    endloop
  endfacet
  facet normal 0.992496 -0.122279 0
    outer loop
      vertex 15.9807 -21.5921 18.3
      vertex 15.9567 -21.7869 22.3
      vertex 15.9567 -21.7869 18.3
    endloop
  endfacet
  facet normal 0.534798 -0.84498 0
    outer loop
      vertex 14.0564 -24.6309 18.3
      vertex 14.2223 -24.5259 22.3
      vertex 14.0564 -24.6309 22.3
    endloop
  endfacet
  facet normal 0.534798 -0.84498 0
    outer loop
      vertex 14.2223 -24.5259 22.3
      vertex 14.0564 -24.6309 18.3
      vertex 14.2223 -24.5259 18.3
    endloop
  endfacet
  facet normal 0.615209 0.788364 -0
    outer loop
      vertex 14.5376 -18.108 21
      vertex 14.3828 -17.9872 22.3
      vertex 14.5376 -18.108 22.3
    endloop
  endfacet
  facet normal 0.615209 0.788364 0
    outer loop
      vertex 14.3828 -17.9872 22.3
      vertex 14.5376 -18.108 21
      vertex 14.3828 -17.9872 21
    endloop
  endfacet
  facet normal 0.84498 0.534798 0
    outer loop
      vertex 15.4309 -19.1436 22.3
      vertex 15.3259 -18.9777 21
      vertex 15.3259 -18.9777 22.3
    endloop
  endfacet
  facet normal 0.84498 0.534798 0
    outer loop
      vertex 15.3259 -18.9777 21
      vertex 15.4309 -19.1436 22.3
      vertex 15.4309 -19.1436 21
    endloop
  endfacet
  facet normal -0.870037 -0.492987 0
    outer loop
      vertex 8.56909 -23.2564 18.3
      vertex 8.47231 -23.0856 22.3
      vertex 8.47231 -23.0856 18.3
    endloop
  endfacet
  facet normal -0.870037 -0.492987 0
    outer loop
      vertex 8.47231 -23.0856 22.3
      vertex 8.56909 -23.2564 18.3
      vertex 8.56909 -23.2564 22.3
    endloop
  endfacet
  facet normal -0.449656 -0.893202 0
    outer loop
      vertex 10.1144 -24.7277 18.3
      vertex 10.2898 -24.816 22.3
      vertex 10.1144 -24.7277 22.3
    endloop
  endfacet
  facet normal -0.449656 -0.893202 -0
    outer loop
      vertex 10.2898 -24.816 22.3
      vertex 10.1144 -24.7277 18.3
      vertex 10.2898 -24.816 18.3
    endloop
  endfacet
  facet normal 0.404957 0.914336 -0
    outer loop
      vertex 13.7102 -17.584 21
      vertex 13.5307 -17.5045 22.3
      vertex 13.7102 -17.584 22.3
    endloop
  endfacet
  facet normal 0.404957 0.914336 0
    outer loop
      vertex 13.5307 -17.5045 22.3
      vertex 13.7102 -17.584 21
      vertex 13.5307 -17.5045 21
    endloop
  endfacet
  facet normal 0.0738529 0.997269 0
    outer loop
      vertex 12.3921 -17.2193 22.3
      vertex 12.1963 -17.2048 21.1774
      vertex 12.1963 -17.2048 22.3
    endloop
  endfacet
  facet normal 0.0738529 0.997269 0
    outer loop
      vertex 12.1963 -17.2048 21.1774
      vertex 12.3921 -17.2193 22.3
      vertex 12.3921 -17.2193 21.0941
    endloop
  endfacet
  facet normal 0.914336 0.404957 0
    outer loop
      vertex 15.6955 -19.6693 22.3
      vertex 15.616 -19.4898 21
      vertex 15.616 -19.4898 22.3
    endloop
  endfacet
  facet normal 0.914336 0.404957 0
    outer loop
      vertex 15.616 -19.4898 21
      vertex 15.6955 -19.6693 22.3
      vertex 15.6955 -19.6693 21
    endloop
  endfacet
  facet normal 0.975705 0.219088 0
    outer loop
      vertex 15.9231 -20.4196 22.3
      vertex 15.8801 -20.2281 21
      vertex 15.8801 -20.2281 22.3
    endloop
  endfacet
  facet normal 0.975705 0.219088 0
    outer loop
      vertex 15.8801 -20.2281 21
      vertex 15.9231 -20.4196 22.3
      vertex 15.9231 -20.4196 21
    endloop
  endfacet
  facet normal 0.985257 0.171083 0
    outer loop
      vertex 15.9567 -20.6131 22.3
      vertex 15.9231 -20.4196 21
      vertex 15.9231 -20.4196 22.3
    endloop
  endfacet
  facet normal 0.985257 0.171083 0
    outer loop
      vertex 15.9231 -20.4196 21
      vertex 15.9567 -20.6131 22.3
      vertex 15.9567 -20.6131 21
    endloop
  endfacet
  facet normal 0.788364 -0.615209 0
    outer loop
      vertex 15.092 -23.7376 22.3
      vertex 15.2128 -23.5828 18.3
      vertex 15.2128 -23.5828 22.3
    endloop
  endfacet
  facet normal 0.788364 -0.615209 0
    outer loop
      vertex 15.2128 -23.5828 18.3
      vertex 15.092 -23.7376 22.3
      vertex 15.092 -23.7376 18.3
    endloop
  endfacet
  facet normal 0.266435 0.963853 -0
    outer loop
      vertex 13.1611 -17.3722 21
      vertex 12.9719 -17.3199 22.3
      vertex 13.1611 -17.3722 22.3
    endloop
  endfacet
  facet normal 0.266435 0.963853 0
    outer loop
      vertex 12.9719 -17.3199 22.3
      vertex 13.1611 -17.3722 21
      vertex 12.9719 -17.3199 21
    endloop
  endfacet
  facet normal -0.122279 -0.992496 0
    outer loop
      vertex 11.4131 -25.1567 18.3
      vertex 11.6079 -25.1807 22.3
      vertex 11.4131 -25.1567 22.3
    endloop
  endfacet
  facet normal -0.122279 -0.992496 -0
    outer loop
      vertex 11.6079 -25.1807 22.3
      vertex 11.4131 -25.1567 18.3
      vertex 11.6079 -25.1807 18.3
    endloop
  endfacet
  facet normal -0.870037 0.492987 0
    outer loop
      vertex 8.47231 -19.3144 21
      vertex 8.56909 -19.1436 22.3
      vertex 8.56909 -19.1436 21
    endloop
  endfacet
  facet normal -0.870037 0.492987 0
    outer loop
      vertex 8.56909 -19.1436 22.3
      vertex 8.47231 -19.3144 21
      vertex 8.47231 -19.3144 22.3
    endloop
  endfacet
  facet normal -0.0244451 0.999701 0
    outer loop
      vertex 12 -17.2 21.2051
      vertex 11.8037 -17.2048 22.3
      vertex 12 -17.2 22.3
    endloop
  endfacet
  facet normal -0.0244451 0.999701 0
    outer loop
      vertex 11.8037 -17.2048 22.3
      vertex 12 -17.2 21.2051
      vertex 11.8037 -17.2048 21.1774
    endloop
  endfacet
  facet normal 0.914336 -0.404957 0
    outer loop
      vertex 15.616 -22.9102 22.3
      vertex 15.6955 -22.7307 18.3
      vertex 15.6955 -22.7307 22.3
    endloop
  endfacet
  facet normal 0.914336 -0.404957 0
    outer loop
      vertex 15.6955 -22.7307 18.3
      vertex 15.616 -22.9102 22.3
      vertex 15.616 -22.9102 18.3
    endloop
  endfacet
  facet normal 0.932872 -0.360208 0
    outer loop
      vertex 15.6955 -22.7307 22.3
      vertex 15.7662 -22.5476 18.3
      vertex 15.7662 -22.5476 22.3
    endloop
  endfacet
  facet normal 0.932872 -0.360208 0
    outer loop
      vertex 15.7662 -22.5476 18.3
      vertex 15.6955 -22.7307 22.3
      vertex 15.6955 -22.7307 18.3
    endloop
  endfacet
  facet normal 0.724211 0.689579 0
    outer loop
      vertex 14.9638 -18.5138 22.3
      vertex 14.8284 -18.3716 21
      vertex 14.8284 -18.3716 22.3
    endloop
  endfacet
  facet normal 0.724211 0.689579 0
    outer loop
      vertex 14.8284 -18.3716 21
      vertex 14.9638 -18.5138 22.3
      vertex 14.9638 -18.5138 21
    endloop
  endfacet
  facet normal -0.653045 -0.757319 0
    outer loop
      vertex 9.31376 -24.1638 18.3
      vertex 9.46243 -24.292 22.3
      vertex 9.31376 -24.1638 22.3
    endloop
  endfacet
  facet normal -0.653045 -0.757319 -0
    outer loop
      vertex 9.46243 -24.292 22.3
      vertex 9.31376 -24.1638 18.3
      vertex 9.46243 -24.292 18.3
    endloop
  endfacet
  facet normal 0.893202 0.449656 0
    outer loop
      vertex 15.616 -19.4898 22.3
      vertex 15.5277 -19.3144 21
      vertex 15.5277 -19.3144 22.3
    endloop
  endfacet
  facet normal 0.893202 0.449656 0
    outer loop
      vertex 15.5277 -19.3144 21
      vertex 15.616 -19.4898 22.3
      vertex 15.616 -19.4898 21
    endloop
  endfacet
  facet normal 0.869993 0.493064 0
    outer loop
      vertex 15.5277 -19.3144 22.3
      vertex 15.4309 -19.1436 21
      vertex 15.4309 -19.1436 22.3
    endloop
  endfacet
  facet normal 0.869993 0.493064 0
    outer loop
      vertex 15.4309 -19.1436 21
      vertex 15.5277 -19.3144 22.3
      vertex 15.5277 -19.3144 21
    endloop
  endfacet
  facet normal -0.985282 0.170935 0
    outer loop
      vertex 8.04329 -20.6131 21
      vertex 8.07686 -20.4196 22.3
      vertex 8.07686 -20.4196 21
    endloop
  endfacet
  facet normal -0.985282 0.170935 0
    outer loop
      vertex 8.07686 -20.4196 22.3
      vertex 8.04329 -20.6131 21
      vertex 8.04329 -20.6131 22.3
    endloop
  endfacet
  facet normal 0.0738529 -0.997269 0
    outer loop
      vertex 12.1963 -25.1952 18.3
      vertex 12.3921 -25.1807 22.3
      vertex 12.1963 -25.1952 22.3
    endloop
  endfacet
  facet normal 0.0738529 -0.997269 0
    outer loop
      vertex 12.3921 -25.1807 22.3
      vertex 12.1963 -25.1952 18.3
      vertex 12.3921 -25.1807 18.3
    endloop
  endfacet
  facet normal -0.844911 -0.534907 0
    outer loop
      vertex 8.67412 -23.4223 18.3
      vertex 8.56909 -23.2564 22.3
      vertex 8.56909 -23.2564 18.3
    endloop
  endfacet
  facet normal -0.844911 -0.534907 0
    outer loop
      vertex 8.56909 -23.2564 22.3
      vertex 8.67412 -23.4223 18.3
      vertex 8.67412 -23.4223 22.3
    endloop
  endfacet
  facet normal -0.615283 -0.788306 0
    outer loop
      vertex 9.46243 -24.292 18.3
      vertex 9.6172 -24.4128 22.3
      vertex 9.46243 -24.292 22.3
    endloop
  endfacet
  facet normal -0.615283 -0.788306 -0
    outer loop
      vertex 9.6172 -24.4128 22.3
      vertex 9.46243 -24.292 18.3
      vertex 9.6172 -24.4128 18.3
    endloop
  endfacet
  facet normal -0.615283 0.788306 0
    outer loop
      vertex 9.6172 -17.9872 21
      vertex 9.46243 -18.108 22.3
      vertex 9.6172 -17.9872 22.3
    endloop
  endfacet
  facet normal -0.615283 0.788306 0
    outer loop
      vertex 9.46243 -18.108 22.3
      vertex 9.6172 -17.9872 21
      vertex 9.46243 -18.108 21
    endloop
  endfacet
  facet normal -0.963761 0.266766 0
    outer loop
      vertex 8.11987 -20.2281 21
      vertex 8.17224 -20.0389 22.3
      vertex 8.17224 -20.0389 21
    endloop
  endfacet
  facet normal -0.963761 0.266766 0
    outer loop
      vertex 8.17224 -20.0389 22.3
      vertex 8.11987 -20.2281 21
      vertex 8.11987 -20.2281 22.3
    endloop
  endfacet
  facet normal 0.171083 0.985257 -0
    outer loop
      vertex 12.7804 -17.2769 21
      vertex 12.5869 -17.2433 22.3
      vertex 12.7804 -17.2769 22.3
    endloop
  endfacet
  facet normal 0.171083 0.985257 0
    outer loop
      vertex 12.5869 -17.2433 22.3
      vertex 12.7804 -17.2769 21
      vertex 12.5869 -17.2433 21
    endloop
  endfacet
  facet normal -0.653045 0.757319 0
    outer loop
      vertex 9.46243 -18.108 21
      vertex 9.31376 -18.2362 22.3
      vertex 9.46243 -18.108 22.3
    endloop
  endfacet
  facet normal -0.653045 0.757319 0
    outer loop
      vertex 9.31376 -18.2362 22.3
      vertex 9.46243 -18.108 21
      vertex 9.31376 -18.2362 21
    endloop
  endfacet
  facet normal -0.404957 0.914336 0
    outer loop
      vertex 10.4693 -17.5045 21
      vertex 10.2898 -17.584 22.3
      vertex 10.4693 -17.5045 22.3
    endloop
  endfacet
  facet normal -0.404957 0.914336 0
    outer loop
      vertex 10.2898 -17.584 22.3
      vertex 10.4693 -17.5045 21
      vertex 10.2898 -17.584 21
    endloop
  endfacet
  facet normal -0.992477 -0.122429 0
    outer loop
      vertex 8.04329 -21.7869 18.3
      vertex 8.01926 -21.5921 22.3
      vertex 8.01926 -21.5921 18.3
    endloop
  endfacet
  facet normal -0.992477 -0.122429 0
    outer loop
      vertex 8.01926 -21.5921 22.3
      vertex 8.04329 -21.7869 18.3
      vertex 8.04329 -21.7869 22.3
    endloop
  endfacet
  facet normal -0.932941 0.36003 0
    outer loop
      vertex 8.23382 -19.8524 21
      vertex 8.30448 -19.6693 22.3
      vertex 8.30448 -19.6693 21
    endloop
  endfacet
  facet normal -0.932941 0.36003 0
    outer loop
      vertex 8.30448 -19.6693 22.3
      vertex 8.23382 -19.8524 21
      vertex 8.23382 -19.8524 22.3
    endloop
  endfacet
  facet normal -0.757091 -0.653309 0
    outer loop
      vertex 9.03619 -23.8862 18.3
      vertex 8.90796 -23.7376 22.3
      vertex 8.90796 -23.7376 18.3
    endloop
  endfacet
  facet normal -0.757091 -0.653309 0
    outer loop
      vertex 8.90796 -23.7376 22.3
      vertex 9.03619 -23.8862 18.3
      vertex 9.03619 -23.8862 22.3
    endloop
  endfacet
  facet normal -0.949576 -0.313538 0
    outer loop
      vertex 8.23382 -22.5476 18.3
      vertex 8.17224 -22.3611 22.3
      vertex 8.17224 -22.3611 18.3
    endloop
  endfacet
  facet normal -0.949576 -0.313538 0
    outer loop
      vertex 8.17224 -22.3611 22.3
      vertex 8.23382 -22.5476 18.3
      vertex 8.23382 -22.5476 22.3
    endloop
  endfacet
  facet normal 0.653222 0.757167 -0
    outer loop
      vertex 14.6862 -18.2362 21
      vertex 14.5376 -18.108 22.3
      vertex 14.6862 -18.2362 22.3
    endloop
  endfacet
  facet normal 0.653222 0.757167 0
    outer loop
      vertex 14.5376 -18.108 22.3
      vertex 14.6862 -18.2362 21
      vertex 14.5376 -18.108 21
    endloop
  endfacet
  facet normal -0.575975 -0.817467 0
    outer loop
      vertex 9.6172 -24.4128 18.3
      vertex 9.77772 -24.5259 22.3
      vertex 9.6172 -24.4128 22.3
    endloop
  endfacet
  facet normal -0.575975 -0.817467 -0
    outer loop
      vertex 9.77772 -24.5259 22.3
      vertex 9.6172 -24.4128 18.3
      vertex 9.77772 -24.5259 18.3
    endloop
  endfacet
  facet normal 0.724211 -0.689579 0
    outer loop
      vertex 14.8284 -24.0284 22.3
      vertex 14.9638 -23.8862 18.3
      vertex 14.9638 -23.8862 22.3
    endloop
  endfacet
  facet normal 0.724211 -0.689579 0
    outer loop
      vertex 14.9638 -23.8862 18.3
      vertex 14.8284 -24.0284 22.3
      vertex 14.8284 -24.0284 18.3
    endloop
  endfacet
  facet normal -0.963761 -0.266766 0
    outer loop
      vertex 8.17224 -22.3611 18.3
      vertex 8.11987 -22.1719 22.3
      vertex 8.11987 -22.1719 18.3
    endloop
  endfacet
  facet normal -0.963761 -0.266766 0
    outer loop
      vertex 8.11987 -22.1719 22.3
      vertex 8.17224 -22.3611 18.3
      vertex 8.17224 -22.3611 22.3
    endloop
  endfacet
  facet normal 0.817433 -0.576023 0
    outer loop
      vertex 15.2128 -23.5828 22.3
      vertex 15.3259 -23.4223 18.3
      vertex 15.3259 -23.4223 22.3
    endloop
  endfacet
  facet normal 0.817433 -0.576023 0
    outer loop
      vertex 15.3259 -23.4223 18.3
      vertex 15.2128 -23.5828 22.3
      vertex 15.2128 -23.5828 18.3
    endloop
  endfacet
  facet normal -0.975694 0.219136 0
    outer loop
      vertex 8.07686 -20.4196 21
      vertex 8.11987 -20.2281 22.3
      vertex 8.11987 -20.2281 21
    endloop
  endfacet
  facet normal -0.975694 0.219136 0
    outer loop
      vertex 8.11987 -20.2281 22.3
      vertex 8.07686 -20.4196 21
      vertex 8.07686 -20.4196 22.3
    endloop
  endfacet
  facet normal -0.360208 0.932872 0
    outer loop
      vertex 10.6524 -17.4338 21
      vertex 10.4693 -17.5045 22.3
      vertex 10.6524 -17.4338 22.3
    endloop
  endfacet
  facet normal -0.360208 0.932872 0
    outer loop
      vertex 10.4693 -17.5045 22.3
      vertex 10.6524 -17.4338 21
      vertex 10.4693 -17.5045 21
    endloop
  endfacet
  facet normal -0.0244451 -0.999701 0
    outer loop
      vertex 11.8037 -25.1952 18.3
      vertex 12 -25.2 22.3
      vertex 11.8037 -25.1952 22.3
    endloop
  endfacet
  facet normal -0.0244451 -0.999701 -0
    outer loop
      vertex 12 -25.2 22.3
      vertex 11.8037 -25.1952 18.3
      vertex 12 -25.2 18.3
    endloop
  endfacet
  facet normal 0.0244451 -0.999701 0
    outer loop
      vertex 12 -25.2 18.3
      vertex 12.1963 -25.1952 22.3
      vertex 12 -25.2 22.3
    endloop
  endfacet
  facet normal 0.0244451 -0.999701 0
    outer loop
      vertex 12.1963 -25.1952 22.3
      vertex 12 -25.2 18.3
      vertex 12.1963 -25.1952 18.3
    endloop
  endfacet
  facet normal 0.219088 0.975705 -0
    outer loop
      vertex 12.9719 -17.3199 21
      vertex 12.7804 -17.2769 22.3
      vertex 12.9719 -17.3199 22.3
    endloop
  endfacet
  facet normal 0.219088 0.975705 0
    outer loop
      vertex 12.7804 -17.2769 22.3
      vertex 12.9719 -17.3199 21
      vertex 12.7804 -17.2769 21
    endloop
  endfacet
  facet normal 0.985257 -0.171083 0
    outer loop
      vertex 15.9231 -21.9804 22.3
      vertex 15.9567 -21.7869 18.3
      vertex 15.9567 -21.7869 22.3
    endloop
  endfacet
  facet normal 0.985257 -0.171083 0
    outer loop
      vertex 15.9567 -21.7869 18.3
      vertex 15.9231 -21.9804 22.3
      vertex 15.9231 -21.9804 18.3
    endloop
  endfacet
  facet normal -0.999699 -0.0245469 0
    outer loop
      vertex 8.00482 -21.3963 18.3
      vertex 8 -21.2 21
      vertex 8 -21.2 18.3
    endloop
  endfacet
  facet normal -0.999699 -0.0245469 -0
    outer loop
      vertex 8.00482 -21.3963 22.3
      vertex 8 -21.2 21
      vertex 8.00482 -21.3963 18.3
    endloop
  endfacet
  facet normal -0.999699 -0.0245469 0
    outer loop
      vertex 8 -21.2 21
      vertex 8.00482 -21.3963 22.3
      vertex 8 -21.2 22.3
    endloop
  endfacet
  facet normal 0.949545 -0.31363 0
    outer loop
      vertex 15.7662 -22.5476 22.3
      vertex 15.8278 -22.3611 18.3
      vertex 15.8278 -22.3611 22.3
    endloop
  endfacet
  facet normal 0.949545 -0.31363 0
    outer loop
      vertex 15.8278 -22.3611 18.3
      vertex 15.7662 -22.5476 22.3
      vertex 15.7662 -22.5476 18.3
    endloop
  endfacet
  facet normal 0.449656 -0.893202 0
    outer loop
      vertex 13.7102 -24.816 18.3
      vertex 13.8856 -24.7277 22.3
      vertex 13.7102 -24.816 22.3
    endloop
  endfacet
  facet normal 0.449656 -0.893202 0
    outer loop
      vertex 13.8856 -24.7277 22.3
      vertex 13.7102 -24.816 18.3
      vertex 13.8856 -24.7277 18.3
    endloop
  endfacet
  facet normal -0.817553 -0.575853 0
    outer loop
      vertex 8.78717 -23.5828 18.3
      vertex 8.67412 -23.4223 22.3
      vertex 8.67412 -23.4223 18.3
    endloop
  endfacet
  facet normal -0.817553 -0.575853 0
    outer loop
      vertex 8.67412 -23.4223 22.3
      vertex 8.78717 -23.5828 18.3
      vertex 8.78717 -23.5828 22.3
    endloop
  endfacet
  facet normal 0.757167 0.653222 0
    outer loop
      vertex 15.092 -18.6624 22.3
      vertex 14.9638 -18.5138 21
      vertex 14.9638 -18.5138 22.3
    endloop
  endfacet
  facet normal 0.757167 0.653222 0
    outer loop
      vertex 14.9638 -18.5138 21
      vertex 15.092 -18.6624 22.3
      vertex 15.092 -18.6624 21
    endloop
  endfacet
  facet normal 0.122279 -0.992496 0
    outer loop
      vertex 12.3921 -25.1807 18.3
      vertex 12.5869 -25.1567 22.3
      vertex 12.3921 -25.1807 22.3
    endloop
  endfacet
  facet normal 0.122279 -0.992496 0
    outer loop
      vertex 12.5869 -25.1567 22.3
      vertex 12.3921 -25.1807 18.3
      vertex 12.5869 -25.1567 18.3
    endloop
  endfacet
  facet normal 0.893202 -0.449656 0
    outer loop
      vertex 15.5277 -23.0856 22.3
      vertex 15.616 -22.9102 18.3
      vertex 15.616 -22.9102 22.3
    endloop
  endfacet
  facet normal 0.893202 -0.449656 0
    outer loop
      vertex 15.616 -22.9102 18.3
      vertex 15.5277 -23.0856 22.3
      vertex 15.5277 -23.0856 18.3
    endloop
  endfacet
  facet normal 0.171083 -0.985257 0
    outer loop
      vertex 12.5869 -25.1567 18.3
      vertex 12.7804 -25.1231 22.3
      vertex 12.5869 -25.1567 22.3
    endloop
  endfacet
  facet normal 0.171083 -0.985257 0
    outer loop
      vertex 12.7804 -25.1231 22.3
      vertex 12.5869 -25.1567 18.3
      vertex 12.7804 -25.1231 18.3
    endloop
  endfacet
  facet normal -0.788389 0.615177 0
    outer loop
      vertex 8.78717 -18.8172 21
      vertex 8.90796 -18.6624 22.3
      vertex 8.90796 -18.6624 21
    endloop
  endfacet
  facet normal -0.788389 0.615177 0
    outer loop
      vertex 8.90796 -18.6624 22.3
      vertex 8.78717 -18.8172 21
      vertex 8.78717 -18.8172 22.3
    endloop
  endfacet
  facet normal -0.266435 0.963853 0
    outer loop
      vertex 11.0281 -17.3199 21
      vertex 10.8389 -17.3722 22.3
      vertex 11.0281 -17.3199 22.3
    endloop
  endfacet
  facet normal -0.266435 0.963853 0
    outer loop
      vertex 10.8389 -17.3722 22.3
      vertex 11.0281 -17.3199 21
      vertex 10.8389 -17.3722 21
    endloop
  endfacet
  facet normal -0.360208 -0.932872 0
    outer loop
      vertex 10.4693 -24.8955 18.3
      vertex 10.6524 -24.9662 22.3
      vertex 10.4693 -24.8955 22.3
    endloop
  endfacet
  facet normal -0.360208 -0.932872 -0
    outer loop
      vertex 10.6524 -24.9662 22.3
      vertex 10.4693 -24.8955 18.3
      vertex 10.6524 -24.9662 18.3
    endloop
  endfacet
  facet normal -0.724261 -0.689525 0
    outer loop
      vertex 9.17157 -24.0284 18.3
      vertex 9.03619 -23.8862 22.3
      vertex 9.03619 -23.8862 18.3
    endloop
  endfacet
  facet normal -0.724261 -0.689525 0
    outer loop
      vertex 9.03619 -23.8862 22.3
      vertex 9.17157 -24.0284 18.3
      vertex 9.17157 -24.0284 22.3
    endloop
  endfacet
  facet normal 0.449656 0.893202 -0
    outer loop
      vertex 13.8856 -17.6723 21
      vertex 13.7102 -17.584 22.3
      vertex 13.8856 -17.6723 22.3
    endloop
  endfacet
  facet normal 0.449656 0.893202 0
    outer loop
      vertex 13.7102 -17.584 22.3
      vertex 13.8856 -17.6723 21
      vertex 13.7102 -17.584 21
    endloop
  endfacet
  facet normal 0.493064 0.869993 -0
    outer loop
      vertex 14.0564 -17.7691 21
      vertex 13.8856 -17.6723 22.3
      vertex 14.0564 -17.7691 22.3
    endloop
  endfacet
  facet normal 0.493064 0.869993 0
    outer loop
      vertex 13.8856 -17.6723 22.3
      vertex 14.0564 -17.7691 21
      vertex 13.8856 -17.6723 21
    endloop
  endfacet
  facet normal -0.493042 0.870005 0
    outer loop
      vertex 10.1144 -17.6723 21
      vertex 9.94359 -17.7691 22.3
      vertex 10.1144 -17.6723 22.3
    endloop
  endfacet
  facet normal -0.493042 0.870005 0
    outer loop
      vertex 9.94359 -17.7691 22.3
      vertex 10.1144 -17.6723 21
      vertex 9.94359 -17.7691 21
    endloop
  endfacet
  facet normal 0.0244451 0.999701 0
    outer loop
      vertex 12.1963 -17.2048 22.3
      vertex 12 -17.2 21.2051
      vertex 12 -17.2 22.3
    endloop
  endfacet
  facet normal 0.0244451 0.999701 0
    outer loop
      vertex 12 -17.2 21.2051
      vertex 12.1963 -17.2048 22.3
      vertex 12.1963 -17.2048 21.1774
    endloop
  endfacet
  facet normal -0.992477 0.122429 0
    outer loop
      vertex 8.01926 -20.8079 21
      vertex 8.04329 -20.6131 22.3
      vertex 8.04329 -20.6131 21
    endloop
  endfacet
  facet normal -0.992477 0.122429 0
    outer loop
      vertex 8.04329 -20.6131 22.3
      vertex 8.01926 -20.8079 21
      vertex 8.01926 -20.8079 22.3
    endloop
  endfacet
  facet normal -0.997292 0.073549 0
    outer loop
      vertex 8.00482 -21.0037 21
      vertex 8.01926 -20.8079 22.3
      vertex 8.01926 -20.8079 21
    endloop
  endfacet
  facet normal -0.997292 0.073549 0
    outer loop
      vertex 8.01926 -20.8079 22.3
      vertex 8.00482 -21.0037 21
      vertex 8.00482 -21.0037 22.3
    endloop
  endfacet
  facet normal 0.576023 -0.817433 0
    outer loop
      vertex 14.2223 -24.5259 18.3
      vertex 14.3828 -24.4128 22.3
      vertex 14.2223 -24.5259 22.3
    endloop
  endfacet
  facet normal 0.576023 -0.817433 0
    outer loop
      vertex 14.3828 -24.4128 22.3
      vertex 14.2223 -24.5259 18.3
      vertex 14.3828 -24.4128 18.3
    endloop
  endfacet
  facet normal 0.615209 -0.788364 0
    outer loop
      vertex 14.3828 -24.4128 18.3
      vertex 14.5376 -24.292 22.3
      vertex 14.3828 -24.4128 22.3
    endloop
  endfacet
  facet normal 0.615209 -0.788364 0
    outer loop
      vertex 14.5376 -24.292 22.3
      vertex 14.3828 -24.4128 18.3
      vertex 14.5376 -24.292 18.3
    endloop
  endfacet
  facet normal 0 0 1
    outer loop
      vertex 13.7 -21.2 22.3
      vertex 16 -21.2 22.3
      vertex 15.9952 -21.0037 22.3
    endloop
  endfacet
  facet normal 0 0 1
    outer loop
      vertex 13.698 -21.1166 22.3
      vertex 15.9952 -21.0037 22.3
      vertex 15.9807 -20.8079 22.3
    endloop
  endfacet
  facet normal 0 0 1
    outer loop
      vertex 16 -21.2 22.3
      vertex 13.7 -21.2 22.3
      vertex 15.9952 -21.3963 22.3
    endloop
  endfacet
  facet normal 0 0 1
    outer loop
      vertex 13.6918 -21.0334 22.3
      vertex 15.9807 -20.8079 22.3
      vertex 15.9567 -20.6131 22.3
    endloop
  endfacet
  facet normal -0 0 1
    outer loop
      vertex 13.698 -21.2834 22.3
      vertex 15.9952 -21.3963 22.3
      vertex 13.7 -21.2 22.3
    endloop
  endfacet
  facet normal 0 0 1
    outer loop
      vertex 13.6816 -20.9506 22.3
      vertex 15.9567 -20.6131 22.3
      vertex 15.9231 -20.4196 22.3
    endloop
  endfacet
  facet normal 0 0 1
    outer loop
      vertex 15.9952 -21.3963 22.3
      vertex 13.698 -21.2834 22.3
      vertex 15.9807 -21.5921 22.3
    endloop
  endfacet
  facet normal 0 0 1
    outer loop
      vertex 13.6673 -20.8683 22.3
      vertex 15.9231 -20.4196 22.3
      vertex 15.8801 -20.2281 22.3
    endloop
  endfacet
  facet normal -0 0 1
    outer loop
      vertex 13.6918 -21.3666 22.3
      vertex 15.9807 -21.5921 22.3
      vertex 13.698 -21.2834 22.3
    endloop
  endfacet
  facet normal 0 0 1
    outer loop
      vertex 13.6491 -20.7869 22.3
      vertex 15.8801 -20.2281 22.3
      vertex 15.8278 -20.0389 22.3
    endloop
  endfacet
  facet normal 0 0 1
    outer loop
      vertex 15.9807 -21.5921 22.3
      vertex 13.6918 -21.3666 22.3
      vertex 15.9567 -21.7869 22.3
    endloop
  endfacet
  facet normal 0 0 1
    outer loop
      vertex 13.6268 -20.7065 22.3
      vertex 15.8278 -20.0389 22.3
      vertex 15.7662 -19.8524 22.3
    endloop
  endfacet
  facet normal -0 0 1
    outer loop
      vertex 13.6816 -21.4494 22.3
      vertex 15.9567 -21.7869 22.3
      vertex 13.6918 -21.3666 22.3
    endloop
  endfacet
  facet normal 0 0 1
    outer loop
      vertex 13.6006 -20.6273 22.3
      vertex 15.7662 -19.8524 22.3
      vertex 15.6955 -19.6693 22.3
    endloop
  endfacet
  facet normal 0 0 1
    outer loop
      vertex 15.9567 -21.7869 22.3
      vertex 13.6816 -21.4494 22.3
      vertex 15.9231 -21.9804 22.3
    endloop
  endfacet
  facet normal 0 0 1
    outer loop
      vertex 13.5706 -20.5494 22.3
      vertex 15.6955 -19.6693 22.3
      vertex 15.616 -19.4898 22.3
    endloop
  endfacet
  facet normal -0 0 1
    outer loop
      vertex 13.6673 -21.5317 22.3
      vertex 15.9231 -21.9804 22.3
      vertex 13.6816 -21.4494 22.3
    endloop
  endfacet
  facet normal 0 0 1
    outer loop
      vertex 13.5368 -20.4732 22.3
      vertex 15.616 -19.4898 22.3
      vertex 15.5277 -19.3144 22.3
    endloop
  endfacet
  facet normal 0 0 1
    outer loop
      vertex 15.9231 -21.9804 22.3
      vertex 13.6673 -21.5317 22.3
      vertex 15.8801 -22.1719 22.3
    endloop
  endfacet
  facet normal 0 0 1
    outer loop
      vertex 13.4993 -20.3986 22.3
      vertex 15.5277 -19.3144 22.3
      vertex 15.4309 -19.1436 22.3
    endloop
  endfacet
  facet normal -0 0 1
    outer loop
      vertex 13.6491 -21.6131 22.3
      vertex 15.8801 -22.1719 22.3
      vertex 13.6673 -21.5317 22.3
    endloop
  endfacet
  facet normal 0 0 1
    outer loop
      vertex 13.4581 -20.326 22.3
      vertex 15.4309 -19.1436 22.3
      vertex 15.3259 -18.9777 22.3
    endloop
  endfacet
  facet normal 0 0 1
    outer loop
      vertex 15.8801 -22.1719 22.3
      vertex 13.6491 -21.6131 22.3
      vertex 15.8278 -22.3611 22.3
    endloop
  endfacet
  facet normal 0 0 1
    outer loop
      vertex 13.4135 -20.2555 22.3
      vertex 15.3259 -18.9777 22.3
      vertex 15.2128 -18.8172 22.3
    endloop
  endfacet
  facet normal -0 0 1
    outer loop
      vertex 13.6268 -21.6935 22.3
      vertex 15.8278 -22.3611 22.3
      vertex 13.6491 -21.6131 22.3
    endloop
  endfacet
  facet normal 0 0 1
    outer loop
      vertex 13.3655 -20.1873 22.3
      vertex 15.2128 -18.8172 22.3
      vertex 15.092 -18.6624 22.3
    endloop
  endfacet
  facet normal 0 0 1
    outer loop
      vertex 15.8278 -22.3611 22.3
      vertex 13.6268 -21.6935 22.3
      vertex 15.7662 -22.5476 22.3
    endloop
  endfacet
  facet normal 0 0 1
    outer loop
      vertex 13.3141 -20.1215 22.3
      vertex 15.092 -18.6624 22.3
      vertex 14.9638 -18.5138 22.3
    endloop
  endfacet
  facet normal -0 0 1
    outer loop
      vertex 13.6006 -21.7727 22.3
      vertex 15.7662 -22.5476 22.3
      vertex 13.6268 -21.6935 22.3
    endloop
  endfacet
  facet normal 0 0 1
    outer loop
      vertex 13.2596 -20.0583 22.3
      vertex 14.9638 -18.5138 22.3
      vertex 14.8284 -18.3716 22.3
    endloop
  endfacet
  facet normal 0 0 1
    outer loop
      vertex 15.7662 -22.5476 22.3
      vertex 13.6006 -21.7727 22.3
      vertex 15.6955 -22.7307 22.3
    endloop
  endfacet
  facet normal 0 0 1
    outer loop
      vertex 13.2021 -19.9979 22.3
      vertex 14.8284 -18.3716 22.3
      vertex 14.6862 -18.2362 22.3
    endloop
  endfacet
  facet normal -0 0 1
    outer loop
      vertex 13.5706 -21.8506 22.3
      vertex 15.6955 -22.7307 22.3
      vertex 13.6006 -21.7727 22.3
    endloop
  endfacet
  facet normal 0 0 1
    outer loop
      vertex 13.1417 -19.9404 22.3
      vertex 14.6862 -18.2362 22.3
      vertex 14.5376 -18.108 22.3
    endloop
  endfacet
  facet normal 0 0 1
    outer loop
      vertex 15.6955 -22.7307 22.3
      vertex 13.5706 -21.8506 22.3
      vertex 15.616 -22.9102 22.3
    endloop
  endfacet
  facet normal 0 0 1
    outer loop
      vertex 13.0785 -19.8859 22.3
      vertex 14.5376 -18.108 22.3
      vertex 14.3828 -17.9872 22.3
    endloop
  endfacet
  facet normal -0 0 1
    outer loop
      vertex 13.5368 -21.9268 22.3
      vertex 15.616 -22.9102 22.3
      vertex 13.5706 -21.8506 22.3
    endloop
  endfacet
  facet normal 0 0 1
    outer loop
      vertex 13.0127 -19.8345 22.3
      vertex 14.3828 -17.9872 22.3
      vertex 14.2223 -17.8741 22.3
    endloop
  endfacet
  facet normal 0 0 1
    outer loop
      vertex 15.616 -22.9102 22.3
      vertex 13.5368 -21.9268 22.3
      vertex 15.5277 -23.0856 22.3
    endloop
  endfacet
  facet normal 0 0 1
    outer loop
      vertex 12.9445 -19.7865 22.3
      vertex 14.2223 -17.8741 22.3
      vertex 14.0564 -17.7691 22.3
    endloop
  endfacet
  facet normal -0 0 1
    outer loop
      vertex 13.4993 -22.0014 22.3
      vertex 15.5277 -23.0856 22.3
      vertex 13.5368 -21.9268 22.3
    endloop
  endfacet
  facet normal 0 0 1
    outer loop
      vertex 12.874 -19.7419 22.3
      vertex 14.0564 -17.7691 22.3
      vertex 13.8856 -17.6723 22.3
    endloop
  endfacet
  facet normal 0 0 1
    outer loop
      vertex 15.5277 -23.0856 22.3
      vertex 13.4993 -22.0014 22.3
      vertex 15.4309 -23.2564 22.3
    endloop
  endfacet
  facet normal 0 0 1
    outer loop
      vertex 12.8014 -19.7007 22.3
      vertex 13.8856 -17.6723 22.3
      vertex 13.7102 -17.584 22.3
    endloop
  endfacet
  facet normal -0 0 1
    outer loop
      vertex 13.4581 -22.074 22.3
      vertex 15.4309 -23.2564 22.3
      vertex 13.4993 -22.0014 22.3
    endloop
  endfacet
  facet normal 0 0 1
    outer loop
      vertex 15.4309 -23.2564 22.3
      vertex 13.4581 -22.074 22.3
      vertex 15.3259 -23.4223 22.3
    endloop
  endfacet
  facet normal 0 0 1
    outer loop
      vertex 15.9952 -21.0037 22.3
      vertex 13.698 -21.1166 22.3
      vertex 13.7 -21.2 22.3
    endloop
  endfacet
  facet normal 0 0 1
    outer loop
      vertex 15.9807 -20.8079 22.3
      vertex 13.6918 -21.0334 22.3
      vertex 13.698 -21.1166 22.3
    endloop
  endfacet
  facet normal 0 0 1
    outer loop
      vertex 15.9567 -20.6131 22.3
      vertex 13.6816 -20.9506 22.3
      vertex 13.6918 -21.0334 22.3
    endloop
  endfacet
  facet normal 0 0 1
    outer loop
      vertex 15.9231 -20.4196 22.3
      vertex 13.6673 -20.8683 22.3
      vertex 13.6816 -20.9506 22.3
    endloop
  endfacet
  facet normal 0 0 1
    outer loop
      vertex 15.8801 -20.2281 22.3
      vertex 13.6491 -20.7869 22.3
      vertex 13.6673 -20.8683 22.3
    endloop
  endfacet
  facet normal 0 0 1
    outer loop
      vertex 15.8278 -20.0389 22.3
      vertex 13.6268 -20.7065 22.3
      vertex 13.6491 -20.7869 22.3
    endloop
  endfacet
  facet normal 0 0 1
    outer loop
      vertex 15.7662 -19.8524 22.3
      vertex 13.6006 -20.6273 22.3
      vertex 13.6268 -20.7065 22.3
    endloop
  endfacet
  facet normal 0 0 1
    outer loop
      vertex 15.6955 -19.6693 22.3
      vertex 13.5706 -20.5494 22.3
      vertex 13.6006 -20.6273 22.3
    endloop
  endfacet
  facet normal 0 0 1
    outer loop
      vertex 15.616 -19.4898 22.3
      vertex 13.5368 -20.4732 22.3
      vertex 13.5706 -20.5494 22.3
    endloop
  endfacet
  facet normal 0 0 1
    outer loop
      vertex 12.7268 -19.6632 22.3
      vertex 13.7102 -17.584 22.3
      vertex 13.5307 -17.5045 22.3
    endloop
  endfacet
  facet normal 0 0 1
    outer loop
      vertex 15.5277 -19.3144 22.3
      vertex 13.4993 -20.3986 22.3
      vertex 13.5368 -20.4732 22.3
    endloop
  endfacet
  facet normal 0 0 1
    outer loop
      vertex 15.4309 -19.1436 22.3
      vertex 13.4581 -20.326 22.3
      vertex 13.4993 -20.3986 22.3
    endloop
  endfacet
  facet normal 0 0 1
    outer loop
      vertex 15.3259 -18.9777 22.3
      vertex 13.4135 -20.2555 22.3
      vertex 13.4581 -20.326 22.3
    endloop
  endfacet
  facet normal 0 0 1
    outer loop
      vertex 15.2128 -18.8172 22.3
      vertex 13.3655 -20.1873 22.3
      vertex 13.4135 -20.2555 22.3
    endloop
  endfacet
  facet normal 0 0 1
    outer loop
      vertex 12.6506 -19.6294 22.3
      vertex 13.5307 -17.5045 22.3
      vertex 13.3476 -17.4338 22.3
    endloop
  endfacet
  facet normal 0 0 1
    outer loop
      vertex 15.092 -18.6624 22.3
      vertex 13.3141 -20.1215 22.3
      vertex 13.3655 -20.1873 22.3
    endloop
  endfacet
  facet normal 0 0 1
    outer loop
      vertex 14.9638 -18.5138 22.3
      vertex 13.2596 -20.0583 22.3
      vertex 13.3141 -20.1215 22.3
    endloop
  endfacet
  facet normal 0 0 1
    outer loop
      vertex 14.8284 -18.3716 22.3
      vertex 13.2021 -19.9979 22.3
      vertex 13.2596 -20.0583 22.3
    endloop
  endfacet
  facet normal 0 0 1
    outer loop
      vertex 12.5727 -19.5994 22.3
      vertex 13.3476 -17.4338 22.3
      vertex 13.1611 -17.3722 22.3
    endloop
  endfacet
  facet normal 0 0 1
    outer loop
      vertex 14.6862 -18.2362 22.3
      vertex 13.1417 -19.9404 22.3
      vertex 13.2021 -19.9979 22.3
    endloop
  endfacet
  facet normal 0 0 1
    outer loop
      vertex 14.5376 -18.108 22.3
      vertex 13.0785 -19.8859 22.3
      vertex 13.1417 -19.9404 22.3
    endloop
  endfacet
  facet normal 0 0 1
    outer loop
      vertex 14.3828 -17.9872 22.3
      vertex 13.0127 -19.8345 22.3
      vertex 13.0785 -19.8859 22.3
    endloop
  endfacet
  facet normal 0 0 1
    outer loop
      vertex 12.4935 -19.5732 22.3
      vertex 13.1611 -17.3722 22.3
      vertex 12.9719 -17.3199 22.3
    endloop
  endfacet
  facet normal 0 0 1
    outer loop
      vertex 14.2223 -17.8741 22.3
      vertex 12.9445 -19.7865 22.3
      vertex 13.0127 -19.8345 22.3
    endloop
  endfacet
  facet normal 0 0 1
    outer loop
      vertex 14.0564 -17.7691 22.3
      vertex 12.874 -19.7419 22.3
      vertex 12.9445 -19.7865 22.3
    endloop
  endfacet
  facet normal 0 0 1
    outer loop
      vertex 13.8856 -17.6723 22.3
      vertex 12.8014 -19.7007 22.3
      vertex 12.874 -19.7419 22.3
    endloop
  endfacet
  facet normal 0 0 1
    outer loop
      vertex 12.4131 -19.5509 22.3
      vertex 12.9719 -17.3199 22.3
      vertex 12.7804 -17.2769 22.3
    endloop
  endfacet
  facet normal 0 0 1
    outer loop
      vertex 13.7102 -17.584 22.3
      vertex 12.7268 -19.6632 22.3
      vertex 12.8014 -19.7007 22.3
    endloop
  endfacet
  facet normal 0 0 1
    outer loop
      vertex 13.5307 -17.5045 22.3
      vertex 12.6506 -19.6294 22.3
      vertex 12.7268 -19.6632 22.3
    endloop
  endfacet
  facet normal 0 0 1
    outer loop
      vertex 12.3317 -19.5327 22.3
      vertex 12.7804 -17.2769 22.3
      vertex 12.5869 -17.2433 22.3
    endloop
  endfacet
  facet normal 0 0 1
    outer loop
      vertex 13.3476 -17.4338 22.3
      vertex 12.5727 -19.5994 22.3
      vertex 12.6506 -19.6294 22.3
    endloop
  endfacet
  facet normal 0 0 1
    outer loop
      vertex 13.1611 -17.3722 22.3
      vertex 12.4935 -19.5732 22.3
      vertex 12.5727 -19.5994 22.3
    endloop
  endfacet
  facet normal 0 0 1
    outer loop
      vertex 12.9719 -17.3199 22.3
      vertex 12.4131 -19.5509 22.3
      vertex 12.4935 -19.5732 22.3
    endloop
  endfacet
  facet normal 0 0 1
    outer loop
      vertex 12.2494 -19.5184 22.3
      vertex 12.5869 -17.2433 22.3
      vertex 12.3921 -17.2193 22.3
    endloop
  endfacet
  facet normal 0 0 1
    outer loop
      vertex 12.7804 -17.2769 22.3
      vertex 12.3317 -19.5327 22.3
      vertex 12.4131 -19.5509 22.3
    endloop
  endfacet
  facet normal 0 0 1
    outer loop
      vertex 12.5869 -17.2433 22.3
      vertex 12.2494 -19.5184 22.3
      vertex 12.3317 -19.5327 22.3
    endloop
  endfacet
  facet normal 0 0 1
    outer loop
      vertex 12.1666 -19.5082 22.3
      vertex 12.3921 -17.2193 22.3
      vertex 12.1963 -17.2048 22.3
    endloop
  endfacet
  facet normal 0 0 1
    outer loop
      vertex 12.3921 -17.2193 22.3
      vertex 12.1666 -19.5082 22.3
      vertex 12.2494 -19.5184 22.3
    endloop
  endfacet
  facet normal 0 0 1
    outer loop
      vertex 12.1963 -17.2048 22.3
      vertex 12.0834 -19.502 22.3
      vertex 12.1666 -19.5082 22.3
    endloop
  endfacet
  facet normal 0 0 1
    outer loop
      vertex 12 -17.2 22.3
      vertex 12.0834 -19.502 22.3
      vertex 12.1963 -17.2048 22.3
    endloop
  endfacet
  facet normal 0 0 1
    outer loop
      vertex 12 -17.2 22.3
      vertex 12 -19.5 22.3
      vertex 12.0834 -19.502 22.3
    endloop
  endfacet
  facet normal 0 0 1
    outer loop
      vertex 12 -17.2 22.3
      vertex 11.9166 -19.502 22.3
      vertex 12 -19.5 22.3
    endloop
  endfacet
  facet normal -0 0 1
    outer loop
      vertex 11.8037 -17.2048 22.3
      vertex 11.9166 -19.502 22.3
      vertex 12 -17.2 22.3
    endloop
  endfacet
  facet normal 0 0 1
    outer loop
      vertex 11.9166 -19.502 22.3
      vertex 11.8037 -17.2048 22.3
      vertex 11.8334 -19.5082 22.3
    endloop
  endfacet
  facet normal -0 0 1
    outer loop
      vertex 11.6079 -17.2193 22.3
      vertex 11.8334 -19.5082 22.3
      vertex 11.8037 -17.2048 22.3
    endloop
  endfacet
  facet normal 0 0 1
    outer loop
      vertex 11.8334 -19.5082 22.3
      vertex 11.6079 -17.2193 22.3
      vertex 11.7506 -19.5184 22.3
    endloop
  endfacet
  facet normal -0 0 1
    outer loop
      vertex 11.4131 -17.2433 22.3
      vertex 11.7506 -19.5184 22.3
      vertex 11.6079 -17.2193 22.3
    endloop
  endfacet
  facet normal 0 0 1
    outer loop
      vertex 11.7506 -19.5184 22.3
      vertex 11.4131 -17.2433 22.3
      vertex 11.6683 -19.5327 22.3
    endloop
  endfacet
  facet normal -0 0 1
    outer loop
      vertex 11.2196 -17.2769 22.3
      vertex 11.6683 -19.5327 22.3
      vertex 11.4131 -17.2433 22.3
    endloop
  endfacet
  facet normal 0 0 1
    outer loop
      vertex 11.6683 -19.5327 22.3
      vertex 11.2196 -17.2769 22.3
      vertex 11.5869 -19.5509 22.3
    endloop
  endfacet
  facet normal -0 0 1
    outer loop
      vertex 11.0281 -17.3199 22.3
      vertex 11.5869 -19.5509 22.3
      vertex 11.2196 -17.2769 22.3
    endloop
  endfacet
  facet normal 0 0 1
    outer loop
      vertex 11.5869 -19.5509 22.3
      vertex 11.0281 -17.3199 22.3
      vertex 11.5065 -19.5732 22.3
    endloop
  endfacet
  facet normal -0 0 1
    outer loop
      vertex 10.8389 -17.3722 22.3
      vertex 11.5065 -19.5732 22.3
      vertex 11.0281 -17.3199 22.3
    endloop
  endfacet
  facet normal 0 0 1
    outer loop
      vertex 11.5065 -19.5732 22.3
      vertex 10.8389 -17.3722 22.3
      vertex 11.4273 -19.5994 22.3
    endloop
  endfacet
  facet normal -0 0 1
    outer loop
      vertex 10.6524 -17.4338 22.3
      vertex 11.4273 -19.5994 22.3
      vertex 10.8389 -17.3722 22.3
    endloop
  endfacet
  facet normal 0 0 1
    outer loop
      vertex 11.4273 -19.5994 22.3
      vertex 10.6524 -17.4338 22.3
      vertex 11.3494 -19.6294 22.3
    endloop
  endfacet
  facet normal -0 0 1
    outer loop
      vertex 10.4693 -17.5045 22.3
      vertex 11.3494 -19.6294 22.3
      vertex 10.6524 -17.4338 22.3
    endloop
  endfacet
  facet normal 0 0 1
    outer loop
      vertex 11.3494 -19.6294 22.3
      vertex 10.4693 -17.5045 22.3
      vertex 11.2732 -19.6632 22.3
    endloop
  endfacet
  facet normal -0 0 1
    outer loop
      vertex 10.2898 -17.584 22.3
      vertex 11.2732 -19.6632 22.3
      vertex 10.4693 -17.5045 22.3
    endloop
  endfacet
  facet normal 0 0 1
    outer loop
      vertex 11.2732 -19.6632 22.3
      vertex 10.2898 -17.584 22.3
      vertex 11.1986 -19.7007 22.3
    endloop
  endfacet
  facet normal -0 0 1
    outer loop
      vertex 10.1144 -17.6723 22.3
      vertex 11.1986 -19.7007 22.3
      vertex 10.2898 -17.584 22.3
    endloop
  endfacet
  facet normal 0 0 1
    outer loop
      vertex 11.1986 -19.7007 22.3
      vertex 10.1144 -17.6723 22.3
      vertex 11.126 -19.7419 22.3
    endloop
  endfacet
  facet normal -0 0 1
    outer loop
      vertex 9.94359 -17.7691 22.3
      vertex 11.126 -19.7419 22.3
      vertex 10.1144 -17.6723 22.3
    endloop
  endfacet
  facet normal 0 0 1
    outer loop
      vertex 11.126 -19.7419 22.3
      vertex 9.94359 -17.7691 22.3
      vertex 11.0555 -19.7865 22.3
    endloop
  endfacet
  facet normal -0 0 1
    outer loop
      vertex 9.77772 -17.8741 22.3
      vertex 11.0555 -19.7865 22.3
      vertex 9.94359 -17.7691 22.3
    endloop
  endfacet
  facet normal 0 0 1
    outer loop
      vertex 11.0555 -19.7865 22.3
      vertex 9.77772 -17.8741 22.3
      vertex 10.9873 -19.8345 22.3
    endloop
  endfacet
  facet normal -0 0 1
    outer loop
      vertex 9.6172 -17.9872 22.3
      vertex 10.9873 -19.8345 22.3
      vertex 9.77772 -17.8741 22.3
    endloop
  endfacet
  facet normal 0 0 1
    outer loop
      vertex 10.9873 -19.8345 22.3
      vertex 9.6172 -17.9872 22.3
      vertex 10.9215 -19.8859 22.3
    endloop
  endfacet
  facet normal -0 0 1
    outer loop
      vertex 9.46243 -18.108 22.3
      vertex 10.9215 -19.8859 22.3
      vertex 9.6172 -17.9872 22.3
    endloop
  endfacet
  facet normal 0 0 1
    outer loop
      vertex 10.9215 -19.8859 22.3
      vertex 9.46243 -18.108 22.3
      vertex 10.8583 -19.9404 22.3
    endloop
  endfacet
  facet normal -0 0 1
    outer loop
      vertex 9.31376 -18.2362 22.3
      vertex 10.8583 -19.9404 22.3
      vertex 9.46243 -18.108 22.3
    endloop
  endfacet
  facet normal 0 0 1
    outer loop
      vertex 10.8583 -19.9404 22.3
      vertex 9.31376 -18.2362 22.3
      vertex 10.7979 -19.9979 22.3
    endloop
  endfacet
  facet normal -0 0 1
    outer loop
      vertex 9.17157 -18.3716 22.3
      vertex 10.7979 -19.9979 22.3
      vertex 9.31376 -18.2362 22.3
    endloop
  endfacet
  facet normal 0 0 1
    outer loop
      vertex 10.7979 -19.9979 22.3
      vertex 9.17157 -18.3716 22.3
      vertex 10.7404 -20.0583 22.3
    endloop
  endfacet
  facet normal -0 0 1
    outer loop
      vertex 9.03619 -18.5138 22.3
      vertex 10.7404 -20.0583 22.3
      vertex 9.17157 -18.3716 22.3
    endloop
  endfacet
  facet normal 0 0 1
    outer loop
      vertex 10.7404 -20.0583 22.3
      vertex 9.03619 -18.5138 22.3
      vertex 10.6859 -20.1215 22.3
    endloop
  endfacet
  facet normal -0 0 1
    outer loop
      vertex 8.90796 -18.6624 22.3
      vertex 10.6859 -20.1215 22.3
      vertex 9.03619 -18.5138 22.3
    endloop
  endfacet
  facet normal 0 0 1
    outer loop
      vertex 10.6859 -20.1215 22.3
      vertex 8.90796 -18.6624 22.3
      vertex 10.6345 -20.1873 22.3
    endloop
  endfacet
  facet normal -0 0 1
    outer loop
      vertex 8.78717 -18.8172 22.3
      vertex 10.6345 -20.1873 22.3
      vertex 8.90796 -18.6624 22.3
    endloop
  endfacet
  facet normal 0 0 1
    outer loop
      vertex 10.6345 -20.1873 22.3
      vertex 8.78717 -18.8172 22.3
      vertex 10.5865 -20.2555 22.3
    endloop
  endfacet
  facet normal 0 0 1
    outer loop
      vertex 10.5865 -20.2555 22.3
      vertex 8.67412 -18.9777 22.3
      vertex 10.5419 -20.326 22.3
    endloop
  endfacet
  facet normal -0 0 1
    outer loop
      vertex 8.67412 -18.9777 22.3
      vertex 10.5865 -20.2555 22.3
      vertex 8.78717 -18.8172 22.3
    endloop
  endfacet
  facet normal -0 0 1
    outer loop
      vertex 13.4135 -22.1445 22.3
      vertex 15.3259 -23.4223 22.3
      vertex 13.4581 -22.074 22.3
    endloop
  endfacet
  facet normal 0 0 1
    outer loop
      vertex 15.3259 -23.4223 22.3
      vertex 13.4135 -22.1445 22.3
      vertex 15.2128 -23.5828 22.3
    endloop
  endfacet
  facet normal -0 0 1
    outer loop
      vertex 13.3655 -22.2127 22.3
      vertex 15.2128 -23.5828 22.3
      vertex 13.4135 -22.1445 22.3
    endloop
  endfacet
  facet normal 0 0 1
    outer loop
      vertex 15.2128 -23.5828 22.3
      vertex 13.3655 -22.2127 22.3
      vertex 15.092 -23.7376 22.3
    endloop
  endfacet
  facet normal -0 0 1
    outer loop
      vertex 13.3141 -22.2785 22.3
      vertex 15.092 -23.7376 22.3
      vertex 13.3655 -22.2127 22.3
    endloop
  endfacet
  facet normal 0 0 1
    outer loop
      vertex 15.092 -23.7376 22.3
      vertex 13.3141 -22.2785 22.3
      vertex 14.9638 -23.8862 22.3
    endloop
  endfacet
  facet normal -0 0 1
    outer loop
      vertex 13.2596 -22.3417 22.3
      vertex 14.9638 -23.8862 22.3
      vertex 13.3141 -22.2785 22.3
    endloop
  endfacet
  facet normal 0 0 1
    outer loop
      vertex 14.9638 -23.8862 22.3
      vertex 13.2596 -22.3417 22.3
      vertex 14.8284 -24.0284 22.3
    endloop
  endfacet
  facet normal -0 0 1
    outer loop
      vertex 13.2021 -22.4021 22.3
      vertex 14.8284 -24.0284 22.3
      vertex 13.2596 -22.3417 22.3
    endloop
  endfacet
  facet normal 0 0 1
    outer loop
      vertex 14.8284 -24.0284 22.3
      vertex 13.2021 -22.4021 22.3
      vertex 14.6862 -24.1638 22.3
    endloop
  endfacet
  facet normal -0 0 1
    outer loop
      vertex 13.1417 -22.4596 22.3
      vertex 14.6862 -24.1638 22.3
      vertex 13.2021 -22.4021 22.3
    endloop
  endfacet
  facet normal 0 0 1
    outer loop
      vertex 14.6862 -24.1638 22.3
      vertex 13.1417 -22.4596 22.3
      vertex 14.5376 -24.292 22.3
    endloop
  endfacet
  facet normal -0 0 1
    outer loop
      vertex 13.0785 -22.5141 22.3
      vertex 14.5376 -24.292 22.3
      vertex 13.1417 -22.4596 22.3
    endloop
  endfacet
  facet normal 0 0 1
    outer loop
      vertex 14.5376 -24.292 22.3
      vertex 13.0785 -22.5141 22.3
      vertex 14.3828 -24.4128 22.3
    endloop
  endfacet
  facet normal -0 0 1
    outer loop
      vertex 13.0127 -22.5655 22.3
      vertex 14.3828 -24.4128 22.3
      vertex 13.0785 -22.5141 22.3
    endloop
  endfacet
  facet normal 0 0 1
    outer loop
      vertex 14.3828 -24.4128 22.3
      vertex 13.0127 -22.5655 22.3
      vertex 14.2223 -24.5259 22.3
    endloop
  endfacet
  facet normal -0 0 1
    outer loop
      vertex 12.9445 -22.6135 22.3
      vertex 14.2223 -24.5259 22.3
      vertex 13.0127 -22.5655 22.3
    endloop
  endfacet
  facet normal 0 0 1
    outer loop
      vertex 14.2223 -24.5259 22.3
      vertex 12.9445 -22.6135 22.3
      vertex 14.0564 -24.6309 22.3
    endloop
  endfacet
  facet normal -0 0 1
    outer loop
      vertex 12.874 -22.6581 22.3
      vertex 14.0564 -24.6309 22.3
      vertex 12.9445 -22.6135 22.3
    endloop
  endfacet
  facet normal 0 0 1
    outer loop
      vertex 14.0564 -24.6309 22.3
      vertex 12.874 -22.6581 22.3
      vertex 13.8856 -24.7277 22.3
    endloop
  endfacet
  facet normal -0 0 1
    outer loop
      vertex 12.8014 -22.6993 22.3
      vertex 13.8856 -24.7277 22.3
      vertex 12.874 -22.6581 22.3
    endloop
  endfacet
  facet normal 0 0 1
    outer loop
      vertex 13.8856 -24.7277 22.3
      vertex 12.8014 -22.6993 22.3
      vertex 13.7102 -24.816 22.3
    endloop
  endfacet
  facet normal -0 0 1
    outer loop
      vertex 12.7268 -22.7368 22.3
      vertex 13.7102 -24.816 22.3
      vertex 12.8014 -22.6993 22.3
    endloop
  endfacet
  facet normal 0 0 1
    outer loop
      vertex 13.7102 -24.816 22.3
      vertex 12.7268 -22.7368 22.3
      vertex 13.5307 -24.8955 22.3
    endloop
  endfacet
  facet normal -0 0 1
    outer loop
      vertex 12.6506 -22.7706 22.3
      vertex 13.5307 -24.8955 22.3
      vertex 12.7268 -22.7368 22.3
    endloop
  endfacet
  facet normal 0 0 1
    outer loop
      vertex 13.5307 -24.8955 22.3
      vertex 12.6506 -22.7706 22.3
      vertex 13.3476 -24.9662 22.3
    endloop
  endfacet
  facet normal -0 0 1
    outer loop
      vertex 12.5727 -22.8006 22.3
      vertex 13.3476 -24.9662 22.3
      vertex 12.6506 -22.7706 22.3
    endloop
  endfacet
  facet normal 0 0 1
    outer loop
      vertex 13.3476 -24.9662 22.3
      vertex 12.5727 -22.8006 22.3
      vertex 13.1611 -25.0278 22.3
    endloop
  endfacet
  facet normal -0 0 1
    outer loop
      vertex 12.4935 -22.8268 22.3
      vertex 13.1611 -25.0278 22.3
      vertex 12.5727 -22.8006 22.3
    endloop
  endfacet
  facet normal 0 0 1
    outer loop
      vertex 13.1611 -25.0278 22.3
      vertex 12.4935 -22.8268 22.3
      vertex 12.9719 -25.0801 22.3
    endloop
  endfacet
  facet normal -0 0 1
    outer loop
      vertex 12.4131 -22.8491 22.3
      vertex 12.9719 -25.0801 22.3
      vertex 12.4935 -22.8268 22.3
    endloop
  endfacet
  facet normal 0 0 1
    outer loop
      vertex 12.9719 -25.0801 22.3
      vertex 12.4131 -22.8491 22.3
      vertex 12.7804 -25.1231 22.3
    endloop
  endfacet
  facet normal -0 0 1
    outer loop
      vertex 12.3317 -22.8673 22.3
      vertex 12.7804 -25.1231 22.3
      vertex 12.4131 -22.8491 22.3
    endloop
  endfacet
  facet normal 0 0 1
    outer loop
      vertex 12.7804 -25.1231 22.3
      vertex 12.3317 -22.8673 22.3
      vertex 12.5869 -25.1567 22.3
    endloop
  endfacet
  facet normal -0 0 1
    outer loop
      vertex 12.2494 -22.8816 22.3
      vertex 12.5869 -25.1567 22.3
      vertex 12.3317 -22.8673 22.3
    endloop
  endfacet
  facet normal 0 0 1
    outer loop
      vertex 12.5869 -25.1567 22.3
      vertex 12.2494 -22.8816 22.3
      vertex 12.3921 -25.1807 22.3
    endloop
  endfacet
  facet normal -0 0 1
    outer loop
      vertex 12.1666 -22.8918 22.3
      vertex 12.3921 -25.1807 22.3
      vertex 12.2494 -22.8816 22.3
    endloop
  endfacet
  facet normal 0 0 1
    outer loop
      vertex 12.3921 -25.1807 22.3
      vertex 12.1666 -22.8918 22.3
      vertex 12.1963 -25.1952 22.3
    endloop
  endfacet
  facet normal -0 0 1
    outer loop
      vertex 12.0834 -22.898 22.3
      vertex 12.1963 -25.1952 22.3
      vertex 12.1666 -22.8918 22.3
    endloop
  endfacet
  facet normal -0 0 1
    outer loop
      vertex 12 -22.9 22.3
      vertex 12.1963 -25.1952 22.3
      vertex 12.0834 -22.898 22.3
    endloop
  endfacet
  facet normal 0 0 1
    outer loop
      vertex 12 -22.9 22.3
      vertex 12 -25.2 22.3
      vertex 12.1963 -25.1952 22.3
    endloop
  endfacet
  facet normal 0 0 1
    outer loop
      vertex 11.9166 -22.898 22.3
      vertex 12 -25.2 22.3
      vertex 12 -22.9 22.3
    endloop
  endfacet
  facet normal 0 0 1
    outer loop
      vertex 11.8037 -25.1952 22.3
      vertex 11.9166 -22.898 22.3
      vertex 11.8334 -22.8918 22.3
    endloop
  endfacet
  facet normal 0 0 1
    outer loop
      vertex 11.9166 -22.898 22.3
      vertex 11.8037 -25.1952 22.3
      vertex 12 -25.2 22.3
    endloop
  endfacet
  facet normal 0 0 1
    outer loop
      vertex 11.6079 -25.1807 22.3
      vertex 11.8334 -22.8918 22.3
      vertex 11.7506 -22.8816 22.3
    endloop
  endfacet
  facet normal 0 0 1
    outer loop
      vertex 11.4131 -25.1567 22.3
      vertex 11.7506 -22.8816 22.3
      vertex 11.6683 -22.8673 22.3
    endloop
  endfacet
  facet normal 0 0 1
    outer loop
      vertex 11.8334 -22.8918 22.3
      vertex 11.6079 -25.1807 22.3
      vertex 11.8037 -25.1952 22.3
    endloop
  endfacet
  facet normal 0 0 1
    outer loop
      vertex 11.2196 -25.1231 22.3
      vertex 11.6683 -22.8673 22.3
      vertex 11.5869 -22.8491 22.3
    endloop
  endfacet
  facet normal 0 0 1
    outer loop
      vertex 11.0281 -25.0801 22.3
      vertex 11.5869 -22.8491 22.3
      vertex 11.5065 -22.8268 22.3
    endloop
  endfacet
  facet normal 0 0 1
    outer loop
      vertex 10.8389 -25.0278 22.3
      vertex 11.5065 -22.8268 22.3
      vertex 11.4273 -22.8006 22.3
    endloop
  endfacet
  facet normal 0 0 1
    outer loop
      vertex 11.7506 -22.8816 22.3
      vertex 11.4131 -25.1567 22.3
      vertex 11.6079 -25.1807 22.3
    endloop
  endfacet
  facet normal 0 0 1
    outer loop
      vertex 10.6524 -24.9662 22.3
      vertex 11.4273 -22.8006 22.3
      vertex 11.3494 -22.7706 22.3
    endloop
  endfacet
  facet normal 0 0 1
    outer loop
      vertex 10.4693 -24.8955 22.3
      vertex 11.3494 -22.7706 22.3
      vertex 11.2732 -22.7368 22.3
    endloop
  endfacet
  facet normal 0 0 1
    outer loop
      vertex 11.6683 -22.8673 22.3
      vertex 11.2196 -25.1231 22.3
      vertex 11.4131 -25.1567 22.3
    endloop
  endfacet
  facet normal 0 0 1
    outer loop
      vertex 10.2898 -24.816 22.3
      vertex 11.2732 -22.7368 22.3
      vertex 11.1986 -22.6993 22.3
    endloop
  endfacet
  facet normal 0 0 1
    outer loop
      vertex 10.1144 -24.7277 22.3
      vertex 11.1986 -22.6993 22.3
      vertex 11.126 -22.6581 22.3
    endloop
  endfacet
  facet normal 0 0 1
    outer loop
      vertex 9.94359 -24.6309 22.3
      vertex 11.126 -22.6581 22.3
      vertex 11.0555 -22.6135 22.3
    endloop
  endfacet
  facet normal 0 0 1
    outer loop
      vertex 11.5869 -22.8491 22.3
      vertex 11.0281 -25.0801 22.3
      vertex 11.2196 -25.1231 22.3
    endloop
  endfacet
  facet normal 0 0 1
    outer loop
      vertex 9.77772 -24.5259 22.3
      vertex 11.0555 -22.6135 22.3
      vertex 10.9873 -22.5655 22.3
    endloop
  endfacet
  facet normal 0 0 1
    outer loop
      vertex 9.6172 -24.4128 22.3
      vertex 10.9873 -22.5655 22.3
      vertex 10.9215 -22.5141 22.3
    endloop
  endfacet
  facet normal 0 0 1
    outer loop
      vertex 9.46243 -24.292 22.3
      vertex 10.9215 -22.5141 22.3
      vertex 10.8583 -22.4596 22.3
    endloop
  endfacet
  facet normal 0 0 1
    outer loop
      vertex 11.5065 -22.8268 22.3
      vertex 10.8389 -25.0278 22.3
      vertex 11.0281 -25.0801 22.3
    endloop
  endfacet
  facet normal 0 0 1
    outer loop
      vertex 9.31376 -24.1638 22.3
      vertex 10.8583 -22.4596 22.3
      vertex 10.7979 -22.4021 22.3
    endloop
  endfacet
  facet normal 0 0 1
    outer loop
      vertex 9.17157 -24.0284 22.3
      vertex 10.7979 -22.4021 22.3
      vertex 10.7404 -22.3417 22.3
    endloop
  endfacet
  facet normal 0 0 1
    outer loop
      vertex 9.03619 -23.8862 22.3
      vertex 10.7404 -22.3417 22.3
      vertex 10.6859 -22.2785 22.3
    endloop
  endfacet
  facet normal 0 0 1
    outer loop
      vertex 11.4273 -22.8006 22.3
      vertex 10.6524 -24.9662 22.3
      vertex 10.8389 -25.0278 22.3
    endloop
  endfacet
  facet normal 0 0 1
    outer loop
      vertex 8.90796 -23.7376 22.3
      vertex 10.6859 -22.2785 22.3
      vertex 10.6345 -22.2127 22.3
    endloop
  endfacet
  facet normal 0 0 1
    outer loop
      vertex 8.78717 -23.5828 22.3
      vertex 10.6345 -22.2127 22.3
      vertex 10.5865 -22.1445 22.3
    endloop
  endfacet
  facet normal 0 0 1
    outer loop
      vertex 8.67412 -23.4223 22.3
      vertex 10.5865 -22.1445 22.3
      vertex 10.5419 -22.074 22.3
    endloop
  endfacet
  facet normal 0 0 1
    outer loop
      vertex 8.56909 -23.2564 22.3
      vertex 10.5419 -22.074 22.3
      vertex 10.5007 -22.0014 22.3
    endloop
  endfacet
  facet normal 0 0 1
    outer loop
      vertex 11.3494 -22.7706 22.3
      vertex 10.4693 -24.8955 22.3
      vertex 10.6524 -24.9662 22.3
    endloop
  endfacet
  facet normal 0 0 1
    outer loop
      vertex 8.47231 -23.0856 22.3
      vertex 10.5007 -22.0014 22.3
      vertex 10.4632 -21.9268 22.3
    endloop
  endfacet
  facet normal 0 0 1
    outer loop
      vertex 8.38404 -22.9102 22.3
      vertex 10.4632 -21.9268 22.3
      vertex 10.4294 -21.8506 22.3
    endloop
  endfacet
  facet normal 0 0 1
    outer loop
      vertex 8.30448 -22.7307 22.3
      vertex 10.4294 -21.8506 22.3
      vertex 10.3994 -21.7727 22.3
    endloop
  endfacet
  facet normal 0 0 1
    outer loop
      vertex 8.23382 -22.5476 22.3
      vertex 10.3994 -21.7727 22.3
      vertex 10.3732 -21.6935 22.3
    endloop
  endfacet
  facet normal 0 0 1
    outer loop
      vertex 8.17224 -22.3611 22.3
      vertex 10.3732 -21.6935 22.3
      vertex 10.3509 -21.6131 22.3
    endloop
  endfacet
  facet normal 0 0 1
    outer loop
      vertex 8.11987 -22.1719 22.3
      vertex 10.3509 -21.6131 22.3
      vertex 10.3327 -21.5317 22.3
    endloop
  endfacet
  facet normal 0 0 1
    outer loop
      vertex 8.07686 -21.9804 22.3
      vertex 10.3327 -21.5317 22.3
      vertex 10.3184 -21.4494 22.3
    endloop
  endfacet
  facet normal 0 0 1
    outer loop
      vertex 8.04329 -21.7869 22.3
      vertex 10.3184 -21.4494 22.3
      vertex 10.3082 -21.3666 22.3
    endloop
  endfacet
  facet normal 0 0 1
    outer loop
      vertex 8.01926 -21.5921 22.3
      vertex 10.3082 -21.3666 22.3
      vertex 10.302 -21.2834 22.3
    endloop
  endfacet
  facet normal 0 0 1
    outer loop
      vertex 11.2732 -22.7368 22.3
      vertex 10.2898 -24.816 22.3
      vertex 10.4693 -24.8955 22.3
    endloop
  endfacet
  facet normal 0 0 1
    outer loop
      vertex 8.00482 -21.3963 22.3
      vertex 10.302 -21.2834 22.3
      vertex 10.3 -21.2 22.3
    endloop
  endfacet
  facet normal -0 0 1
    outer loop
      vertex 8.56909 -19.1436 22.3
      vertex 10.5419 -20.326 22.3
      vertex 8.67412 -18.9777 22.3
    endloop
  endfacet
  facet normal 0 0 1
    outer loop
      vertex 10.5419 -20.326 22.3
      vertex 8.56909 -19.1436 22.3
      vertex 10.5007 -20.3986 22.3
    endloop
  endfacet
  facet normal 0 0 1
    outer loop
      vertex 11.1986 -22.6993 22.3
      vertex 10.1144 -24.7277 22.3
      vertex 10.2898 -24.816 22.3
    endloop
  endfacet
  facet normal -0 0 1
    outer loop
      vertex 8.47231 -19.3144 22.3
      vertex 10.5007 -20.3986 22.3
      vertex 8.56909 -19.1436 22.3
    endloop
  endfacet
  facet normal 0 0 1
    outer loop
      vertex 11.126 -22.6581 22.3
      vertex 9.94359 -24.6309 22.3
      vertex 10.1144 -24.7277 22.3
    endloop
  endfacet
  facet normal 0 0 1
    outer loop
      vertex 10.5007 -20.3986 22.3
      vertex 8.47231 -19.3144 22.3
      vertex 10.4632 -20.4732 22.3
    endloop
  endfacet
  facet normal 0 0 1
    outer loop
      vertex 11.0555 -22.6135 22.3
      vertex 9.77772 -24.5259 22.3
      vertex 9.94359 -24.6309 22.3
    endloop
  endfacet
  facet normal -0 0 1
    outer loop
      vertex 8.38404 -19.4898 22.3
      vertex 10.4632 -20.4732 22.3
      vertex 8.47231 -19.3144 22.3
    endloop
  endfacet
  facet normal 0 0 1
    outer loop
      vertex 10.9873 -22.5655 22.3
      vertex 9.6172 -24.4128 22.3
      vertex 9.77772 -24.5259 22.3
    endloop
  endfacet
  facet normal 0 0 1
    outer loop
      vertex 10.4632 -20.4732 22.3
      vertex 8.38404 -19.4898 22.3
      vertex 10.4294 -20.5494 22.3
    endloop
  endfacet
  facet normal 0 0 1
    outer loop
      vertex 10.9215 -22.5141 22.3
      vertex 9.46243 -24.292 22.3
      vertex 9.6172 -24.4128 22.3
    endloop
  endfacet
  facet normal -0 0 1
    outer loop
      vertex 8.30448 -19.6693 22.3
      vertex 10.4294 -20.5494 22.3
      vertex 8.38404 -19.4898 22.3
    endloop
  endfacet
  facet normal 0 0 1
    outer loop
      vertex 10.8583 -22.4596 22.3
      vertex 9.31376 -24.1638 22.3
      vertex 9.46243 -24.292 22.3
    endloop
  endfacet
  facet normal 0 0 1
    outer loop
      vertex 10.4294 -20.5494 22.3
      vertex 8.30448 -19.6693 22.3
      vertex 10.3994 -20.6273 22.3
    endloop
  endfacet
  facet normal 0 0 1
    outer loop
      vertex 10.7979 -22.4021 22.3
      vertex 9.17157 -24.0284 22.3
      vertex 9.31376 -24.1638 22.3
    endloop
  endfacet
  facet normal -0 0 1
    outer loop
      vertex 8.23382 -19.8524 22.3
      vertex 10.3994 -20.6273 22.3
      vertex 8.30448 -19.6693 22.3
    endloop
  endfacet
  facet normal 0 0 1
    outer loop
      vertex 10.7404 -22.3417 22.3
      vertex 9.03619 -23.8862 22.3
      vertex 9.17157 -24.0284 22.3
    endloop
  endfacet
  facet normal 0 0 1
    outer loop
      vertex 10.3994 -20.6273 22.3
      vertex 8.23382 -19.8524 22.3
      vertex 10.3732 -20.7065 22.3
    endloop
  endfacet
  facet normal 0 0 1
    outer loop
      vertex 10.6859 -22.2785 22.3
      vertex 8.90796 -23.7376 22.3
      vertex 9.03619 -23.8862 22.3
    endloop
  endfacet
  facet normal -0 0 1
    outer loop
      vertex 8.17224 -20.0389 22.3
      vertex 10.3732 -20.7065 22.3
      vertex 8.23382 -19.8524 22.3
    endloop
  endfacet
  facet normal 0 0 1
    outer loop
      vertex 10.6345 -22.2127 22.3
      vertex 8.78717 -23.5828 22.3
      vertex 8.90796 -23.7376 22.3
    endloop
  endfacet
  facet normal 0 0 1
    outer loop
      vertex 10.3732 -20.7065 22.3
      vertex 8.17224 -20.0389 22.3
      vertex 10.3509 -20.7869 22.3
    endloop
  endfacet
  facet normal 0 0 1
    outer loop
      vertex 10.5865 -22.1445 22.3
      vertex 8.67412 -23.4223 22.3
      vertex 8.78717 -23.5828 22.3
    endloop
  endfacet
  facet normal -0 0 1
    outer loop
      vertex 8.11987 -20.2281 22.3
      vertex 10.3509 -20.7869 22.3
      vertex 8.17224 -20.0389 22.3
    endloop
  endfacet
  facet normal 0 0 1
    outer loop
      vertex 10.5419 -22.074 22.3
      vertex 8.56909 -23.2564 22.3
      vertex 8.67412 -23.4223 22.3
    endloop
  endfacet
  facet normal 0 0 1
    outer loop
      vertex 10.3509 -20.7869 22.3
      vertex 8.11987 -20.2281 22.3
      vertex 10.3327 -20.8683 22.3
    endloop
  endfacet
  facet normal 0 0 1
    outer loop
      vertex 10.5007 -22.0014 22.3
      vertex 8.47231 -23.0856 22.3
      vertex 8.56909 -23.2564 22.3
    endloop
  endfacet
  facet normal -0 0 1
    outer loop
      vertex 8.07686 -20.4196 22.3
      vertex 10.3327 -20.8683 22.3
      vertex 8.11987 -20.2281 22.3
    endloop
  endfacet
  facet normal 0 0 1
    outer loop
      vertex 10.4632 -21.9268 22.3
      vertex 8.38404 -22.9102 22.3
      vertex 8.47231 -23.0856 22.3
    endloop
  endfacet
  facet normal 0 0 1
    outer loop
      vertex 10.3327 -20.8683 22.3
      vertex 8.07686 -20.4196 22.3
      vertex 10.3184 -20.9506 22.3
    endloop
  endfacet
  facet normal 0 0 1
    outer loop
      vertex 10.4294 -21.8506 22.3
      vertex 8.30448 -22.7307 22.3
      vertex 8.38404 -22.9102 22.3
    endloop
  endfacet
  facet normal -0 0 1
    outer loop
      vertex 8.04329 -20.6131 22.3
      vertex 10.3184 -20.9506 22.3
      vertex 8.07686 -20.4196 22.3
    endloop
  endfacet
  facet normal 0 0 1
    outer loop
      vertex 10.3994 -21.7727 22.3
      vertex 8.23382 -22.5476 22.3
      vertex 8.30448 -22.7307 22.3
    endloop
  endfacet
  facet normal 0 0 1
    outer loop
      vertex 10.3184 -20.9506 22.3
      vertex 8.04329 -20.6131 22.3
      vertex 10.3082 -21.0334 22.3
    endloop
  endfacet
  facet normal 0 0 1
    outer loop
      vertex 10.3732 -21.6935 22.3
      vertex 8.17224 -22.3611 22.3
      vertex 8.23382 -22.5476 22.3
    endloop
  endfacet
  facet normal -0 0 1
    outer loop
      vertex 8.01926 -20.8079 22.3
      vertex 10.3082 -21.0334 22.3
      vertex 8.04329 -20.6131 22.3
    endloop
  endfacet
  facet normal 0 0 1
    outer loop
      vertex 10.3509 -21.6131 22.3
      vertex 8.11987 -22.1719 22.3
      vertex 8.17224 -22.3611 22.3
    endloop
  endfacet
  facet normal 0 0 1
    outer loop
      vertex 10.3082 -21.0334 22.3
      vertex 8.01926 -20.8079 22.3
      vertex 10.302 -21.1166 22.3
    endloop
  endfacet
  facet normal 0 0 1
    outer loop
      vertex 10.3327 -21.5317 22.3
      vertex 8.07686 -21.9804 22.3
      vertex 8.11987 -22.1719 22.3
    endloop
  endfacet
  facet normal -0 0 1
    outer loop
      vertex 8.00482 -21.0037 22.3
      vertex 10.302 -21.1166 22.3
      vertex 8.01926 -20.8079 22.3
    endloop
  endfacet
  facet normal 0 0 1
    outer loop
      vertex 10.3184 -21.4494 22.3
      vertex 8.04329 -21.7869 22.3
      vertex 8.07686 -21.9804 22.3
    endloop
  endfacet
  facet normal 0 0 1
    outer loop
      vertex 10.302 -21.1166 22.3
      vertex 8.00482 -21.0037 22.3
      vertex 10.3 -21.2 22.3
    endloop
  endfacet
  facet normal 0 0 1
    outer loop
      vertex 10.3082 -21.3666 22.3
      vertex 8.01926 -21.5921 22.3
      vertex 8.04329 -21.7869 22.3
    endloop
  endfacet
  facet normal 0 0 1
    outer loop
      vertex 8 -21.2 22.3
      vertex 10.3 -21.2 22.3
      vertex 8.00482 -21.0037 22.3
    endloop
  endfacet
  facet normal 0 0 1
    outer loop
      vertex 10.302 -21.2834 22.3
      vertex 8.00482 -21.3963 22.3
      vertex 8.01926 -21.5921 22.3
    endloop
  endfacet
  facet normal 0 0 1
    outer loop
      vertex 10.3 -21.2 22.3
      vertex 8 -21.2 22.3
      vertex 8.00482 -21.3963 22.3
    endloop
  endfacet
  facet normal 0.689579 -0.724211 0
    outer loop
      vertex 14.6862 -24.1638 18.3
      vertex 14.8284 -24.0284 22.3
      vertex 14.6862 -24.1638 22.3
    endloop
  endfacet
  facet normal 0.689579 -0.724211 0
    outer loop
      vertex 14.8284 -24.0284 22.3
      vertex 14.6862 -24.1638 18.3
      vertex 14.8284 -24.0284 18.3
    endloop
  endfacet
  facet normal -0.31363 0.949545 0
    outer loop
      vertex 10.8389 -17.3722 21
      vertex 10.6524 -17.4338 22.3
      vertex 10.8389 -17.3722 22.3
    endloop
  endfacet
  facet normal -0.31363 0.949545 0
    outer loop
      vertex 10.6524 -17.4338 22.3
      vertex 10.8389 -17.3722 21
      vertex 10.6524 -17.4338 21
    endloop
  endfacet
  facet normal -0.0738529 -0.997269 0
    outer loop
      vertex 11.6079 -25.1807 18.3
      vertex 11.8037 -25.1952 22.3
      vertex 11.6079 -25.1807 22.3
    endloop
  endfacet
  facet normal -0.0738529 -0.997269 -0
    outer loop
      vertex 11.8037 -25.1952 22.3
      vertex 11.6079 -25.1807 18.3
      vertex 11.8037 -25.1952 18.3
    endloop
  endfacet
  facet normal -0.171083 -0.985257 0
    outer loop
      vertex 11.2196 -25.1231 18.3
      vertex 11.4131 -25.1567 22.3
      vertex 11.2196 -25.1231 22.3
    endloop
  endfacet
  facet normal -0.171083 -0.985257 -0
    outer loop
      vertex 11.4131 -25.1567 22.3
      vertex 11.2196 -25.1231 18.3
      vertex 11.4131 -25.1567 18.3
    endloop
  endfacet
  facet normal -0.975694 -0.219136 0
    outer loop
      vertex 8.11987 -22.1719 18.3
      vertex 8.07686 -21.9804 22.3
      vertex 8.07686 -21.9804 18.3
    endloop
  endfacet
  facet normal -0.975694 -0.219136 0
    outer loop
      vertex 8.07686 -21.9804 22.3
      vertex 8.11987 -22.1719 18.3
      vertex 8.11987 -22.1719 22.3
    endloop
  endfacet
  facet normal -0.219088 -0.975705 0
    outer loop
      vertex 11.0281 -25.0801 18.3
      vertex 11.2196 -25.1231 22.3
      vertex 11.0281 -25.0801 22.3
    endloop
  endfacet
  facet normal -0.219088 -0.975705 -0
    outer loop
      vertex 11.2196 -25.1231 22.3
      vertex 11.0281 -25.0801 18.3
      vertex 11.2196 -25.1231 18.3
    endloop
  endfacet
  facet normal -0.493042 -0.870005 0
    outer loop
      vertex 9.94359 -24.6309 18.3
      vertex 10.1144 -24.7277 22.3
      vertex 9.94359 -24.6309 22.3
    endloop
  endfacet
  facet normal -0.493042 -0.870005 -0
    outer loop
      vertex 10.1144 -24.7277 22.3
      vertex 9.94359 -24.6309 18.3
      vertex 10.1144 -24.7277 18.3
    endloop
  endfacet
  facet normal -0.844911 0.534907 0
    outer loop
      vertex 8.56909 -19.1436 21
      vertex 8.67412 -18.9777 22.3
      vertex 8.67412 -18.9777 21
    endloop
  endfacet
  facet normal -0.844911 0.534907 0
    outer loop
      vertex 8.67412 -18.9777 22.3
      vertex 8.56909 -19.1436 21
      vertex 8.56909 -19.1436 22.3
    endloop
  endfacet
  facet normal -0.817553 0.575853 0
    outer loop
      vertex 8.67412 -18.9777 21
      vertex 8.78717 -18.8172 22.3
      vertex 8.78717 -18.8172 21
    endloop
  endfacet
  facet normal -0.817553 0.575853 0
    outer loop
      vertex 8.78717 -18.8172 22.3
      vertex 8.67412 -18.9777 21
      vertex 8.67412 -18.9777 22.3
    endloop
  endfacet
  facet normal -0.534867 -0.844936 0
    outer loop
      vertex 9.77772 -24.5259 18.3
      vertex 9.94359 -24.6309 22.3
      vertex 9.77772 -24.5259 22.3
    endloop
  endfacet
  facet normal -0.534867 -0.844936 -0
    outer loop
      vertex 9.94359 -24.6309 22.3
      vertex 9.77772 -24.5259 18.3
      vertex 9.94359 -24.6309 18.3
    endloop
  endfacet
  facet normal -0.788389 -0.615177 0
    outer loop
      vertex 8.90796 -23.7376 18.3
      vertex 8.78717 -23.5828 22.3
      vertex 8.78717 -23.5828 18.3
    endloop
  endfacet
  facet normal -0.788389 -0.615177 0
    outer loop
      vertex 8.78717 -23.5828 22.3
      vertex 8.90796 -23.7376 18.3
      vertex 8.90796 -23.7376 22.3
    endloop
  endfacet
  facet normal -0.893263 0.449534 0
    outer loop
      vertex 8.38404 -19.4898 21
      vertex 8.47231 -19.3144 22.3
      vertex 8.47231 -19.3144 21
    endloop
  endfacet
  facet normal -0.893263 0.449534 0
    outer loop
      vertex 8.47231 -19.3144 22.3
      vertex 8.38404 -19.4898 21
      vertex 8.38404 -19.4898 22.3
    endloop
  endfacet
  facet normal -0.31363 -0.949545 0
    outer loop
      vertex 10.6524 -24.9662 18.3
      vertex 10.8389 -25.0278 22.3
      vertex 10.6524 -24.9662 22.3
    endloop
  endfacet
  facet normal -0.31363 -0.949545 -0
    outer loop
      vertex 10.8389 -25.0278 22.3
      vertex 10.6524 -24.9662 18.3
      vertex 10.8389 -25.0278 18.3
    endloop
  endfacet
  facet normal -0.266435 -0.963853 0
    outer loop
      vertex 10.8389 -25.0278 18.3
      vertex 11.0281 -25.0801 22.3
      vertex 10.8389 -25.0278 22.3
    endloop
  endfacet
  facet normal -0.266435 -0.963853 -0
    outer loop
      vertex 11.0281 -25.0801 22.3
      vertex 10.8389 -25.0278 18.3
      vertex 11.0281 -25.0801 18.3
    endloop
  endfacet
  facet normal -0.404957 -0.914336 0
    outer loop
      vertex 10.2898 -24.816 18.3
      vertex 10.4693 -24.8955 22.3
      vertex 10.2898 -24.816 22.3
    endloop
  endfacet
  facet normal -0.404957 -0.914336 -0
    outer loop
      vertex 10.4693 -24.8955 22.3
      vertex 10.2898 -24.816 18.3
      vertex 10.4693 -24.8955 18.3
    endloop
  endfacet
  facet normal 1 -0 0
    outer loop
      vertex 16 -21.2 21
      vertex 16 -17.3106 20.5678
      vertex 16 -17.2356 21
    endloop
  endfacet
  facet normal 1 0 0
    outer loop
      vertex 16 -21.2 21
      vertex 16 -17.4157 19.7153
      vertex 16 -17.3106 20.5678
    endloop
  endfacet
  facet normal 1 0 0
    outer loop
      vertex 16 -21.2 18.3
      vertex 16 -17.4157 19.7153
      vertex 16 -21.2 21
    endloop
  endfacet
  facet normal 1 0 0
    outer loop
      vertex 16 -17.4157 19.7153
      vertex 16 -21.2 18.3
      vertex 16 -17.4789 18.8587
    endloop
  endfacet
  facet normal 1 0 0
    outer loop
      vertex 16 -17.4789 18.8587
      vertex 16 -21.2 18.3
      vertex 16 -17.4926 18.3
    endloop
  endfacet
  facet normal -0 0 1
    outer loop
      vertex 8 -17.2356 21
      vertex 11.4131 -17.2433 21
      vertex 11.4755 -17.2356 21
    endloop
  endfacet
  facet normal 0 0 1
    outer loop
      vertex 8 -17.2356 21
      vertex 11.2196 -17.2769 21
      vertex 11.4131 -17.2433 21
    endloop
  endfacet
  facet normal 0 0 1
    outer loop
      vertex 8 -17.2356 21
      vertex 11.0281 -17.3199 21
      vertex 11.2196 -17.2769 21
    endloop
  endfacet
  facet normal 0 0 1
    outer loop
      vertex 8 -17.2356 21
      vertex 10.8389 -17.3722 21
      vertex 11.0281 -17.3199 21
    endloop
  endfacet
  facet normal 0 0 1
    outer loop
      vertex 8 -17.2356 21
      vertex 10.6524 -17.4338 21
      vertex 10.8389 -17.3722 21
    endloop
  endfacet
  facet normal 0 0 1
    outer loop
      vertex 8 -17.2356 21
      vertex 10.4693 -17.5045 21
      vertex 10.6524 -17.4338 21
    endloop
  endfacet
  facet normal 0 0 1
    outer loop
      vertex 8 -17.2356 21
      vertex 10.2898 -17.584 21
      vertex 10.4693 -17.5045 21
    endloop
  endfacet
  facet normal 0 0 1
    outer loop
      vertex 8 -17.2356 21
      vertex 10.1144 -17.6723 21
      vertex 10.2898 -17.584 21
    endloop
  endfacet
  facet normal 0 0 1
    outer loop
      vertex 8 -17.2356 21
      vertex 9.94359 -17.7691 21
      vertex 10.1144 -17.6723 21
    endloop
  endfacet
  facet normal 0 0 1
    outer loop
      vertex 8 -17.2356 21
      vertex 9.77772 -17.8741 21
      vertex 9.94359 -17.7691 21
    endloop
  endfacet
  facet normal 0 0 1
    outer loop
      vertex 8 -17.2356 21
      vertex 9.6172 -17.9872 21
      vertex 9.77772 -17.8741 21
    endloop
  endfacet
  facet normal 0 0 1
    outer loop
      vertex 8 -17.2356 21
      vertex 9.46243 -18.108 21
      vertex 9.6172 -17.9872 21
    endloop
  endfacet
  facet normal 0 0 1
    outer loop
      vertex 8 -17.2356 21
      vertex 9.31376 -18.2362 21
      vertex 9.46243 -18.108 21
    endloop
  endfacet
  facet normal 0 0 1
    outer loop
      vertex 8 -17.2356 21
      vertex 9.17157 -18.3716 21
      vertex 9.31376 -18.2362 21
    endloop
  endfacet
  facet normal 0 0 1
    outer loop
      vertex 8 -17.2356 21
      vertex 9.03619 -18.5138 21
      vertex 9.17157 -18.3716 21
    endloop
  endfacet
  facet normal 0 0 1
    outer loop
      vertex 8 -17.2356 21
      vertex 8.90796 -18.6624 21
      vertex 9.03619 -18.5138 21
    endloop
  endfacet
  facet normal 0 0 1
    outer loop
      vertex 8 -17.2356 21
      vertex 8.78717 -18.8172 21
      vertex 8.90796 -18.6624 21
    endloop
  endfacet
  facet normal 0 0 1
    outer loop
      vertex 8 -17.2356 21
      vertex 8.67412 -18.9777 21
      vertex 8.78717 -18.8172 21
    endloop
  endfacet
  facet normal 0 0 1
    outer loop
      vertex 8 -17.2356 21
      vertex 8.56909 -19.1436 21
      vertex 8.67412 -18.9777 21
    endloop
  endfacet
  facet normal 0 0 1
    outer loop
      vertex 8 -17.2356 21
      vertex 8.47231 -19.3144 21
      vertex 8.56909 -19.1436 21
    endloop
  endfacet
  facet normal 0 0 1
    outer loop
      vertex 8 -17.2356 21
      vertex 8.38404 -19.4898 21
      vertex 8.47231 -19.3144 21
    endloop
  endfacet
  facet normal 0 0 1
    outer loop
      vertex 8 -17.2356 21
      vertex 8.30448 -19.6693 21
      vertex 8.38404 -19.4898 21
    endloop
  endfacet
  facet normal 0 0 1
    outer loop
      vertex 8 -17.2356 21
      vertex 8.23382 -19.8524 21
      vertex 8.30448 -19.6693 21
    endloop
  endfacet
  facet normal 0 0 1
    outer loop
      vertex 8 -17.2356 21
      vertex 8.17224 -20.0389 21
      vertex 8.23382 -19.8524 21
    endloop
  endfacet
  facet normal 0 0 1
    outer loop
      vertex 8 -17.2356 21
      vertex 8.11987 -20.2281 21
      vertex 8.17224 -20.0389 21
    endloop
  endfacet
  facet normal 0 0 1
    outer loop
      vertex 8 -17.2356 21
      vertex 8.07686 -20.4196 21
      vertex 8.11987 -20.2281 21
    endloop
  endfacet
  facet normal 0 0 1
    outer loop
      vertex 8 -17.2356 21
      vertex 8.04329 -20.6131 21
      vertex 8.07686 -20.4196 21
    endloop
  endfacet
  facet normal 0 0 1
    outer loop
      vertex 8 -17.2356 21
      vertex 8.01926 -20.8079 21
      vertex 8.04329 -20.6131 21
    endloop
  endfacet
  facet normal 0 0 1
    outer loop
      vertex 8 -17.2356 21
      vertex 8.00482 -21.0037 21
      vertex 8.01926 -20.8079 21
    endloop
  endfacet
  facet normal 0 0 1
    outer loop
      vertex 8.00482 -21.0037 21
      vertex 8 -17.2356 21
      vertex 8 -21.2 21
    endloop
  endfacet
  facet normal 0 0 1
    outer loop
      vertex 16 -17.2356 21
      vertex 15.9952 -21.0037 21
      vertex 16 -21.2 21
    endloop
  endfacet
  facet normal 0 0 1
    outer loop
      vertex 16 -17.2356 21
      vertex 15.9807 -20.8079 21
      vertex 15.9952 -21.0037 21
    endloop
  endfacet
  facet normal 0 0 1
    outer loop
      vertex 16 -17.2356 21
      vertex 15.9567 -20.6131 21
      vertex 15.9807 -20.8079 21
    endloop
  endfacet
  facet normal 0 0 1
    outer loop
      vertex 16 -17.2356 21
      vertex 15.9231 -20.4196 21
      vertex 15.9567 -20.6131 21
    endloop
  endfacet
  facet normal 0 0 1
    outer loop
      vertex 16 -17.2356 21
      vertex 15.8801 -20.2281 21
      vertex 15.9231 -20.4196 21
    endloop
  endfacet
  facet normal 0 0 1
    outer loop
      vertex 16 -17.2356 21
      vertex 15.8278 -20.0389 21
      vertex 15.8801 -20.2281 21
    endloop
  endfacet
  facet normal 0 0 1
    outer loop
      vertex 16 -17.2356 21
      vertex 15.7662 -19.8524 21
      vertex 15.8278 -20.0389 21
    endloop
  endfacet
  facet normal 0 0 1
    outer loop
      vertex 16 -17.2356 21
      vertex 15.6955 -19.6693 21
      vertex 15.7662 -19.8524 21
    endloop
  endfacet
  facet normal 0 0 1
    outer loop
      vertex 16 -17.2356 21
      vertex 15.616 -19.4898 21
      vertex 15.6955 -19.6693 21
    endloop
  endfacet
  facet normal 0 0 1
    outer loop
      vertex 16 -17.2356 21
      vertex 15.5277 -19.3144 21
      vertex 15.616 -19.4898 21
    endloop
  endfacet
  facet normal 0 0 1
    outer loop
      vertex 16 -17.2356 21
      vertex 15.4309 -19.1436 21
      vertex 15.5277 -19.3144 21
    endloop
  endfacet
  facet normal 0 0 1
    outer loop
      vertex 16 -17.2356 21
      vertex 15.3259 -18.9777 21
      vertex 15.4309 -19.1436 21
    endloop
  endfacet
  facet normal 0 0 1
    outer loop
      vertex 16 -17.2356 21
      vertex 15.2128 -18.8172 21
      vertex 15.3259 -18.9777 21
    endloop
  endfacet
  facet normal 0 0 1
    outer loop
      vertex 16 -17.2356 21
      vertex 15.092 -18.6624 21
      vertex 15.2128 -18.8172 21
    endloop
  endfacet
  facet normal 0 0 1
    outer loop
      vertex 16 -17.2356 21
      vertex 14.9638 -18.5138 21
      vertex 15.092 -18.6624 21
    endloop
  endfacet
  facet normal 0 0 1
    outer loop
      vertex 16 -17.2356 21
      vertex 14.8284 -18.3716 21
      vertex 14.9638 -18.5138 21
    endloop
  endfacet
  facet normal 0 0 1
    outer loop
      vertex 16 -17.2356 21
      vertex 14.6862 -18.2362 21
      vertex 14.8284 -18.3716 21
    endloop
  endfacet
  facet normal 0 0 1
    outer loop
      vertex 16 -17.2356 21
      vertex 14.5376 -18.108 21
      vertex 14.6862 -18.2362 21
    endloop
  endfacet
  facet normal 0 0 1
    outer loop
      vertex 16 -17.2356 21
      vertex 14.3828 -17.9872 21
      vertex 14.5376 -18.108 21
    endloop
  endfacet
  facet normal 0 0 1
    outer loop
      vertex 16 -17.2356 21
      vertex 14.2223 -17.8741 21
      vertex 14.3828 -17.9872 21
    endloop
  endfacet
  facet normal 0 0 1
    outer loop
      vertex 16 -17.2356 21
      vertex 14.0564 -17.7691 21
      vertex 14.2223 -17.8741 21
    endloop
  endfacet
  facet normal 0 0 1
    outer loop
      vertex 16 -17.2356 21
      vertex 13.8856 -17.6723 21
      vertex 14.0564 -17.7691 21
    endloop
  endfacet
  facet normal 0 0 1
    outer loop
      vertex 16 -17.2356 21
      vertex 13.7102 -17.584 21
      vertex 13.8856 -17.6723 21
    endloop
  endfacet
  facet normal 0 0 1
    outer loop
      vertex 16 -17.2356 21
      vertex 13.5307 -17.5045 21
      vertex 13.7102 -17.584 21
    endloop
  endfacet
  facet normal 0 0 1
    outer loop
      vertex 16 -17.2356 21
      vertex 13.3476 -17.4338 21
      vertex 13.5307 -17.5045 21
    endloop
  endfacet
  facet normal 0 0 1
    outer loop
      vertex 16 -17.2356 21
      vertex 13.1611 -17.3722 21
      vertex 13.3476 -17.4338 21
    endloop
  endfacet
  facet normal 0 0 1
    outer loop
      vertex 16 -17.2356 21
      vertex 12.9719 -17.3199 21
      vertex 13.1611 -17.3722 21
    endloop
  endfacet
  facet normal 0 0 1
    outer loop
      vertex 16 -17.2356 21
      vertex 12.7804 -17.2769 21
      vertex 12.9719 -17.3199 21
    endloop
  endfacet
  facet normal 0 0 1
    outer loop
      vertex 16 -17.2356 21
      vertex 12.5869 -17.2433 21
      vertex 12.7804 -17.2769 21
    endloop
  endfacet
  facet normal 0 -0 1
    outer loop
      vertex 12.5869 -17.2433 21
      vertex 16 -17.2356 21
      vertex 12.5245 -17.2356 21
    endloop
  endfacet
  facet normal -1 0 0
    outer loop
      vertex 8 -21.2 18.3
      vertex 8 -17.4789 18.8587
      vertex 8 -17.4926 18.3
    endloop
  endfacet
  facet normal -1 0 0
    outer loop
      vertex 8 -21.2 18.3
      vertex 8 -17.4157 19.7153
      vertex 8 -17.4789 18.8587
    endloop
  endfacet
  facet normal -1 0 0
    outer loop
      vertex 8 -21.2 21
      vertex 8 -17.4157 19.7153
      vertex 8 -21.2 18.3
    endloop
  endfacet
  facet normal -1 0 0
    outer loop
      vertex 8 -17.4157 19.7153
      vertex 8 -21.2 21
      vertex 8 -17.3106 20.5678
    endloop
  endfacet
  facet normal -1 0 0
    outer loop
      vertex 8 -17.3106 20.5678
      vertex 8 -21.2 21
      vertex 8 -17.2356 21
    endloop
  endfacet
  facet normal 0.985257 0.171083 0
    outer loop
      vertex 15.9567 21.7869 22.3
      vertex 15.9231 21.9804 18.3
      vertex 15.9231 21.9804 22.3
    endloop
  endfacet
  facet normal 0.985257 0.171083 0
    outer loop
      vertex 15.9231 21.9804 18.3
      vertex 15.9567 21.7869 22.3
      vertex 15.9567 21.7869 18.3
    endloop
  endfacet
  facet normal 0.219088 -0.975705 0
    outer loop
      vertex 12.7804 17.2769 21
      vertex 12.9719 17.3199 22.3
      vertex 12.7804 17.2769 22.3
    endloop
  endfacet
  facet normal 0.219088 -0.975705 0
    outer loop
      vertex 12.9719 17.3199 22.3
      vertex 12.7804 17.2769 21
      vertex 12.9719 17.3199 21
    endloop
  endfacet
  facet normal 0.997269 -0.0738529 0
    outer loop
      vertex 15.9807 20.8079 22.3
      vertex 15.9952 21.0037 21
      vertex 15.9952 21.0037 22.3
    endloop
  endfacet
  facet normal 0.997269 -0.0738529 0
    outer loop
      vertex 15.9952 21.0037 21
      vertex 15.9807 20.8079 22.3
      vertex 15.9807 20.8079 21
    endloop
  endfacet
  facet normal -0.893263 0.449534 0
    outer loop
      vertex 8.38404 22.9102 18.3
      vertex 8.47231 23.0856 22.3
      vertex 8.47231 23.0856 18.3
    endloop
  endfacet
  facet normal -0.893263 0.449534 0
    outer loop
      vertex 8.47231 23.0856 22.3
      vertex 8.38404 22.9102 18.3
      vertex 8.38404 22.9102 22.3
    endloop
  endfacet
  facet normal -0.689604 -0.724186 0
    outer loop
      vertex 9.17157 18.3716 21
      vertex 9.31376 18.2362 22.3
      vertex 9.17157 18.3716 22.3
    endloop
  endfacet
  facet normal -0.689604 -0.724186 -0
    outer loop
      vertex 9.31376 18.2362 22.3
      vertex 9.17157 18.3716 21
      vertex 9.31376 18.2362 21
    endloop
  endfacet
  facet normal 0.997269 0.0738529 0
    outer loop
      vertex 15.9952 21.3963 22.3
      vertex 15.9807 21.5921 18.3
      vertex 15.9807 21.5921 22.3
    endloop
  endfacet
  facet normal 0.997269 0.0738529 0
    outer loop
      vertex 15.9807 21.5921 18.3
      vertex 15.9952 21.3963 22.3
      vertex 15.9952 21.3963 18.3
    endloop
  endfacet
  facet normal 0.576023 0.817433 -0
    outer loop
      vertex 14.3828 24.4128 18.3
      vertex 14.2223 24.5259 22.3
      vertex 14.3828 24.4128 22.3
    endloop
  endfacet
  facet normal 0.576023 0.817433 0
    outer loop
      vertex 14.2223 24.5259 22.3
      vertex 14.3828 24.4128 18.3
      vertex 14.2223 24.5259 18.3
    endloop
  endfacet
  facet normal 0.949545 0.31363 0
    outer loop
      vertex 15.8278 22.3611 22.3
      vertex 15.7662 22.5476 18.3
      vertex 15.7662 22.5476 22.3
    endloop
  endfacet
  facet normal 0.949545 0.31363 0
    outer loop
      vertex 15.7662 22.5476 18.3
      vertex 15.8278 22.3611 22.3
      vertex 15.8278 22.3611 18.3
    endloop
  endfacet
  facet normal 0.963853 0.266435 0
    outer loop
      vertex 15.8801 22.1719 22.3
      vertex 15.8278 22.3611 18.3
      vertex 15.8278 22.3611 22.3
    endloop
  endfacet
  facet normal 0.963853 0.266435 0
    outer loop
      vertex 15.8278 22.3611 18.3
      vertex 15.8801 22.1719 22.3
      vertex 15.8801 22.1719 18.3
    endloop
  endfacet
  facet normal -0.757091 0.653309 0
    outer loop
      vertex 8.90796 23.7376 18.3
      vertex 9.03619 23.8862 22.3
      vertex 9.03619 23.8862 18.3
    endloop
  endfacet
  facet normal -0.757091 0.653309 0
    outer loop
      vertex 9.03619 23.8862 22.3
      vertex 8.90796 23.7376 18.3
      vertex 8.90796 23.7376 22.3
    endloop
  endfacet
  facet normal 0.999701 -0.0244451 0
    outer loop
      vertex 15.9952 21.0037 22.3
      vertex 16 21.2 21
      vertex 16 21.2 22.3
    endloop
  endfacet
  facet normal 0.999701 -0.0244451 0
    outer loop
      vertex 16 21.2 21
      vertex 15.9952 21.0037 22.3
      vertex 15.9952 21.0037 21
    endloop
  endfacet
  facet normal 0.493064 0.869993 -0
    outer loop
      vertex 14.0564 24.6309 18.3
      vertex 13.8856 24.7277 22.3
      vertex 14.0564 24.6309 22.3
    endloop
  endfacet
  facet normal 0.493064 0.869993 0
    outer loop
      vertex 13.8856 24.7277 22.3
      vertex 14.0564 24.6309 18.3
      vertex 13.8856 24.7277 18.3
    endloop
  endfacet
  facet normal 0.869993 -0.493064 0
    outer loop
      vertex 15.4309 19.1436 22.3
      vertex 15.5277 19.3144 21
      vertex 15.5277 19.3144 22.3
    endloop
  endfacet
  facet normal 0.869993 -0.493064 0
    outer loop
      vertex 15.5277 19.3144 21
      vertex 15.4309 19.1436 22.3
      vertex 15.4309 19.1436 21
    endloop
  endfacet
  facet normal -0.985282 -0.170935 0
    outer loop
      vertex 8.07686 20.4196 21
      vertex 8.04329 20.6131 22.3
      vertex 8.04329 20.6131 21
    endloop
  endfacet
  facet normal -0.985282 -0.170935 0
    outer loop
      vertex 8.04329 20.6131 22.3
      vertex 8.07686 20.4196 21
      vertex 8.07686 20.4196 22.3
    endloop
  endfacet
  facet normal -0.844911 -0.534907 0
    outer loop
      vertex 8.67412 18.9777 21
      vertex 8.56909 19.1436 22.3
      vertex 8.56909 19.1436 21
    endloop
  endfacet
  facet normal -0.844911 -0.534907 0
    outer loop
      vertex 8.56909 19.1436 22.3
      vertex 8.67412 18.9777 21
      vertex 8.67412 18.9777 22.3
    endloop
  endfacet
  facet normal 0.788364 0.615209 0
    outer loop
      vertex 15.2128 23.5828 22.3
      vertex 15.092 23.7376 18.3
      vertex 15.092 23.7376 22.3
    endloop
  endfacet
  facet normal 0.788364 0.615209 0
    outer loop
      vertex 15.092 23.7376 18.3
      vertex 15.2128 23.5828 22.3
      vertex 15.2128 23.5828 18.3
    endloop
  endfacet
  facet normal 0.31363 0.949545 -0
    outer loop
      vertex 13.3476 24.9662 18.3
      vertex 13.1611 25.0278 22.3
      vertex 13.3476 24.9662 22.3
    endloop
  endfacet
  facet normal 0.31363 0.949545 0
    outer loop
      vertex 13.1611 25.0278 22.3
      vertex 13.3476 24.9662 18.3
      vertex 13.1611 25.0278 18.3
    endloop
  endfacet
  facet normal 0.914336 -0.404957 0
    outer loop
      vertex 15.616 19.4898 22.3
      vertex 15.6955 19.6693 21
      vertex 15.6955 19.6693 22.3
    endloop
  endfacet
  facet normal 0.914336 -0.404957 0
    outer loop
      vertex 15.6955 19.6693 21
      vertex 15.616 19.4898 22.3
      vertex 15.616 19.4898 21
    endloop
  endfacet
  facet normal -0.914223 -0.405212 0
    outer loop
      vertex 8.38404 19.4898 21
      vertex 8.30448 19.6693 22.3
      vertex 8.30448 19.6693 21
    endloop
  endfacet
  facet normal -0.914223 -0.405212 0
    outer loop
      vertex 8.30448 19.6693 22.3
      vertex 8.38404 19.4898 21
      vertex 8.38404 19.4898 22.3
    endloop
  endfacet
  facet normal 0.992496 0.122279 0
    outer loop
      vertex 15.9807 21.5921 22.3
      vertex 15.9567 21.7869 18.3
      vertex 15.9567 21.7869 22.3
    endloop
  endfacet
  facet normal 0.992496 0.122279 0
    outer loop
      vertex 15.9567 21.7869 18.3
      vertex 15.9807 21.5921 22.3
      vertex 15.9807 21.5921 18.3
    endloop
  endfacet
  facet normal -0.122279 0.992496 0
    outer loop
      vertex 11.6079 25.1807 18.3
      vertex 11.4131 25.1567 22.3
      vertex 11.6079 25.1807 22.3
    endloop
  endfacet
  facet normal -0.122279 0.992496 0
    outer loop
      vertex 11.4131 25.1567 22.3
      vertex 11.6079 25.1807 18.3
      vertex 11.4131 25.1567 18.3
    endloop
  endfacet
  facet normal 0.404957 0.914336 -0
    outer loop
      vertex 13.7102 24.816 18.3
      vertex 13.5307 24.8955 22.3
      vertex 13.7102 24.816 22.3
    endloop
  endfacet
  facet normal 0.404957 0.914336 0
    outer loop
      vertex 13.5307 24.8955 22.3
      vertex 13.7102 24.816 18.3
      vertex 13.5307 24.8955 18.3
    endloop
  endfacet
  facet normal 0.360208 -0.932872 0
    outer loop
      vertex 13.3476 17.4338 21
      vertex 13.5307 17.5045 22.3
      vertex 13.3476 17.4338 22.3
    endloop
  endfacet
  facet normal 0.360208 -0.932872 0
    outer loop
      vertex 13.5307 17.5045 22.3
      vertex 13.3476 17.4338 21
      vertex 13.5307 17.5045 21
    endloop
  endfacet
  facet normal -0.975694 -0.219136 0
    outer loop
      vertex 8.11987 20.2281 21
      vertex 8.07686 20.4196 22.3
      vertex 8.07686 20.4196 21
    endloop
  endfacet
  facet normal -0.975694 -0.219136 0
    outer loop
      vertex 8.07686 20.4196 22.3
      vertex 8.11987 20.2281 21
      vertex 8.11987 20.2281 22.3
    endloop
  endfacet
  facet normal -0.360208 0.932872 0
    outer loop
      vertex 10.6524 24.9662 18.3
      vertex 10.4693 24.8955 22.3
      vertex 10.6524 24.9662 22.3
    endloop
  endfacet
  facet normal -0.360208 0.932872 0
    outer loop
      vertex 10.4693 24.8955 22.3
      vertex 10.6524 24.9662 18.3
      vertex 10.4693 24.8955 18.3
    endloop
  endfacet
  facet normal 0.84498 0.534798 0
    outer loop
      vertex 15.4309 23.2564 22.3
      vertex 15.3259 23.4223 18.3
      vertex 15.3259 23.4223 22.3
    endloop
  endfacet
  facet normal 0.84498 0.534798 0
    outer loop
      vertex 15.3259 23.4223 18.3
      vertex 15.4309 23.2564 22.3
      vertex 15.4309 23.2564 18.3
    endloop
  endfacet
  facet normal -0.724261 0.689525 0
    outer loop
      vertex 9.03619 23.8862 18.3
      vertex 9.17157 24.0284 22.3
      vertex 9.17157 24.0284 18.3
    endloop
  endfacet
  facet normal -0.724261 0.689525 0
    outer loop
      vertex 9.17157 24.0284 22.3
      vertex 9.03619 23.8862 18.3
      vertex 9.03619 23.8862 22.3
    endloop
  endfacet
  facet normal -0.724261 -0.689525 0
    outer loop
      vertex 9.17157 18.3716 21
      vertex 9.03619 18.5138 22.3
      vertex 9.03619 18.5138 21
    endloop
  endfacet
  facet normal -0.724261 -0.689525 0
    outer loop
      vertex 9.03619 18.5138 22.3
      vertex 9.17157 18.3716 21
      vertex 9.17157 18.3716 22.3
    endloop
  endfacet
  facet normal 0.171083 -0.985257 0
    outer loop
      vertex 12.5869 17.2433 21
      vertex 12.7804 17.2769 22.3
      vertex 12.5869 17.2433 22.3
    endloop
  endfacet
  facet normal 0.171083 -0.985257 0
    outer loop
      vertex 12.7804 17.2769 22.3
      vertex 12.5869 17.2433 21
      vertex 12.7804 17.2769 21
    endloop
  endfacet
  facet normal 0.999701 0.0244451 -0
    outer loop
      vertex 16 21.2 21
      vertex 15.9952 21.3963 22.3
      vertex 16 21.2 22.3
    endloop
  endfacet
  facet normal 0.999701 0.0244451 0
    outer loop
      vertex 15.9952 21.3963 22.3
      vertex 16 21.2 21
      vertex 15.9952 21.3963 18.3
    endloop
  endfacet
  facet normal 0.999701 0.0244451 0
    outer loop
      vertex 15.9952 21.3963 18.3
      vertex 16 21.2 21
      vertex 16 21.2 18.3
    endloop
  endfacet
  facet normal -0.817553 0.575853 0
    outer loop
      vertex 8.67412 23.4223 18.3
      vertex 8.78717 23.5828 22.3
      vertex 8.78717 23.5828 18.3
    endloop
  endfacet
  facet normal -0.817553 0.575853 0
    outer loop
      vertex 8.78717 23.5828 22.3
      vertex 8.67412 23.4223 18.3
      vertex 8.67412 23.4223 22.3
    endloop
  endfacet
  facet normal -0.122279 -0.992496 0
    outer loop
      vertex 11.4131 17.2433 22.3
      vertex 11.6079 17.2193 21.0941
      vertex 11.6079 17.2193 22.3
    endloop
  endfacet
  facet normal -0.122279 -0.992496 0
    outer loop
      vertex 11.4131 17.2433 21
      vertex 11.6079 17.2193 21.0941
      vertex 11.4131 17.2433 22.3
    endloop
  endfacet
  facet normal -0.122469 -0.992472 0.000398893
    outer loop
      vertex 11.6079 17.2193 21.0941
      vertex 11.4131 17.2433 21
      vertex 11.4755 17.2356 21
    endloop
  endfacet
  facet normal -0.788389 -0.615177 0
    outer loop
      vertex 8.90796 18.6624 21
      vertex 8.78717 18.8172 22.3
      vertex 8.78717 18.8172 21
    endloop
  endfacet
  facet normal -0.788389 -0.615177 0
    outer loop
      vertex 8.78717 18.8172 22.3
      vertex 8.90796 18.6624 21
      vertex 8.90796 18.6624 22.3
    endloop
  endfacet
  facet normal 0.963853 -0.266435 0
    outer loop
      vertex 15.8278 20.0389 22.3
      vertex 15.8801 20.2281 21
      vertex 15.8801 20.2281 22.3
    endloop
  endfacet
  facet normal 0.963853 -0.266435 0
    outer loop
      vertex 15.8801 20.2281 21
      vertex 15.8278 20.0389 22.3
      vertex 15.8278 20.0389 21
    endloop
  endfacet
  facet normal -0.985282 0.170935 0
    outer loop
      vertex 8.04329 21.7869 18.3
      vertex 8.07686 21.9804 22.3
      vertex 8.07686 21.9804 18.3
    endloop
  endfacet
  facet normal -0.985282 0.170935 0
    outer loop
      vertex 8.07686 21.9804 22.3
      vertex 8.04329 21.7869 18.3
      vertex 8.04329 21.7869 22.3
    endloop
  endfacet
  facet normal 0.266435 -0.963853 0
    outer loop
      vertex 12.9719 17.3199 21
      vertex 13.1611 17.3722 22.3
      vertex 12.9719 17.3199 22.3
    endloop
  endfacet
  facet normal 0.266435 -0.963853 0
    outer loop
      vertex 13.1611 17.3722 22.3
      vertex 12.9719 17.3199 21
      vertex 13.1611 17.3722 21
    endloop
  endfacet
  facet normal 0.689579 -0.724211 0
    outer loop
      vertex 14.6862 18.2362 21
      vertex 14.8284 18.3716 22.3
      vertex 14.6862 18.2362 22.3
    endloop
  endfacet
  facet normal 0.689579 -0.724211 0
    outer loop
      vertex 14.8284 18.3716 22.3
      vertex 14.6862 18.2362 21
      vertex 14.8284 18.3716 21
    endloop
  endfacet
  facet normal -0.992477 0.122429 0
    outer loop
      vertex 8.01926 21.5921 18.3
      vertex 8.04329 21.7869 22.3
      vertex 8.04329 21.7869 18.3
    endloop
  endfacet
  facet normal -0.992477 0.122429 0
    outer loop
      vertex 8.04329 21.7869 22.3
      vertex 8.01926 21.5921 18.3
      vertex 8.01926 21.5921 22.3
    endloop
  endfacet
  facet normal 0.449656 -0.893202 0
    outer loop
      vertex 13.7102 17.584 21
      vertex 13.8856 17.6723 22.3
      vertex 13.7102 17.584 22.3
    endloop
  endfacet
  facet normal 0.449656 -0.893202 0
    outer loop
      vertex 13.8856 17.6723 22.3
      vertex 13.7102 17.584 21
      vertex 13.8856 17.6723 21
    endloop
  endfacet
  facet normal 0.122279 -0.992496 0
    outer loop
      vertex 12.3921 17.2193 21.0941
      vertex 12.5869 17.2433 22.3
      vertex 12.3921 17.2193 22.3
    endloop
  endfacet
  facet normal 0.122469 -0.992472 0.000398893
    outer loop
      vertex 12.5869 17.2433 21
      vertex 12.3921 17.2193 21.0941
      vertex 12.5245 17.2356 21
    endloop
  endfacet
  facet normal 0.122279 -0.992496 0
    outer loop
      vertex 12.3921 17.2193 21.0941
      vertex 12.5869 17.2433 21
      vertex 12.5869 17.2433 22.3
    endloop
  endfacet
  facet normal 0.932872 -0.360208 0
    outer loop
      vertex 15.6955 19.6693 22.3
      vertex 15.7662 19.8524 21
      vertex 15.7662 19.8524 22.3
    endloop
  endfacet
  facet normal 0.932872 -0.360208 0
    outer loop
      vertex 15.7662 19.8524 21
      vertex 15.6955 19.6693 22.3
      vertex 15.6955 19.6693 21
    endloop
  endfacet
  facet normal 0.122279 0.992496 -0
    outer loop
      vertex 12.5869 25.1567 18.3
      vertex 12.3921 25.1807 22.3
      vertex 12.5869 25.1567 22.3
    endloop
  endfacet
  facet normal 0.122279 0.992496 0
    outer loop
      vertex 12.3921 25.1807 22.3
      vertex 12.5869 25.1567 18.3
      vertex 12.3921 25.1807 18.3
    endloop
  endfacet
  facet normal 0.689579 0.724211 -0
    outer loop
      vertex 14.8284 24.0284 18.3
      vertex 14.6862 24.1638 22.3
      vertex 14.8284 24.0284 22.3
    endloop
  endfacet
  facet normal 0.689579 0.724211 0
    outer loop
      vertex 14.6862 24.1638 22.3
      vertex 14.8284 24.0284 18.3
      vertex 14.6862 24.1638 18.3
    endloop
  endfacet
  facet normal 0.493064 -0.869993 0
    outer loop
      vertex 13.8856 17.6723 21
      vertex 14.0564 17.7691 22.3
      vertex 13.8856 17.6723 22.3
    endloop
  endfacet
  facet normal 0.493064 -0.869993 0
    outer loop
      vertex 14.0564 17.7691 22.3
      vertex 13.8856 17.6723 21
      vertex 14.0564 17.7691 21
    endloop
  endfacet
  facet normal 0.724211 0.689579 0
    outer loop
      vertex 14.9638 23.8862 22.3
      vertex 14.8284 24.0284 18.3
      vertex 14.8284 24.0284 22.3
    endloop
  endfacet
  facet normal 0.724211 0.689579 0
    outer loop
      vertex 14.8284 24.0284 18.3
      vertex 14.9638 23.8862 22.3
      vertex 14.9638 23.8862 18.3
    endloop
  endfacet
  facet normal -0.615283 -0.788306 0
    outer loop
      vertex 9.46243 18.108 21
      vertex 9.6172 17.9872 22.3
      vertex 9.46243 18.108 22.3
    endloop
  endfacet
  facet normal -0.615283 -0.788306 -0
    outer loop
      vertex 9.6172 17.9872 22.3
      vertex 9.46243 18.108 21
      vertex 9.6172 17.9872 21
    endloop
  endfacet
  facet normal 0.817433 0.576023 0
    outer loop
      vertex 15.3259 23.4223 22.3
      vertex 15.2128 23.5828 18.3
      vertex 15.2128 23.5828 22.3
    endloop
  endfacet
  facet normal 0.817433 0.576023 0
    outer loop
      vertex 15.2128 23.5828 18.3
      vertex 15.3259 23.4223 22.3
      vertex 15.3259 23.4223 18.3
    endloop
  endfacet
  facet normal -0.949576 0.313538 0
    outer loop
      vertex 8.17224 22.3611 18.3
      vertex 8.23382 22.5476 22.3
      vertex 8.23382 22.5476 18.3
    endloop
  endfacet
  facet normal -0.949576 0.313538 0
    outer loop
      vertex 8.23382 22.5476 22.3
      vertex 8.17224 22.3611 18.3
      vertex 8.17224 22.3611 22.3
    endloop
  endfacet
  facet normal 0.0244451 0.999701 -0
    outer loop
      vertex 12.1963 25.1952 18.3
      vertex 12 25.2 22.3
      vertex 12.1963 25.1952 22.3
    endloop
  endfacet
  facet normal 0.0244451 0.999701 0
    outer loop
      vertex 12 25.2 22.3
      vertex 12.1963 25.1952 18.3
      vertex 12 25.2 18.3
    endloop
  endfacet
  facet normal 0.975705 0.219088 0
    outer loop
      vertex 15.9231 21.9804 22.3
      vertex 15.8801 22.1719 18.3
      vertex 15.8801 22.1719 22.3
    endloop
  endfacet
  facet normal 0.975705 0.219088 0
    outer loop
      vertex 15.8801 22.1719 18.3
      vertex 15.9231 21.9804 22.3
      vertex 15.9231 21.9804 18.3
    endloop
  endfacet
  facet normal 0.724211 -0.689579 0
    outer loop
      vertex 14.8284 18.3716 22.3
      vertex 14.9638 18.5138 21
      vertex 14.9638 18.5138 22.3
    endloop
  endfacet
  facet normal 0.724211 -0.689579 0
    outer loop
      vertex 14.9638 18.5138 21
      vertex 14.8284 18.3716 22.3
      vertex 14.8284 18.3716 21
    endloop
  endfacet
  facet normal 0.992496 -0.122279 0
    outer loop
      vertex 15.9567 20.6131 22.3
      vertex 15.9807 20.8079 21
      vertex 15.9807 20.8079 22.3
    endloop
  endfacet
  facet normal 0.992496 -0.122279 0
    outer loop
      vertex 15.9807 20.8079 21
      vertex 15.9567 20.6131 22.3
      vertex 15.9567 20.6131 21
    endloop
  endfacet
  facet normal -0.493042 -0.870005 0
    outer loop
      vertex 9.94359 17.7691 21
      vertex 10.1144 17.6723 22.3
      vertex 9.94359 17.7691 22.3
    endloop
  endfacet
  facet normal -0.493042 -0.870005 -0
    outer loop
      vertex 10.1144 17.6723 22.3
      vertex 9.94359 17.7691 21
      vertex 10.1144 17.6723 21
    endloop
  endfacet
  facet normal -0.932941 -0.36003 0
    outer loop
      vertex 8.30448 19.6693 21
      vertex 8.23382 19.8524 22.3
      vertex 8.23382 19.8524 21
    endloop
  endfacet
  facet normal -0.932941 -0.36003 0
    outer loop
      vertex 8.23382 19.8524 22.3
      vertex 8.30448 19.6693 21
      vertex 8.30448 19.6693 22.3
    endloop
  endfacet
  facet normal 0.449656 0.893202 -0
    outer loop
      vertex 13.8856 24.7277 18.3
      vertex 13.7102 24.816 22.3
      vertex 13.8856 24.7277 22.3
    endloop
  endfacet
  facet normal 0.449656 0.893202 0
    outer loop
      vertex 13.7102 24.816 22.3
      vertex 13.8856 24.7277 18.3
      vertex 13.7102 24.816 18.3
    endloop
  endfacet
  facet normal 0.985257 -0.171083 0
    outer loop
      vertex 15.9231 20.4196 22.3
      vertex 15.9567 20.6131 21
      vertex 15.9567 20.6131 22.3
    endloop
  endfacet
  facet normal 0.985257 -0.171083 0
    outer loop
      vertex 15.9567 20.6131 21
      vertex 15.9231 20.4196 22.3
      vertex 15.9231 20.4196 21
    endloop
  endfacet
  facet normal 0.0738529 -0.997269 0
    outer loop
      vertex 12.1963 17.2048 21.1774
      vertex 12.3921 17.2193 22.3
      vertex 12.1963 17.2048 22.3
    endloop
  endfacet
  facet normal 0.0738529 -0.997269 0
    outer loop
      vertex 12.3921 17.2193 22.3
      vertex 12.1963 17.2048 21.1774
      vertex 12.3921 17.2193 21.0941
    endloop
  endfacet
  facet normal -0.449656 -0.893202 0
    outer loop
      vertex 10.1144 17.6723 21
      vertex 10.2898 17.584 22.3
      vertex 10.1144 17.6723 22.3
    endloop
  endfacet
  facet normal -0.449656 -0.893202 -0
    outer loop
      vertex 10.2898 17.584 22.3
      vertex 10.1144 17.6723 21
      vertex 10.2898 17.584 21
    endloop
  endfacet
  facet normal -0.575975 0.817467 0
    outer loop
      vertex 9.77772 24.5259 18.3
      vertex 9.6172 24.4128 22.3
      vertex 9.77772 24.5259 22.3
    endloop
  endfacet
  facet normal -0.575975 0.817467 0
    outer loop
      vertex 9.6172 24.4128 22.3
      vertex 9.77772 24.5259 18.3
      vertex 9.6172 24.4128 18.3
    endloop
  endfacet
  facet normal 0.893202 -0.449656 0
    outer loop
      vertex 15.5277 19.3144 22.3
      vertex 15.616 19.4898 21
      vertex 15.616 19.4898 22.3
    endloop
  endfacet
  facet normal 0.893202 -0.449656 0
    outer loop
      vertex 15.616 19.4898 21
      vertex 15.5277 19.3144 22.3
      vertex 15.5277 19.3144 21
    endloop
  endfacet
  facet normal 0.534798 -0.84498 0
    outer loop
      vertex 14.0564 17.7691 21
      vertex 14.2223 17.8741 22.3
      vertex 14.0564 17.7691 22.3
    endloop
  endfacet
  facet normal 0.534798 -0.84498 0
    outer loop
      vertex 14.2223 17.8741 22.3
      vertex 14.0564 17.7691 21
      vertex 14.2223 17.8741 21
    endloop
  endfacet
  facet normal 0.534798 0.84498 -0
    outer loop
      vertex 14.2223 24.5259 18.3
      vertex 14.0564 24.6309 22.3
      vertex 14.2223 24.5259 22.3
    endloop
  endfacet
  facet normal 0.534798 0.84498 0
    outer loop
      vertex 14.0564 24.6309 22.3
      vertex 14.2223 24.5259 18.3
      vertex 14.0564 24.6309 18.3
    endloop
  endfacet
  facet normal 0.869993 0.493064 0
    outer loop
      vertex 15.5277 23.0856 22.3
      vertex 15.4309 23.2564 18.3
      vertex 15.4309 23.2564 22.3
    endloop
  endfacet
  facet normal 0.869993 0.493064 0
    outer loop
      vertex 15.4309 23.2564 18.3
      vertex 15.5277 23.0856 22.3
      vertex 15.5277 23.0856 18.3
    endloop
  endfacet
  facet normal -0.653045 -0.757319 0
    outer loop
      vertex 9.31376 18.2362 21
      vertex 9.46243 18.108 22.3
      vertex 9.31376 18.2362 22.3
    endloop
  endfacet
  facet normal -0.653045 -0.757319 -0
    outer loop
      vertex 9.46243 18.108 22.3
      vertex 9.31376 18.2362 21
      vertex 9.46243 18.108 21
    endloop
  endfacet
  facet normal 0.360208 0.932872 -0
    outer loop
      vertex 13.5307 24.8955 18.3
      vertex 13.3476 24.9662 22.3
      vertex 13.5307 24.8955 22.3
    endloop
  endfacet
  facet normal 0.360208 0.932872 0
    outer loop
      vertex 13.3476 24.9662 22.3
      vertex 13.5307 24.8955 18.3
      vertex 13.3476 24.9662 18.3
    endloop
  endfacet
  facet normal -0.999699 0.0245469 0
    outer loop
      vertex 8 21.2 21
      vertex 8.00482 21.3963 18.3
      vertex 8 21.2 18.3
    endloop
  endfacet
  facet normal -0.999699 0.0245469 0
    outer loop
      vertex 8.00482 21.3963 18.3
      vertex 8 21.2 21
      vertex 8.00482 21.3963 22.3
    endloop
  endfacet
  facet normal -0.999699 0.0245469 0
    outer loop
      vertex 8.00482 21.3963 22.3
      vertex 8 21.2 21
      vertex 8 21.2 22.3
    endloop
  endfacet
  facet normal -0.404957 -0.914336 0
    outer loop
      vertex 10.2898 17.584 21
      vertex 10.4693 17.5045 22.3
      vertex 10.2898 17.584 22.3
    endloop
  endfacet
  facet normal -0.404957 -0.914336 -0
    outer loop
      vertex 10.4693 17.5045 22.3
      vertex 10.2898 17.584 21
      vertex 10.4693 17.5045 21
    endloop
  endfacet
  facet normal 0.949545 -0.31363 0
    outer loop
      vertex 15.7662 19.8524 22.3
      vertex 15.8278 20.0389 21
      vertex 15.8278 20.0389 22.3
    endloop
  endfacet
  facet normal 0.949545 -0.31363 0
    outer loop
      vertex 15.8278 20.0389 21
      vertex 15.7662 19.8524 22.3
      vertex 15.7662 19.8524 21
    endloop
  endfacet
  facet normal -0.788389 0.615177 0
    outer loop
      vertex 8.78717 23.5828 18.3
      vertex 8.90796 23.7376 22.3
      vertex 8.90796 23.7376 18.3
    endloop
  endfacet
  facet normal -0.788389 0.615177 0
    outer loop
      vertex 8.90796 23.7376 22.3
      vertex 8.78717 23.5828 18.3
      vertex 8.78717 23.5828 22.3
    endloop
  endfacet
  facet normal 0.932872 0.360208 0
    outer loop
      vertex 15.7662 22.5476 22.3
      vertex 15.6955 22.7307 18.3
      vertex 15.6955 22.7307 22.3
    endloop
  endfacet
  facet normal 0.932872 0.360208 0
    outer loop
      vertex 15.6955 22.7307 18.3
      vertex 15.7662 22.5476 22.3
      vertex 15.7662 22.5476 18.3
    endloop
  endfacet
  facet normal -0.0738529 -0.997269 0
    outer loop
      vertex 11.6079 17.2193 22.3
      vertex 11.8037 17.2048 21.1774
      vertex 11.8037 17.2048 22.3
    endloop
  endfacet
  facet normal -0.0738529 -0.997269 0
    outer loop
      vertex 11.8037 17.2048 21.1774
      vertex 11.6079 17.2193 22.3
      vertex 11.6079 17.2193 21.0941
    endloop
  endfacet
  facet normal -0.932941 0.36003 0
    outer loop
      vertex 8.23382 22.5476 18.3
      vertex 8.30448 22.7307 22.3
      vertex 8.30448 22.7307 18.3
    endloop
  endfacet
  facet normal -0.932941 0.36003 0
    outer loop
      vertex 8.30448 22.7307 22.3
      vertex 8.23382 22.5476 18.3
      vertex 8.23382 22.5476 22.3
    endloop
  endfacet
  facet normal -0.963761 0.266766 0
    outer loop
      vertex 8.11987 22.1719 18.3
      vertex 8.17224 22.3611 22.3
      vertex 8.17224 22.3611 18.3
    endloop
  endfacet
  facet normal -0.963761 0.266766 0
    outer loop
      vertex 8.17224 22.3611 22.3
      vertex 8.11987 22.1719 18.3
      vertex 8.11987 22.1719 22.3
    endloop
  endfacet
  facet normal 0.893202 0.449656 0
    outer loop
      vertex 15.616 22.9102 22.3
      vertex 15.5277 23.0856 18.3
      vertex 15.5277 23.0856 22.3
    endloop
  endfacet
  facet normal 0.893202 0.449656 0
    outer loop
      vertex 15.5277 23.0856 18.3
      vertex 15.616 22.9102 22.3
      vertex 15.616 22.9102 18.3
    endloop
  endfacet
  facet normal -0.266435 0.963853 0
    outer loop
      vertex 11.0281 25.0801 18.3
      vertex 10.8389 25.0278 22.3
      vertex 11.0281 25.0801 22.3
    endloop
  endfacet
  facet normal -0.266435 0.963853 0
    outer loop
      vertex 10.8389 25.0278 22.3
      vertex 11.0281 25.0801 18.3
      vertex 10.8389 25.0278 18.3
    endloop
  endfacet
  facet normal -0.534867 0.844936 0
    outer loop
      vertex 9.94359 24.6309 18.3
      vertex 9.77772 24.5259 22.3
      vertex 9.94359 24.6309 22.3
    endloop
  endfacet
  facet normal -0.534867 0.844936 0
    outer loop
      vertex 9.77772 24.5259 22.3
      vertex 9.94359 24.6309 18.3
      vertex 9.77772 24.5259 18.3
    endloop
  endfacet
  facet normal -0.914223 0.405212 0
    outer loop
      vertex 8.30448 22.7307 18.3
      vertex 8.38404 22.9102 22.3
      vertex 8.38404 22.9102 18.3
    endloop
  endfacet
  facet normal -0.914223 0.405212 0
    outer loop
      vertex 8.38404 22.9102 22.3
      vertex 8.30448 22.7307 18.3
      vertex 8.30448 22.7307 22.3
    endloop
  endfacet
  facet normal -0.689604 0.724186 0
    outer loop
      vertex 9.31376 24.1638 18.3
      vertex 9.17157 24.0284 22.3
      vertex 9.31376 24.1638 22.3
    endloop
  endfacet
  facet normal -0.689604 0.724186 0
    outer loop
      vertex 9.17157 24.0284 22.3
      vertex 9.31376 24.1638 18.3
      vertex 9.17157 24.0284 18.3
    endloop
  endfacet
  facet normal 0.615209 0.788364 -0
    outer loop
      vertex 14.5376 24.292 18.3
      vertex 14.3828 24.4128 22.3
      vertex 14.5376 24.292 22.3
    endloop
  endfacet
  facet normal 0.615209 0.788364 0
    outer loop
      vertex 14.3828 24.4128 22.3
      vertex 14.5376 24.292 18.3
      vertex 14.3828 24.4128 18.3
    endloop
  endfacet
  facet normal -0.219088 0.975705 0
    outer loop
      vertex 11.2196 25.1231 18.3
      vertex 11.0281 25.0801 22.3
      vertex 11.2196 25.1231 22.3
    endloop
  endfacet
  facet normal -0.219088 0.975705 0
    outer loop
      vertex 11.0281 25.0801 22.3
      vertex 11.2196 25.1231 18.3
      vertex 11.0281 25.0801 18.3
    endloop
  endfacet
  facet normal -0.171083 0.985257 0
    outer loop
      vertex 11.4131 25.1567 18.3
      vertex 11.2196 25.1231 22.3
      vertex 11.4131 25.1567 22.3
    endloop
  endfacet
  facet normal -0.171083 0.985257 0
    outer loop
      vertex 11.2196 25.1231 22.3
      vertex 11.4131 25.1567 18.3
      vertex 11.2196 25.1231 18.3
    endloop
  endfacet
  facet normal -0.997292 0.073549 0
    outer loop
      vertex 8.00482 21.3963 18.3
      vertex 8.01926 21.5921 22.3
      vertex 8.01926 21.5921 18.3
    endloop
  endfacet
  facet normal -0.997292 0.073549 0
    outer loop
      vertex 8.01926 21.5921 22.3
      vertex 8.00482 21.3963 18.3
      vertex 8.00482 21.3963 22.3
    endloop
  endfacet
  facet normal -0.870037 0.492987 0
    outer loop
      vertex 8.47231 23.0856 18.3
      vertex 8.56909 23.2564 22.3
      vertex 8.56909 23.2564 18.3
    endloop
  endfacet
  facet normal -0.870037 0.492987 0
    outer loop
      vertex 8.56909 23.2564 22.3
      vertex 8.47231 23.0856 18.3
      vertex 8.47231 23.0856 22.3
    endloop
  endfacet
  facet normal 0.653222 0.757167 -0
    outer loop
      vertex 14.6862 24.1638 18.3
      vertex 14.5376 24.292 22.3
      vertex 14.6862 24.1638 22.3
    endloop
  endfacet
  facet normal 0.653222 0.757167 0
    outer loop
      vertex 14.5376 24.292 22.3
      vertex 14.6862 24.1638 18.3
      vertex 14.5376 24.292 18.3
    endloop
  endfacet
  facet normal -0.893263 -0.449534 0
    outer loop
      vertex 8.47231 19.3144 21
      vertex 8.38404 19.4898 22.3
      vertex 8.38404 19.4898 21
    endloop
  endfacet
  facet normal -0.893263 -0.449534 0
    outer loop
      vertex 8.38404 19.4898 22.3
      vertex 8.47231 19.3144 21
      vertex 8.47231 19.3144 22.3
    endloop
  endfacet
  facet normal 0.576023 -0.817433 0
    outer loop
      vertex 14.2223 17.8741 21
      vertex 14.3828 17.9872 22.3
      vertex 14.2223 17.8741 22.3
    endloop
  endfacet
  facet normal 0.576023 -0.817433 0
    outer loop
      vertex 14.3828 17.9872 22.3
      vertex 14.2223 17.8741 21
      vertex 14.3828 17.9872 21
    endloop
  endfacet
  facet normal -0.0738529 0.997269 0
    outer loop
      vertex 11.8037 25.1952 18.3
      vertex 11.6079 25.1807 22.3
      vertex 11.8037 25.1952 22.3
    endloop
  endfacet
  facet normal -0.0738529 0.997269 0
    outer loop
      vertex 11.6079 25.1807 22.3
      vertex 11.8037 25.1952 18.3
      vertex 11.6079 25.1807 18.3
    endloop
  endfacet
  facet normal -0.999699 -0.0245469 0
    outer loop
      vertex 8.00482 21.0037 21
      vertex 8 21.2 22.3
      vertex 8 21.2 21
    endloop
  endfacet
  facet normal -0.999699 -0.0245469 0
    outer loop
      vertex 8 21.2 22.3
      vertex 8.00482 21.0037 21
      vertex 8.00482 21.0037 22.3
    endloop
  endfacet
  facet normal -0.404957 0.914336 0
    outer loop
      vertex 10.4693 24.8955 18.3
      vertex 10.2898 24.816 22.3
      vertex 10.4693 24.8955 22.3
    endloop
  endfacet
  facet normal -0.404957 0.914336 0
    outer loop
      vertex 10.2898 24.816 22.3
      vertex 10.4693 24.8955 18.3
      vertex 10.2898 24.816 18.3
    endloop
  endfacet
  facet normal -0.992477 -0.122429 0
    outer loop
      vertex 8.04329 20.6131 21
      vertex 8.01926 20.8079 22.3
      vertex 8.01926 20.8079 21
    endloop
  endfacet
  facet normal -0.992477 -0.122429 0
    outer loop
      vertex 8.01926 20.8079 22.3
      vertex 8.04329 20.6131 21
      vertex 8.04329 20.6131 22.3
    endloop
  endfacet
  facet normal 0.757167 -0.653222 0
    outer loop
      vertex 14.9638 18.5138 22.3
      vertex 15.092 18.6624 21
      vertex 15.092 18.6624 22.3
    endloop
  endfacet
  facet normal 0.757167 -0.653222 0
    outer loop
      vertex 15.092 18.6624 21
      vertex 14.9638 18.5138 22.3
      vertex 14.9638 18.5138 21
    endloop
  endfacet
  facet normal 0.788364 -0.615209 0
    outer loop
      vertex 15.092 18.6624 22.3
      vertex 15.2128 18.8172 21
      vertex 15.2128 18.8172 22.3
    endloop
  endfacet
  facet normal 0.788364 -0.615209 0
    outer loop
      vertex 15.2128 18.8172 21
      vertex 15.092 18.6624 22.3
      vertex 15.092 18.6624 21
    endloop
  endfacet
  facet normal -0.757091 -0.653309 0
    outer loop
      vertex 9.03619 18.5138 21
      vertex 8.90796 18.6624 22.3
      vertex 8.90796 18.6624 21
    endloop
  endfacet
  facet normal -0.757091 -0.653309 0
    outer loop
      vertex 8.90796 18.6624 22.3
      vertex 9.03619 18.5138 21
      vertex 9.03619 18.5138 22.3
    endloop
  endfacet
  facet normal 0.914336 0.404957 0
    outer loop
      vertex 15.6955 22.7307 22.3
      vertex 15.616 22.9102 18.3
      vertex 15.616 22.9102 22.3
    endloop
  endfacet
  facet normal 0.914336 0.404957 0
    outer loop
      vertex 15.616 22.9102 18.3
      vertex 15.6955 22.7307 22.3
      vertex 15.6955 22.7307 18.3
    endloop
  endfacet
  facet normal -0.997292 -0.073549 0
    outer loop
      vertex 8.01926 20.8079 21
      vertex 8.00482 21.0037 22.3
      vertex 8.00482 21.0037 21
    endloop
  endfacet
  facet normal -0.997292 -0.073549 0
    outer loop
      vertex 8.00482 21.0037 22.3
      vertex 8.01926 20.8079 21
      vertex 8.01926 20.8079 22.3
    endloop
  endfacet
  facet normal 0.975705 -0.219088 0
    outer loop
      vertex 15.8801 20.2281 22.3
      vertex 15.9231 20.4196 21
      vertex 15.9231 20.4196 22.3
    endloop
  endfacet
  facet normal 0.975705 -0.219088 0
    outer loop
      vertex 15.9231 20.4196 21
      vertex 15.8801 20.2281 22.3
      vertex 15.8801 20.2281 21
    endloop
  endfacet
  facet normal -0.449656 0.893202 0
    outer loop
      vertex 10.2898 24.816 18.3
      vertex 10.1144 24.7277 22.3
      vertex 10.2898 24.816 22.3
    endloop
  endfacet
  facet normal -0.449656 0.893202 0
    outer loop
      vertex 10.1144 24.7277 22.3
      vertex 10.2898 24.816 18.3
      vertex 10.1144 24.7277 18.3
    endloop
  endfacet
  facet normal 0.84498 -0.534798 0
    outer loop
      vertex 15.3259 18.9777 22.3
      vertex 15.4309 19.1436 21
      vertex 15.4309 19.1436 22.3
    endloop
  endfacet
  facet normal 0.84498 -0.534798 0
    outer loop
      vertex 15.4309 19.1436 21
      vertex 15.3259 18.9777 22.3
      vertex 15.3259 18.9777 21
    endloop
  endfacet
  facet normal 0.266435 0.963853 -0
    outer loop
      vertex 13.1611 25.0278 18.3
      vertex 12.9719 25.0801 22.3
      vertex 13.1611 25.0278 22.3
    endloop
  endfacet
  facet normal 0.266435 0.963853 0
    outer loop
      vertex 12.9719 25.0801 22.3
      vertex 13.1611 25.0278 18.3
      vertex 12.9719 25.0801 18.3
    endloop
  endfacet
  facet normal 0.817433 -0.576023 0
    outer loop
      vertex 15.2128 18.8172 22.3
      vertex 15.3259 18.9777 21
      vertex 15.3259 18.9777 22.3
    endloop
  endfacet
  facet normal 0.817433 -0.576023 0
    outer loop
      vertex 15.3259 18.9777 21
      vertex 15.2128 18.8172 22.3
      vertex 15.2128 18.8172 21
    endloop
  endfacet
  facet normal 0.31363 -0.949545 0
    outer loop
      vertex 13.1611 17.3722 21
      vertex 13.3476 17.4338 22.3
      vertex 13.1611 17.3722 22.3
    endloop
  endfacet
  facet normal 0.31363 -0.949545 0
    outer loop
      vertex 13.3476 17.4338 22.3
      vertex 13.1611 17.3722 21
      vertex 13.3476 17.4338 21
    endloop
  endfacet
  facet normal 0.653222 -0.757167 0
    outer loop
      vertex 14.5376 18.108 21
      vertex 14.6862 18.2362 22.3
      vertex 14.5376 18.108 22.3
    endloop
  endfacet
  facet normal 0.653222 -0.757167 0
    outer loop
      vertex 14.6862 18.2362 22.3
      vertex 14.5376 18.108 21
      vertex 14.6862 18.2362 21
    endloop
  endfacet
  facet normal 0.0738529 0.997269 -0
    outer loop
      vertex 12.3921 25.1807 18.3
      vertex 12.1963 25.1952 22.3
      vertex 12.3921 25.1807 22.3
    endloop
  endfacet
  facet normal 0.0738529 0.997269 0
    outer loop
      vertex 12.1963 25.1952 22.3
      vertex 12.3921 25.1807 18.3
      vertex 12.1963 25.1952 18.3
    endloop
  endfacet
  facet normal -0.975694 0.219136 0
    outer loop
      vertex 8.07686 21.9804 18.3
      vertex 8.11987 22.1719 22.3
      vertex 8.11987 22.1719 18.3
    endloop
  endfacet
  facet normal -0.975694 0.219136 0
    outer loop
      vertex 8.11987 22.1719 22.3
      vertex 8.07686 21.9804 18.3
      vertex 8.07686 21.9804 22.3
    endloop
  endfacet
  facet normal -0.493042 0.870005 0
    outer loop
      vertex 10.1144 24.7277 18.3
      vertex 9.94359 24.6309 22.3
      vertex 10.1144 24.7277 22.3
    endloop
  endfacet
  facet normal -0.493042 0.870005 0
    outer loop
      vertex 9.94359 24.6309 22.3
      vertex 10.1144 24.7277 18.3
      vertex 9.94359 24.6309 18.3
    endloop
  endfacet
  facet normal 0.757167 0.653222 0
    outer loop
      vertex 15.092 23.7376 22.3
      vertex 14.9638 23.8862 18.3
      vertex 14.9638 23.8862 22.3
    endloop
  endfacet
  facet normal 0.757167 0.653222 0
    outer loop
      vertex 14.9638 23.8862 18.3
      vertex 15.092 23.7376 22.3
      vertex 15.092 23.7376 18.3
    endloop
  endfacet
  facet normal -0.0244451 0.999701 0
    outer loop
      vertex 12 25.2 18.3
      vertex 11.8037 25.1952 22.3
      vertex 12 25.2 22.3
    endloop
  endfacet
  facet normal -0.0244451 0.999701 0
    outer loop
      vertex 11.8037 25.1952 22.3
      vertex 12 25.2 18.3
      vertex 11.8037 25.1952 18.3
    endloop
  endfacet
  facet normal 0.0244451 -0.999701 0
    outer loop
      vertex 12 17.2 21.2051
      vertex 12.1963 17.2048 22.3
      vertex 12 17.2 22.3
    endloop
  endfacet
  facet normal 0.0244451 -0.999701 0
    outer loop
      vertex 12.1963 17.2048 22.3
      vertex 12 17.2 21.2051
      vertex 12.1963 17.2048 21.1774
    endloop
  endfacet
  facet normal 0.219088 0.975705 -0
    outer loop
      vertex 12.9719 25.0801 18.3
      vertex 12.7804 25.1231 22.3
      vertex 12.9719 25.0801 22.3
    endloop
  endfacet
  facet normal 0.219088 0.975705 0
    outer loop
      vertex 12.7804 25.1231 22.3
      vertex 12.9719 25.0801 18.3
      vertex 12.7804 25.1231 18.3
    endloop
  endfacet
  facet normal -0.266435 -0.963853 0
    outer loop
      vertex 10.8389 17.3722 21
      vertex 11.0281 17.3199 22.3
      vertex 10.8389 17.3722 22.3
    endloop
  endfacet
  facet normal -0.266435 -0.963853 -0
    outer loop
      vertex 11.0281 17.3199 22.3
      vertex 10.8389 17.3722 21
      vertex 11.0281 17.3199 21
    endloop
  endfacet
  facet normal -0.0244451 -0.999701 0
    outer loop
      vertex 11.8037 17.2048 22.3
      vertex 12 17.2 21.2051
      vertex 12 17.2 22.3
    endloop
  endfacet
  facet normal -0.0244451 -0.999701 0
    outer loop
      vertex 12 17.2 21.2051
      vertex 11.8037 17.2048 22.3
      vertex 11.8037 17.2048 21.1774
    endloop
  endfacet
  facet normal -0.817553 -0.575853 0
    outer loop
      vertex 8.78717 18.8172 21
      vertex 8.67412 18.9777 22.3
      vertex 8.67412 18.9777 21
    endloop
  endfacet
  facet normal -0.817553 -0.575853 0
    outer loop
      vertex 8.67412 18.9777 22.3
      vertex 8.78717 18.8172 21
      vertex 8.78717 18.8172 22.3
    endloop
  endfacet
  facet normal -0.653045 0.757319 0
    outer loop
      vertex 9.46243 24.292 18.3
      vertex 9.31376 24.1638 22.3
      vertex 9.46243 24.292 22.3
    endloop
  endfacet
  facet normal -0.653045 0.757319 0
    outer loop
      vertex 9.31376 24.1638 22.3
      vertex 9.46243 24.292 18.3
      vertex 9.31376 24.1638 18.3
    endloop
  endfacet
  facet normal -0.615283 0.788306 0
    outer loop
      vertex 9.6172 24.4128 18.3
      vertex 9.46243 24.292 22.3
      vertex 9.6172 24.4128 22.3
    endloop
  endfacet
  facet normal -0.615283 0.788306 0
    outer loop
      vertex 9.46243 24.292 22.3
      vertex 9.6172 24.4128 18.3
      vertex 9.46243 24.292 18.3
    endloop
  endfacet
  facet normal -0.31363 0.949545 0
    outer loop
      vertex 10.8389 25.0278 18.3
      vertex 10.6524 24.9662 22.3
      vertex 10.8389 25.0278 22.3
    endloop
  endfacet
  facet normal -0.31363 0.949545 0
    outer loop
      vertex 10.6524 24.9662 22.3
      vertex 10.8389 25.0278 18.3
      vertex 10.6524 24.9662 18.3
    endloop
  endfacet
  facet normal -0.31363 -0.949545 0
    outer loop
      vertex 10.6524 17.4338 21
      vertex 10.8389 17.3722 22.3
      vertex 10.6524 17.4338 22.3
    endloop
  endfacet
  facet normal -0.31363 -0.949545 -0
    outer loop
      vertex 10.8389 17.3722 22.3
      vertex 10.6524 17.4338 21
      vertex 10.8389 17.3722 21
    endloop
  endfacet
  facet normal 0.404957 -0.914336 0
    outer loop
      vertex 13.5307 17.5045 21
      vertex 13.7102 17.584 22.3
      vertex 13.5307 17.5045 22.3
    endloop
  endfacet
  facet normal 0.404957 -0.914336 0
    outer loop
      vertex 13.7102 17.584 22.3
      vertex 13.5307 17.5045 21
      vertex 13.7102 17.584 21
    endloop
  endfacet
  facet normal -0.949576 -0.313538 0
    outer loop
      vertex 8.23382 19.8524 21
      vertex 8.17224 20.0389 22.3
      vertex 8.17224 20.0389 21
    endloop
  endfacet
  facet normal -0.949576 -0.313538 0
    outer loop
      vertex 8.17224 20.0389 22.3
      vertex 8.23382 19.8524 21
      vertex 8.23382 19.8524 22.3
    endloop
  endfacet
  facet normal -0.963761 -0.266766 0
    outer loop
      vertex 8.17224 20.0389 21
      vertex 8.11987 20.2281 22.3
      vertex 8.11987 20.2281 21
    endloop
  endfacet
  facet normal -0.963761 -0.266766 0
    outer loop
      vertex 8.11987 20.2281 22.3
      vertex 8.17224 20.0389 21
      vertex 8.17224 20.0389 22.3
    endloop
  endfacet
  facet normal 0.171083 0.985257 -0
    outer loop
      vertex 12.7804 25.1231 18.3
      vertex 12.5869 25.1567 22.3
      vertex 12.7804 25.1231 22.3
    endloop
  endfacet
  facet normal 0.171083 0.985257 0
    outer loop
      vertex 12.5869 25.1567 22.3
      vertex 12.7804 25.1231 18.3
      vertex 12.5869 25.1567 18.3
    endloop
  endfacet
  facet normal 0 0 1
    outer loop
      vertex 13.7 21.2 22.3
      vertex 16 21.2 22.3
      vertex 15.9952 21.3963 22.3
    endloop
  endfacet
  facet normal 0 0 1
    outer loop
      vertex 13.698 21.2834 22.3
      vertex 15.9952 21.3963 22.3
      vertex 15.9807 21.5921 22.3
    endloop
  endfacet
  facet normal 0 0 1
    outer loop
      vertex 16 21.2 22.3
      vertex 13.7 21.2 22.3
      vertex 15.9952 21.0037 22.3
    endloop
  endfacet
  facet normal 0 0 1
    outer loop
      vertex 13.6918 21.3666 22.3
      vertex 15.9807 21.5921 22.3
      vertex 15.9567 21.7869 22.3
    endloop
  endfacet
  facet normal -0 0 1
    outer loop
      vertex 13.698 21.1166 22.3
      vertex 15.9952 21.0037 22.3
      vertex 13.7 21.2 22.3
    endloop
  endfacet
  facet normal 0 0 1
    outer loop
      vertex 13.6816 21.4494 22.3
      vertex 15.9567 21.7869 22.3
      vertex 15.9231 21.9804 22.3
    endloop
  endfacet
  facet normal 0 0 1
    outer loop
      vertex 15.9952 21.0037 22.3
      vertex 13.698 21.1166 22.3
      vertex 15.9807 20.8079 22.3
    endloop
  endfacet
  facet normal 0 0 1
    outer loop
      vertex 13.6673 21.5317 22.3
      vertex 15.9231 21.9804 22.3
      vertex 15.8801 22.1719 22.3
    endloop
  endfacet
  facet normal -0 0 1
    outer loop
      vertex 13.6918 21.0334 22.3
      vertex 15.9807 20.8079 22.3
      vertex 13.698 21.1166 22.3
    endloop
  endfacet
  facet normal 0 0 1
    outer loop
      vertex 13.6491 21.6131 22.3
      vertex 15.8801 22.1719 22.3
      vertex 15.8278 22.3611 22.3
    endloop
  endfacet
  facet normal 0 0 1
    outer loop
      vertex 15.9807 20.8079 22.3
      vertex 13.6918 21.0334 22.3
      vertex 15.9567 20.6131 22.3
    endloop
  endfacet
  facet normal 0 0 1
    outer loop
      vertex 13.6268 21.6935 22.3
      vertex 15.8278 22.3611 22.3
      vertex 15.7662 22.5476 22.3
    endloop
  endfacet
  facet normal -0 0 1
    outer loop
      vertex 13.6816 20.9506 22.3
      vertex 15.9567 20.6131 22.3
      vertex 13.6918 21.0334 22.3
    endloop
  endfacet
  facet normal 0 0 1
    outer loop
      vertex 13.6006 21.7727 22.3
      vertex 15.7662 22.5476 22.3
      vertex 15.6955 22.7307 22.3
    endloop
  endfacet
  facet normal 0 0 1
    outer loop
      vertex 15.9567 20.6131 22.3
      vertex 13.6816 20.9506 22.3
      vertex 15.9231 20.4196 22.3
    endloop
  endfacet
  facet normal 0 0 1
    outer loop
      vertex 13.5706 21.8506 22.3
      vertex 15.6955 22.7307 22.3
      vertex 15.616 22.9102 22.3
    endloop
  endfacet
  facet normal -0 0 1
    outer loop
      vertex 13.6673 20.8683 22.3
      vertex 15.9231 20.4196 22.3
      vertex 13.6816 20.9506 22.3
    endloop
  endfacet
  facet normal 0 0 1
    outer loop
      vertex 13.5368 21.9268 22.3
      vertex 15.616 22.9102 22.3
      vertex 15.5277 23.0856 22.3
    endloop
  endfacet
  facet normal 0 0 1
    outer loop
      vertex 15.9231 20.4196 22.3
      vertex 13.6673 20.8683 22.3
      vertex 15.8801 20.2281 22.3
    endloop
  endfacet
  facet normal 0 0 1
    outer loop
      vertex 13.4993 22.0014 22.3
      vertex 15.5277 23.0856 22.3
      vertex 15.4309 23.2564 22.3
    endloop
  endfacet
  facet normal -0 0 1
    outer loop
      vertex 13.6491 20.7869 22.3
      vertex 15.8801 20.2281 22.3
      vertex 13.6673 20.8683 22.3
    endloop
  endfacet
  facet normal 0 0 1
    outer loop
      vertex 13.4581 22.074 22.3
      vertex 15.4309 23.2564 22.3
      vertex 15.3259 23.4223 22.3
    endloop
  endfacet
  facet normal 0 0 1
    outer loop
      vertex 15.8801 20.2281 22.3
      vertex 13.6491 20.7869 22.3
      vertex 15.8278 20.0389 22.3
    endloop
  endfacet
  facet normal 0 0 1
    outer loop
      vertex 13.4135 22.1445 22.3
      vertex 15.3259 23.4223 22.3
      vertex 15.2128 23.5828 22.3
    endloop
  endfacet
  facet normal -0 0 1
    outer loop
      vertex 13.6268 20.7065 22.3
      vertex 15.8278 20.0389 22.3
      vertex 13.6491 20.7869 22.3
    endloop
  endfacet
  facet normal 0 0 1
    outer loop
      vertex 13.3655 22.2127 22.3
      vertex 15.2128 23.5828 22.3
      vertex 15.092 23.7376 22.3
    endloop
  endfacet
  facet normal 0 0 1
    outer loop
      vertex 15.8278 20.0389 22.3
      vertex 13.6268 20.7065 22.3
      vertex 15.7662 19.8524 22.3
    endloop
  endfacet
  facet normal 0 0 1
    outer loop
      vertex 13.3141 22.2785 22.3
      vertex 15.092 23.7376 22.3
      vertex 14.9638 23.8862 22.3
    endloop
  endfacet
  facet normal -0 0 1
    outer loop
      vertex 13.6006 20.6273 22.3
      vertex 15.7662 19.8524 22.3
      vertex 13.6268 20.7065 22.3
    endloop
  endfacet
  facet normal 0 0 1
    outer loop
      vertex 13.2596 22.3417 22.3
      vertex 14.9638 23.8862 22.3
      vertex 14.8284 24.0284 22.3
    endloop
  endfacet
  facet normal 0 0 1
    outer loop
      vertex 15.7662 19.8524 22.3
      vertex 13.6006 20.6273 22.3
      vertex 15.6955 19.6693 22.3
    endloop
  endfacet
  facet normal 0 0 1
    outer loop
      vertex 13.2021 22.4021 22.3
      vertex 14.8284 24.0284 22.3
      vertex 14.6862 24.1638 22.3
    endloop
  endfacet
  facet normal -0 0 1
    outer loop
      vertex 13.5706 20.5494 22.3
      vertex 15.6955 19.6693 22.3
      vertex 13.6006 20.6273 22.3
    endloop
  endfacet
  facet normal 0 0 1
    outer loop
      vertex 13.1417 22.4596 22.3
      vertex 14.6862 24.1638 22.3
      vertex 14.5376 24.292 22.3
    endloop
  endfacet
  facet normal 0 0 1
    outer loop
      vertex 15.6955 19.6693 22.3
      vertex 13.5706 20.5494 22.3
      vertex 15.616 19.4898 22.3
    endloop
  endfacet
  facet normal 0 0 1
    outer loop
      vertex 13.0785 22.5141 22.3
      vertex 14.5376 24.292 22.3
      vertex 14.3828 24.4128 22.3
    endloop
  endfacet
  facet normal -0 0 1
    outer loop
      vertex 13.5368 20.4732 22.3
      vertex 15.616 19.4898 22.3
      vertex 13.5706 20.5494 22.3
    endloop
  endfacet
  facet normal 0 0 1
    outer loop
      vertex 13.0127 22.5655 22.3
      vertex 14.3828 24.4128 22.3
      vertex 14.2223 24.5259 22.3
    endloop
  endfacet
  facet normal 0 0 1
    outer loop
      vertex 15.616 19.4898 22.3
      vertex 13.5368 20.4732 22.3
      vertex 15.5277 19.3144 22.3
    endloop
  endfacet
  facet normal 0 0 1
    outer loop
      vertex 12.9445 22.6135 22.3
      vertex 14.2223 24.5259 22.3
      vertex 14.0564 24.6309 22.3
    endloop
  endfacet
  facet normal -0 0 1
    outer loop
      vertex 13.4993 20.3986 22.3
      vertex 15.5277 19.3144 22.3
      vertex 13.5368 20.4732 22.3
    endloop
  endfacet
  facet normal 0 0 1
    outer loop
      vertex 12.874 22.6581 22.3
      vertex 14.0564 24.6309 22.3
      vertex 13.8856 24.7277 22.3
    endloop
  endfacet
  facet normal 0 0 1
    outer loop
      vertex 15.5277 19.3144 22.3
      vertex 13.4993 20.3986 22.3
      vertex 15.4309 19.1436 22.3
    endloop
  endfacet
  facet normal 0 0 1
    outer loop
      vertex 12.8014 22.6993 22.3
      vertex 13.8856 24.7277 22.3
      vertex 13.7102 24.816 22.3
    endloop
  endfacet
  facet normal -0 0 1
    outer loop
      vertex 13.4581 20.326 22.3
      vertex 15.4309 19.1436 22.3
      vertex 13.4993 20.3986 22.3
    endloop
  endfacet
  facet normal 0 0 1
    outer loop
      vertex 15.4309 19.1436 22.3
      vertex 13.4581 20.326 22.3
      vertex 15.3259 18.9777 22.3
    endloop
  endfacet
  facet normal 0 0 1
    outer loop
      vertex 15.9952 21.3963 22.3
      vertex 13.698 21.2834 22.3
      vertex 13.7 21.2 22.3
    endloop
  endfacet
  facet normal 0 0 1
    outer loop
      vertex 15.9807 21.5921 22.3
      vertex 13.6918 21.3666 22.3
      vertex 13.698 21.2834 22.3
    endloop
  endfacet
  facet normal 0 0 1
    outer loop
      vertex 15.9567 21.7869 22.3
      vertex 13.6816 21.4494 22.3
      vertex 13.6918 21.3666 22.3
    endloop
  endfacet
  facet normal 0 0 1
    outer loop
      vertex 15.9231 21.9804 22.3
      vertex 13.6673 21.5317 22.3
      vertex 13.6816 21.4494 22.3
    endloop
  endfacet
  facet normal 0 0 1
    outer loop
      vertex 15.8801 22.1719 22.3
      vertex 13.6491 21.6131 22.3
      vertex 13.6673 21.5317 22.3
    endloop
  endfacet
  facet normal 0 0 1
    outer loop
      vertex 15.8278 22.3611 22.3
      vertex 13.6268 21.6935 22.3
      vertex 13.6491 21.6131 22.3
    endloop
  endfacet
  facet normal 0 0 1
    outer loop
      vertex 15.7662 22.5476 22.3
      vertex 13.6006 21.7727 22.3
      vertex 13.6268 21.6935 22.3
    endloop
  endfacet
  facet normal 0 0 1
    outer loop
      vertex 15.6955 22.7307 22.3
      vertex 13.5706 21.8506 22.3
      vertex 13.6006 21.7727 22.3
    endloop
  endfacet
  facet normal 0 0 1
    outer loop
      vertex 15.616 22.9102 22.3
      vertex 13.5368 21.9268 22.3
      vertex 13.5706 21.8506 22.3
    endloop
  endfacet
  facet normal 0 0 1
    outer loop
      vertex 12.7268 22.7368 22.3
      vertex 13.7102 24.816 22.3
      vertex 13.5307 24.8955 22.3
    endloop
  endfacet
  facet normal 0 0 1
    outer loop
      vertex 15.5277 23.0856 22.3
      vertex 13.4993 22.0014 22.3
      vertex 13.5368 21.9268 22.3
    endloop
  endfacet
  facet normal 0 0 1
    outer loop
      vertex 15.4309 23.2564 22.3
      vertex 13.4581 22.074 22.3
      vertex 13.4993 22.0014 22.3
    endloop
  endfacet
  facet normal 0 0 1
    outer loop
      vertex 15.3259 23.4223 22.3
      vertex 13.4135 22.1445 22.3
      vertex 13.4581 22.074 22.3
    endloop
  endfacet
  facet normal 0 0 1
    outer loop
      vertex 15.2128 23.5828 22.3
      vertex 13.3655 22.2127 22.3
      vertex 13.4135 22.1445 22.3
    endloop
  endfacet
  facet normal 0 0 1
    outer loop
      vertex 12.6506 22.7706 22.3
      vertex 13.5307 24.8955 22.3
      vertex 13.3476 24.9662 22.3
    endloop
  endfacet
  facet normal 0 0 1
    outer loop
      vertex 15.092 23.7376 22.3
      vertex 13.3141 22.2785 22.3
      vertex 13.3655 22.2127 22.3
    endloop
  endfacet
  facet normal 0 0 1
    outer loop
      vertex 14.9638 23.8862 22.3
      vertex 13.2596 22.3417 22.3
      vertex 13.3141 22.2785 22.3
    endloop
  endfacet
  facet normal 0 0 1
    outer loop
      vertex 14.8284 24.0284 22.3
      vertex 13.2021 22.4021 22.3
      vertex 13.2596 22.3417 22.3
    endloop
  endfacet
  facet normal 0 0 1
    outer loop
      vertex 12.5727 22.8006 22.3
      vertex 13.3476 24.9662 22.3
      vertex 13.1611 25.0278 22.3
    endloop
  endfacet
  facet normal 0 0 1
    outer loop
      vertex 14.6862 24.1638 22.3
      vertex 13.1417 22.4596 22.3
      vertex 13.2021 22.4021 22.3
    endloop
  endfacet
  facet normal 0 0 1
    outer loop
      vertex 14.5376 24.292 22.3
      vertex 13.0785 22.5141 22.3
      vertex 13.1417 22.4596 22.3
    endloop
  endfacet
  facet normal 0 0 1
    outer loop
      vertex 14.3828 24.4128 22.3
      vertex 13.0127 22.5655 22.3
      vertex 13.0785 22.5141 22.3
    endloop
  endfacet
  facet normal 0 0 1
    outer loop
      vertex 12.4935 22.8268 22.3
      vertex 13.1611 25.0278 22.3
      vertex 12.9719 25.0801 22.3
    endloop
  endfacet
  facet normal 0 0 1
    outer loop
      vertex 14.2223 24.5259 22.3
      vertex 12.9445 22.6135 22.3
      vertex 13.0127 22.5655 22.3
    endloop
  endfacet
  facet normal 0 0 1
    outer loop
      vertex 14.0564 24.6309 22.3
      vertex 12.874 22.6581 22.3
      vertex 12.9445 22.6135 22.3
    endloop
  endfacet
  facet normal 0 0 1
    outer loop
      vertex 13.8856 24.7277 22.3
      vertex 12.8014 22.6993 22.3
      vertex 12.874 22.6581 22.3
    endloop
  endfacet
  facet normal 0 0 1
    outer loop
      vertex 12.4131 22.8491 22.3
      vertex 12.9719 25.0801 22.3
      vertex 12.7804 25.1231 22.3
    endloop
  endfacet
  facet normal 0 0 1
    outer loop
      vertex 13.7102 24.816 22.3
      vertex 12.7268 22.7368 22.3
      vertex 12.8014 22.6993 22.3
    endloop
  endfacet
  facet normal 0 0 1
    outer loop
      vertex 13.5307 24.8955 22.3
      vertex 12.6506 22.7706 22.3
      vertex 12.7268 22.7368 22.3
    endloop
  endfacet
  facet normal 0 0 1
    outer loop
      vertex 12.3317 22.8673 22.3
      vertex 12.7804 25.1231 22.3
      vertex 12.5869 25.1567 22.3
    endloop
  endfacet
  facet normal 0 0 1
    outer loop
      vertex 13.3476 24.9662 22.3
      vertex 12.5727 22.8006 22.3
      vertex 12.6506 22.7706 22.3
    endloop
  endfacet
  facet normal 0 0 1
    outer loop
      vertex 13.1611 25.0278 22.3
      vertex 12.4935 22.8268 22.3
      vertex 12.5727 22.8006 22.3
    endloop
  endfacet
  facet normal 0 0 1
    outer loop
      vertex 12.9719 25.0801 22.3
      vertex 12.4131 22.8491 22.3
      vertex 12.4935 22.8268 22.3
    endloop
  endfacet
  facet normal 0 0 1
    outer loop
      vertex 12.2494 22.8816 22.3
      vertex 12.5869 25.1567 22.3
      vertex 12.3921 25.1807 22.3
    endloop
  endfacet
  facet normal 0 0 1
    outer loop
      vertex 12.7804 25.1231 22.3
      vertex 12.3317 22.8673 22.3
      vertex 12.4131 22.8491 22.3
    endloop
  endfacet
  facet normal 0 0 1
    outer loop
      vertex 12.5869 25.1567 22.3
      vertex 12.2494 22.8816 22.3
      vertex 12.3317 22.8673 22.3
    endloop
  endfacet
  facet normal 0 0 1
    outer loop
      vertex 12.1666 22.8918 22.3
      vertex 12.3921 25.1807 22.3
      vertex 12.1963 25.1952 22.3
    endloop
  endfacet
  facet normal 0 0 1
    outer loop
      vertex 12.3921 25.1807 22.3
      vertex 12.1666 22.8918 22.3
      vertex 12.2494 22.8816 22.3
    endloop
  endfacet
  facet normal 0 0 1
    outer loop
      vertex 12.1963 25.1952 22.3
      vertex 12.0834 22.898 22.3
      vertex 12.1666 22.8918 22.3
    endloop
  endfacet
  facet normal 0 0 1
    outer loop
      vertex 12 25.2 22.3
      vertex 12.0834 22.898 22.3
      vertex 12.1963 25.1952 22.3
    endloop
  endfacet
  facet normal 0 0 1
    outer loop
      vertex 12 25.2 22.3
      vertex 12 22.9 22.3
      vertex 12.0834 22.898 22.3
    endloop
  endfacet
  facet normal 0 0 1
    outer loop
      vertex 12 25.2 22.3
      vertex 11.9166 22.898 22.3
      vertex 12 22.9 22.3
    endloop
  endfacet
  facet normal -0 0 1
    outer loop
      vertex 11.8037 25.1952 22.3
      vertex 11.9166 22.898 22.3
      vertex 12 25.2 22.3
    endloop
  endfacet
  facet normal 0 0 1
    outer loop
      vertex 11.9166 22.898 22.3
      vertex 11.8037 25.1952 22.3
      vertex 11.8334 22.8918 22.3
    endloop
  endfacet
  facet normal -0 0 1
    outer loop
      vertex 11.6079 25.1807 22.3
      vertex 11.8334 22.8918 22.3
      vertex 11.8037 25.1952 22.3
    endloop
  endfacet
  facet normal 0 0 1
    outer loop
      vertex 11.8334 22.8918 22.3
      vertex 11.6079 25.1807 22.3
      vertex 11.7506 22.8816 22.3
    endloop
  endfacet
  facet normal -0 0 1
    outer loop
      vertex 11.4131 25.1567 22.3
      vertex 11.7506 22.8816 22.3
      vertex 11.6079 25.1807 22.3
    endloop
  endfacet
  facet normal 0 0 1
    outer loop
      vertex 11.7506 22.8816 22.3
      vertex 11.4131 25.1567 22.3
      vertex 11.6683 22.8673 22.3
    endloop
  endfacet
  facet normal -0 0 1
    outer loop
      vertex 11.2196 25.1231 22.3
      vertex 11.6683 22.8673 22.3
      vertex 11.4131 25.1567 22.3
    endloop
  endfacet
  facet normal 0 0 1
    outer loop
      vertex 11.6683 22.8673 22.3
      vertex 11.2196 25.1231 22.3
      vertex 11.5869 22.8491 22.3
    endloop
  endfacet
  facet normal -0 0 1
    outer loop
      vertex 11.0281 25.0801 22.3
      vertex 11.5869 22.8491 22.3
      vertex 11.2196 25.1231 22.3
    endloop
  endfacet
  facet normal 0 0 1
    outer loop
      vertex 11.5869 22.8491 22.3
      vertex 11.0281 25.0801 22.3
      vertex 11.5065 22.8268 22.3
    endloop
  endfacet
  facet normal -0 0 1
    outer loop
      vertex 10.8389 25.0278 22.3
      vertex 11.5065 22.8268 22.3
      vertex 11.0281 25.0801 22.3
    endloop
  endfacet
  facet normal 0 0 1
    outer loop
      vertex 11.5065 22.8268 22.3
      vertex 10.8389 25.0278 22.3
      vertex 11.4273 22.8006 22.3
    endloop
  endfacet
  facet normal -0 0 1
    outer loop
      vertex 10.6524 24.9662 22.3
      vertex 11.4273 22.8006 22.3
      vertex 10.8389 25.0278 22.3
    endloop
  endfacet
  facet normal 0 0 1
    outer loop
      vertex 11.4273 22.8006 22.3
      vertex 10.6524 24.9662 22.3
      vertex 11.3494 22.7706 22.3
    endloop
  endfacet
  facet normal -0 0 1
    outer loop
      vertex 10.4693 24.8955 22.3
      vertex 11.3494 22.7706 22.3
      vertex 10.6524 24.9662 22.3
    endloop
  endfacet
  facet normal 0 0 1
    outer loop
      vertex 11.3494 22.7706 22.3
      vertex 10.4693 24.8955 22.3
      vertex 11.2732 22.7368 22.3
    endloop
  endfacet
  facet normal -0 0 1
    outer loop
      vertex 10.2898 24.816 22.3
      vertex 11.2732 22.7368 22.3
      vertex 10.4693 24.8955 22.3
    endloop
  endfacet
  facet normal 0 0 1
    outer loop
      vertex 11.2732 22.7368 22.3
      vertex 10.2898 24.816 22.3
      vertex 11.1986 22.6993 22.3
    endloop
  endfacet
  facet normal -0 0 1
    outer loop
      vertex 10.1144 24.7277 22.3
      vertex 11.1986 22.6993 22.3
      vertex 10.2898 24.816 22.3
    endloop
  endfacet
  facet normal 0 0 1
    outer loop
      vertex 11.1986 22.6993 22.3
      vertex 10.1144 24.7277 22.3
      vertex 11.126 22.6581 22.3
    endloop
  endfacet
  facet normal -0 0 1
    outer loop
      vertex 9.94359 24.6309 22.3
      vertex 11.126 22.6581 22.3
      vertex 10.1144 24.7277 22.3
    endloop
  endfacet
  facet normal 0 0 1
    outer loop
      vertex 11.126 22.6581 22.3
      vertex 9.94359 24.6309 22.3
      vertex 11.0555 22.6135 22.3
    endloop
  endfacet
  facet normal -0 0 1
    outer loop
      vertex 9.77772 24.5259 22.3
      vertex 11.0555 22.6135 22.3
      vertex 9.94359 24.6309 22.3
    endloop
  endfacet
  facet normal 0 0 1
    outer loop
      vertex 11.0555 22.6135 22.3
      vertex 9.77772 24.5259 22.3
      vertex 10.9873 22.5655 22.3
    endloop
  endfacet
  facet normal -0 0 1
    outer loop
      vertex 9.6172 24.4128 22.3
      vertex 10.9873 22.5655 22.3
      vertex 9.77772 24.5259 22.3
    endloop
  endfacet
  facet normal 0 0 1
    outer loop
      vertex 10.9873 22.5655 22.3
      vertex 9.6172 24.4128 22.3
      vertex 10.9215 22.5141 22.3
    endloop
  endfacet
  facet normal -0 0 1
    outer loop
      vertex 9.46243 24.292 22.3
      vertex 10.9215 22.5141 22.3
      vertex 9.6172 24.4128 22.3
    endloop
  endfacet
  facet normal 0 0 1
    outer loop
      vertex 10.9215 22.5141 22.3
      vertex 9.46243 24.292 22.3
      vertex 10.8583 22.4596 22.3
    endloop
  endfacet
  facet normal -0 0 1
    outer loop
      vertex 9.31376 24.1638 22.3
      vertex 10.8583 22.4596 22.3
      vertex 9.46243 24.292 22.3
    endloop
  endfacet
  facet normal 0 0 1
    outer loop
      vertex 10.8583 22.4596 22.3
      vertex 9.31376 24.1638 22.3
      vertex 10.7979 22.4021 22.3
    endloop
  endfacet
  facet normal -0 0 1
    outer loop
      vertex 9.17157 24.0284 22.3
      vertex 10.7979 22.4021 22.3
      vertex 9.31376 24.1638 22.3
    endloop
  endfacet
  facet normal 0 0 1
    outer loop
      vertex 10.7979 22.4021 22.3
      vertex 9.17157 24.0284 22.3
      vertex 10.7404 22.3417 22.3
    endloop
  endfacet
  facet normal -0 0 1
    outer loop
      vertex 9.03619 23.8862 22.3
      vertex 10.7404 22.3417 22.3
      vertex 9.17157 24.0284 22.3
    endloop
  endfacet
  facet normal 0 0 1
    outer loop
      vertex 10.7404 22.3417 22.3
      vertex 9.03619 23.8862 22.3
      vertex 10.6859 22.2785 22.3
    endloop
  endfacet
  facet normal -0 0 1
    outer loop
      vertex 8.90796 23.7376 22.3
      vertex 10.6859 22.2785 22.3
      vertex 9.03619 23.8862 22.3
    endloop
  endfacet
  facet normal 0 0 1
    outer loop
      vertex 10.6859 22.2785 22.3
      vertex 8.90796 23.7376 22.3
      vertex 10.6345 22.2127 22.3
    endloop
  endfacet
  facet normal -0 0 1
    outer loop
      vertex 8.78717 23.5828 22.3
      vertex 10.6345 22.2127 22.3
      vertex 8.90796 23.7376 22.3
    endloop
  endfacet
  facet normal 0 0 1
    outer loop
      vertex 10.6345 22.2127 22.3
      vertex 8.78717 23.5828 22.3
      vertex 10.5865 22.1445 22.3
    endloop
  endfacet
  facet normal 0 0 1
    outer loop
      vertex 10.5865 22.1445 22.3
      vertex 8.67412 23.4223 22.3
      vertex 10.5419 22.074 22.3
    endloop
  endfacet
  facet normal -0 0 1
    outer loop
      vertex 8.67412 23.4223 22.3
      vertex 10.5865 22.1445 22.3
      vertex 8.78717 23.5828 22.3
    endloop
  endfacet
  facet normal -0 0 1
    outer loop
      vertex 13.4135 20.2555 22.3
      vertex 15.3259 18.9777 22.3
      vertex 13.4581 20.326 22.3
    endloop
  endfacet
  facet normal 0 0 1
    outer loop
      vertex 15.3259 18.9777 22.3
      vertex 13.4135 20.2555 22.3
      vertex 15.2128 18.8172 22.3
    endloop
  endfacet
  facet normal -0 0 1
    outer loop
      vertex 13.3655 20.1873 22.3
      vertex 15.2128 18.8172 22.3
      vertex 13.4135 20.2555 22.3
    endloop
  endfacet
  facet normal 0 0 1
    outer loop
      vertex 15.2128 18.8172 22.3
      vertex 13.3655 20.1873 22.3
      vertex 15.092 18.6624 22.3
    endloop
  endfacet
  facet normal -0 0 1
    outer loop
      vertex 13.3141 20.1215 22.3
      vertex 15.092 18.6624 22.3
      vertex 13.3655 20.1873 22.3
    endloop
  endfacet
  facet normal 0 0 1
    outer loop
      vertex 15.092 18.6624 22.3
      vertex 13.3141 20.1215 22.3
      vertex 14.9638 18.5138 22.3
    endloop
  endfacet
  facet normal -0 0 1
    outer loop
      vertex 13.2596 20.0583 22.3
      vertex 14.9638 18.5138 22.3
      vertex 13.3141 20.1215 22.3
    endloop
  endfacet
  facet normal 0 0 1
    outer loop
      vertex 14.9638 18.5138 22.3
      vertex 13.2596 20.0583 22.3
      vertex 14.8284 18.3716 22.3
    endloop
  endfacet
  facet normal -0 0 1
    outer loop
      vertex 13.2021 19.9979 22.3
      vertex 14.8284 18.3716 22.3
      vertex 13.2596 20.0583 22.3
    endloop
  endfacet
  facet normal 0 0 1
    outer loop
      vertex 14.8284 18.3716 22.3
      vertex 13.2021 19.9979 22.3
      vertex 14.6862 18.2362 22.3
    endloop
  endfacet
  facet normal -0 0 1
    outer loop
      vertex 13.1417 19.9404 22.3
      vertex 14.6862 18.2362 22.3
      vertex 13.2021 19.9979 22.3
    endloop
  endfacet
  facet normal 0 0 1
    outer loop
      vertex 14.6862 18.2362 22.3
      vertex 13.1417 19.9404 22.3
      vertex 14.5376 18.108 22.3
    endloop
  endfacet
  facet normal -0 0 1
    outer loop
      vertex 13.0785 19.8859 22.3
      vertex 14.5376 18.108 22.3
      vertex 13.1417 19.9404 22.3
    endloop
  endfacet
  facet normal 0 0 1
    outer loop
      vertex 14.5376 18.108 22.3
      vertex 13.0785 19.8859 22.3
      vertex 14.3828 17.9872 22.3
    endloop
  endfacet
  facet normal -0 0 1
    outer loop
      vertex 13.0127 19.8345 22.3
      vertex 14.3828 17.9872 22.3
      vertex 13.0785 19.8859 22.3
    endloop
  endfacet
  facet normal 0 0 1
    outer loop
      vertex 14.3828 17.9872 22.3
      vertex 13.0127 19.8345 22.3
      vertex 14.2223 17.8741 22.3
    endloop
  endfacet
  facet normal -0 0 1
    outer loop
      vertex 12.9445 19.7865 22.3
      vertex 14.2223 17.8741 22.3
      vertex 13.0127 19.8345 22.3
    endloop
  endfacet
  facet normal 0 0 1
    outer loop
      vertex 14.2223 17.8741 22.3
      vertex 12.9445 19.7865 22.3
      vertex 14.0564 17.7691 22.3
    endloop
  endfacet
  facet normal -0 0 1
    outer loop
      vertex 12.874 19.7419 22.3
      vertex 14.0564 17.7691 22.3
      vertex 12.9445 19.7865 22.3
    endloop
  endfacet
  facet normal 0 0 1
    outer loop
      vertex 14.0564 17.7691 22.3
      vertex 12.874 19.7419 22.3
      vertex 13.8856 17.6723 22.3
    endloop
  endfacet
  facet normal -0 0 1
    outer loop
      vertex 12.8014 19.7007 22.3
      vertex 13.8856 17.6723 22.3
      vertex 12.874 19.7419 22.3
    endloop
  endfacet
  facet normal 0 0 1
    outer loop
      vertex 13.8856 17.6723 22.3
      vertex 12.8014 19.7007 22.3
      vertex 13.7102 17.584 22.3
    endloop
  endfacet
  facet normal -0 0 1
    outer loop
      vertex 12.7268 19.6632 22.3
      vertex 13.7102 17.584 22.3
      vertex 12.8014 19.7007 22.3
    endloop
  endfacet
  facet normal 0 0 1
    outer loop
      vertex 13.7102 17.584 22.3
      vertex 12.7268 19.6632 22.3
      vertex 13.5307 17.5045 22.3
    endloop
  endfacet
  facet normal -0 0 1
    outer loop
      vertex 12.6506 19.6294 22.3
      vertex 13.5307 17.5045 22.3
      vertex 12.7268 19.6632 22.3
    endloop
  endfacet
  facet normal 0 0 1
    outer loop
      vertex 13.5307 17.5045 22.3
      vertex 12.6506 19.6294 22.3
      vertex 13.3476 17.4338 22.3
    endloop
  endfacet
  facet normal -0 0 1
    outer loop
      vertex 12.5727 19.5994 22.3
      vertex 13.3476 17.4338 22.3
      vertex 12.6506 19.6294 22.3
    endloop
  endfacet
  facet normal 0 0 1
    outer loop
      vertex 13.3476 17.4338 22.3
      vertex 12.5727 19.5994 22.3
      vertex 13.1611 17.3722 22.3
    endloop
  endfacet
  facet normal -0 0 1
    outer loop
      vertex 12.4935 19.5732 22.3
      vertex 13.1611 17.3722 22.3
      vertex 12.5727 19.5994 22.3
    endloop
  endfacet
  facet normal 0 0 1
    outer loop
      vertex 13.1611 17.3722 22.3
      vertex 12.4935 19.5732 22.3
      vertex 12.9719 17.3199 22.3
    endloop
  endfacet
  facet normal -0 0 1
    outer loop
      vertex 12.4131 19.5509 22.3
      vertex 12.9719 17.3199 22.3
      vertex 12.4935 19.5732 22.3
    endloop
  endfacet
  facet normal 0 0 1
    outer loop
      vertex 12.9719 17.3199 22.3
      vertex 12.4131 19.5509 22.3
      vertex 12.7804 17.2769 22.3
    endloop
  endfacet
  facet normal -0 0 1
    outer loop
      vertex 12.3317 19.5327 22.3
      vertex 12.7804 17.2769 22.3
      vertex 12.4131 19.5509 22.3
    endloop
  endfacet
  facet normal 0 0 1
    outer loop
      vertex 12.7804 17.2769 22.3
      vertex 12.3317 19.5327 22.3
      vertex 12.5869 17.2433 22.3
    endloop
  endfacet
  facet normal -0 0 1
    outer loop
      vertex 12.2494 19.5184 22.3
      vertex 12.5869 17.2433 22.3
      vertex 12.3317 19.5327 22.3
    endloop
  endfacet
  facet normal 0 0 1
    outer loop
      vertex 12.5869 17.2433 22.3
      vertex 12.2494 19.5184 22.3
      vertex 12.3921 17.2193 22.3
    endloop
  endfacet
  facet normal -0 0 1
    outer loop
      vertex 12.1666 19.5082 22.3
      vertex 12.3921 17.2193 22.3
      vertex 12.2494 19.5184 22.3
    endloop
  endfacet
  facet normal 0 0 1
    outer loop
      vertex 12.3921 17.2193 22.3
      vertex 12.1666 19.5082 22.3
      vertex 12.1963 17.2048 22.3
    endloop
  endfacet
  facet normal -0 0 1
    outer loop
      vertex 12.0834 19.502 22.3
      vertex 12.1963 17.2048 22.3
      vertex 12.1666 19.5082 22.3
    endloop
  endfacet
  facet normal -0 0 1
    outer loop
      vertex 12 19.5 22.3
      vertex 12.1963 17.2048 22.3
      vertex 12.0834 19.502 22.3
    endloop
  endfacet
  facet normal 0 0 1
    outer loop
      vertex 12 19.5 22.3
      vertex 12 17.2 22.3
      vertex 12.1963 17.2048 22.3
    endloop
  endfacet
  facet normal 0 0 1
    outer loop
      vertex 11.9166 19.502 22.3
      vertex 12 17.2 22.3
      vertex 12 19.5 22.3
    endloop
  endfacet
  facet normal 0 0 1
    outer loop
      vertex 11.8037 17.2048 22.3
      vertex 11.9166 19.502 22.3
      vertex 11.8334 19.5082 22.3
    endloop
  endfacet
  facet normal 0 0 1
    outer loop
      vertex 11.9166 19.502 22.3
      vertex 11.8037 17.2048 22.3
      vertex 12 17.2 22.3
    endloop
  endfacet
  facet normal 0 0 1
    outer loop
      vertex 11.6079 17.2193 22.3
      vertex 11.8334 19.5082 22.3
      vertex 11.7506 19.5184 22.3
    endloop
  endfacet
  facet normal 0 0 1
    outer loop
      vertex 11.4131 17.2433 22.3
      vertex 11.7506 19.5184 22.3
      vertex 11.6683 19.5327 22.3
    endloop
  endfacet
  facet normal 0 0 1
    outer loop
      vertex 11.8334 19.5082 22.3
      vertex 11.6079 17.2193 22.3
      vertex 11.8037 17.2048 22.3
    endloop
  endfacet
  facet normal 0 0 1
    outer loop
      vertex 11.2196 17.2769 22.3
      vertex 11.6683 19.5327 22.3
      vertex 11.5869 19.5509 22.3
    endloop
  endfacet
  facet normal 0 0 1
    outer loop
      vertex 11.0281 17.3199 22.3
      vertex 11.5869 19.5509 22.3
      vertex 11.5065 19.5732 22.3
    endloop
  endfacet
  facet normal 0 0 1
    outer loop
      vertex 10.8389 17.3722 22.3
      vertex 11.5065 19.5732 22.3
      vertex 11.4273 19.5994 22.3
    endloop
  endfacet
  facet normal 0 0 1
    outer loop
      vertex 11.7506 19.5184 22.3
      vertex 11.4131 17.2433 22.3
      vertex 11.6079 17.2193 22.3
    endloop
  endfacet
  facet normal 0 0 1
    outer loop
      vertex 10.6524 17.4338 22.3
      vertex 11.4273 19.5994 22.3
      vertex 11.3494 19.6294 22.3
    endloop
  endfacet
  facet normal 0 0 1
    outer loop
      vertex 10.4693 17.5045 22.3
      vertex 11.3494 19.6294 22.3
      vertex 11.2732 19.6632 22.3
    endloop
  endfacet
  facet normal 0 0 1
    outer loop
      vertex 11.6683 19.5327 22.3
      vertex 11.2196 17.2769 22.3
      vertex 11.4131 17.2433 22.3
    endloop
  endfacet
  facet normal 0 0 1
    outer loop
      vertex 10.2898 17.584 22.3
      vertex 11.2732 19.6632 22.3
      vertex 11.1986 19.7007 22.3
    endloop
  endfacet
  facet normal 0 0 1
    outer loop
      vertex 10.1144 17.6723 22.3
      vertex 11.1986 19.7007 22.3
      vertex 11.126 19.7419 22.3
    endloop
  endfacet
  facet normal 0 0 1
    outer loop
      vertex 9.94359 17.7691 22.3
      vertex 11.126 19.7419 22.3
      vertex 11.0555 19.7865 22.3
    endloop
  endfacet
  facet normal 0 0 1
    outer loop
      vertex 11.5869 19.5509 22.3
      vertex 11.0281 17.3199 22.3
      vertex 11.2196 17.2769 22.3
    endloop
  endfacet
  facet normal 0 0 1
    outer loop
      vertex 9.77772 17.8741 22.3
      vertex 11.0555 19.7865 22.3
      vertex 10.9873 19.8345 22.3
    endloop
  endfacet
  facet normal 0 0 1
    outer loop
      vertex 9.6172 17.9872 22.3
      vertex 10.9873 19.8345 22.3
      vertex 10.9215 19.8859 22.3
    endloop
  endfacet
  facet normal 0 0 1
    outer loop
      vertex 9.46243 18.108 22.3
      vertex 10.9215 19.8859 22.3
      vertex 10.8583 19.9404 22.3
    endloop
  endfacet
  facet normal 0 0 1
    outer loop
      vertex 11.5065 19.5732 22.3
      vertex 10.8389 17.3722 22.3
      vertex 11.0281 17.3199 22.3
    endloop
  endfacet
  facet normal 0 0 1
    outer loop
      vertex 9.31376 18.2362 22.3
      vertex 10.8583 19.9404 22.3
      vertex 10.7979 19.9979 22.3
    endloop
  endfacet
  facet normal 0 0 1
    outer loop
      vertex 9.17157 18.3716 22.3
      vertex 10.7979 19.9979 22.3
      vertex 10.7404 20.0583 22.3
    endloop
  endfacet
  facet normal 0 0 1
    outer loop
      vertex 9.03619 18.5138 22.3
      vertex 10.7404 20.0583 22.3
      vertex 10.6859 20.1215 22.3
    endloop
  endfacet
  facet normal 0 0 1
    outer loop
      vertex 11.4273 19.5994 22.3
      vertex 10.6524 17.4338 22.3
      vertex 10.8389 17.3722 22.3
    endloop
  endfacet
  facet normal 0 0 1
    outer loop
      vertex 8.90796 18.6624 22.3
      vertex 10.6859 20.1215 22.3
      vertex 10.6345 20.1873 22.3
    endloop
  endfacet
  facet normal 0 0 1
    outer loop
      vertex 8.78717 18.8172 22.3
      vertex 10.6345 20.1873 22.3
      vertex 10.5865 20.2555 22.3
    endloop
  endfacet
  facet normal 0 0 1
    outer loop
      vertex 8.67412 18.9777 22.3
      vertex 10.5865 20.2555 22.3
      vertex 10.5419 20.326 22.3
    endloop
  endfacet
  facet normal 0 0 1
    outer loop
      vertex 8.56909 19.1436 22.3
      vertex 10.5419 20.326 22.3
      vertex 10.5007 20.3986 22.3
    endloop
  endfacet
  facet normal 0 0 1
    outer loop
      vertex 11.3494 19.6294 22.3
      vertex 10.4693 17.5045 22.3
      vertex 10.6524 17.4338 22.3
    endloop
  endfacet
  facet normal 0 0 1
    outer loop
      vertex 8.47231 19.3144 22.3
      vertex 10.5007 20.3986 22.3
      vertex 10.4632 20.4732 22.3
    endloop
  endfacet
  facet normal 0 0 1
    outer loop
      vertex 8.38404 19.4898 22.3
      vertex 10.4632 20.4732 22.3
      vertex 10.4294 20.5494 22.3
    endloop
  endfacet
  facet normal 0 0 1
    outer loop
      vertex 8.30448 19.6693 22.3
      vertex 10.4294 20.5494 22.3
      vertex 10.3994 20.6273 22.3
    endloop
  endfacet
  facet normal 0 0 1
    outer loop
      vertex 8.23382 19.8524 22.3
      vertex 10.3994 20.6273 22.3
      vertex 10.3732 20.7065 22.3
    endloop
  endfacet
  facet normal 0 0 1
    outer loop
      vertex 8.17224 20.0389 22.3
      vertex 10.3732 20.7065 22.3
      vertex 10.3509 20.7869 22.3
    endloop
  endfacet
  facet normal 0 0 1
    outer loop
      vertex 8.11987 20.2281 22.3
      vertex 10.3509 20.7869 22.3
      vertex 10.3327 20.8683 22.3
    endloop
  endfacet
  facet normal 0 0 1
    outer loop
      vertex 8.07686 20.4196 22.3
      vertex 10.3327 20.8683 22.3
      vertex 10.3184 20.9506 22.3
    endloop
  endfacet
  facet normal 0 0 1
    outer loop
      vertex 8.04329 20.6131 22.3
      vertex 10.3184 20.9506 22.3
      vertex 10.3082 21.0334 22.3
    endloop
  endfacet
  facet normal 0 0 1
    outer loop
      vertex 8.01926 20.8079 22.3
      vertex 10.3082 21.0334 22.3
      vertex 10.302 21.1166 22.3
    endloop
  endfacet
  facet normal 0 0 1
    outer loop
      vertex 11.2732 19.6632 22.3
      vertex 10.2898 17.584 22.3
      vertex 10.4693 17.5045 22.3
    endloop
  endfacet
  facet normal 0 0 1
    outer loop
      vertex 8.00482 21.0037 22.3
      vertex 10.302 21.1166 22.3
      vertex 10.3 21.2 22.3
    endloop
  endfacet
  facet normal -0 0 1
    outer loop
      vertex 8.56909 23.2564 22.3
      vertex 10.5419 22.074 22.3
      vertex 8.67412 23.4223 22.3
    endloop
  endfacet
  facet normal 0 0 1
    outer loop
      vertex 10.5419 22.074 22.3
      vertex 8.56909 23.2564 22.3
      vertex 10.5007 22.0014 22.3
    endloop
  endfacet
  facet normal 0 0 1
    outer loop
      vertex 11.1986 19.7007 22.3
      vertex 10.1144 17.6723 22.3
      vertex 10.2898 17.584 22.3
    endloop
  endfacet
  facet normal -0 0 1
    outer loop
      vertex 8.47231 23.0856 22.3
      vertex 10.5007 22.0014 22.3
      vertex 8.56909 23.2564 22.3
    endloop
  endfacet
  facet normal 0 0 1
    outer loop
      vertex 11.126 19.7419 22.3
      vertex 9.94359 17.7691 22.3
      vertex 10.1144 17.6723 22.3
    endloop
  endfacet
  facet normal 0 0 1
    outer loop
      vertex 10.5007 22.0014 22.3
      vertex 8.47231 23.0856 22.3
      vertex 10.4632 21.9268 22.3
    endloop
  endfacet
  facet normal 0 0 1
    outer loop
      vertex 11.0555 19.7865 22.3
      vertex 9.77772 17.8741 22.3
      vertex 9.94359 17.7691 22.3
    endloop
  endfacet
  facet normal -0 0 1
    outer loop
      vertex 8.38404 22.9102 22.3
      vertex 10.4632 21.9268 22.3
      vertex 8.47231 23.0856 22.3
    endloop
  endfacet
  facet normal 0 0 1
    outer loop
      vertex 10.9873 19.8345 22.3
      vertex 9.6172 17.9872 22.3
      vertex 9.77772 17.8741 22.3
    endloop
  endfacet
  facet normal 0 0 1
    outer loop
      vertex 10.4632 21.9268 22.3
      vertex 8.38404 22.9102 22.3
      vertex 10.4294 21.8506 22.3
    endloop
  endfacet
  facet normal 0 0 1
    outer loop
      vertex 10.9215 19.8859 22.3
      vertex 9.46243 18.108 22.3
      vertex 9.6172 17.9872 22.3
    endloop
  endfacet
  facet normal -0 0 1
    outer loop
      vertex 8.30448 22.7307 22.3
      vertex 10.4294 21.8506 22.3
      vertex 8.38404 22.9102 22.3
    endloop
  endfacet
  facet normal 0 0 1
    outer loop
      vertex 10.8583 19.9404 22.3
      vertex 9.31376 18.2362 22.3
      vertex 9.46243 18.108 22.3
    endloop
  endfacet
  facet normal 0 0 1
    outer loop
      vertex 10.4294 21.8506 22.3
      vertex 8.30448 22.7307 22.3
      vertex 10.3994 21.7727 22.3
    endloop
  endfacet
  facet normal 0 0 1
    outer loop
      vertex 10.7979 19.9979 22.3
      vertex 9.17157 18.3716 22.3
      vertex 9.31376 18.2362 22.3
    endloop
  endfacet
  facet normal -0 0 1
    outer loop
      vertex 8.23382 22.5476 22.3
      vertex 10.3994 21.7727 22.3
      vertex 8.30448 22.7307 22.3
    endloop
  endfacet
  facet normal 0 0 1
    outer loop
      vertex 10.7404 20.0583 22.3
      vertex 9.03619 18.5138 22.3
      vertex 9.17157 18.3716 22.3
    endloop
  endfacet
  facet normal 0 0 1
    outer loop
      vertex 10.3994 21.7727 22.3
      vertex 8.23382 22.5476 22.3
      vertex 10.3732 21.6935 22.3
    endloop
  endfacet
  facet normal 0 0 1
    outer loop
      vertex 10.6859 20.1215 22.3
      vertex 8.90796 18.6624 22.3
      vertex 9.03619 18.5138 22.3
    endloop
  endfacet
  facet normal -0 0 1
    outer loop
      vertex 8.17224 22.3611 22.3
      vertex 10.3732 21.6935 22.3
      vertex 8.23382 22.5476 22.3
    endloop
  endfacet
  facet normal 0 0 1
    outer loop
      vertex 10.6345 20.1873 22.3
      vertex 8.78717 18.8172 22.3
      vertex 8.90796 18.6624 22.3
    endloop
  endfacet
  facet normal 0 0 1
    outer loop
      vertex 10.3732 21.6935 22.3
      vertex 8.17224 22.3611 22.3
      vertex 10.3509 21.6131 22.3
    endloop
  endfacet
  facet normal 0 0 1
    outer loop
      vertex 10.5865 20.2555 22.3
      vertex 8.67412 18.9777 22.3
      vertex 8.78717 18.8172 22.3
    endloop
  endfacet
  facet normal -0 0 1
    outer loop
      vertex 8.11987 22.1719 22.3
      vertex 10.3509 21.6131 22.3
      vertex 8.17224 22.3611 22.3
    endloop
  endfacet
  facet normal 0 0 1
    outer loop
      vertex 10.5419 20.326 22.3
      vertex 8.56909 19.1436 22.3
      vertex 8.67412 18.9777 22.3
    endloop
  endfacet
  facet normal 0 0 1
    outer loop
      vertex 10.3509 21.6131 22.3
      vertex 8.11987 22.1719 22.3
      vertex 10.3327 21.5317 22.3
    endloop
  endfacet
  facet normal 0 0 1
    outer loop
      vertex 10.5007 20.3986 22.3
      vertex 8.47231 19.3144 22.3
      vertex 8.56909 19.1436 22.3
    endloop
  endfacet
  facet normal -0 0 1
    outer loop
      vertex 8.07686 21.9804 22.3
      vertex 10.3327 21.5317 22.3
      vertex 8.11987 22.1719 22.3
    endloop
  endfacet
  facet normal 0 0 1
    outer loop
      vertex 10.4632 20.4732 22.3
      vertex 8.38404 19.4898 22.3
      vertex 8.47231 19.3144 22.3
    endloop
  endfacet
  facet normal 0 0 1
    outer loop
      vertex 10.3327 21.5317 22.3
      vertex 8.07686 21.9804 22.3
      vertex 10.3184 21.4494 22.3
    endloop
  endfacet
  facet normal 0 0 1
    outer loop
      vertex 10.4294 20.5494 22.3
      vertex 8.30448 19.6693 22.3
      vertex 8.38404 19.4898 22.3
    endloop
  endfacet
  facet normal -0 0 1
    outer loop
      vertex 8.04329 21.7869 22.3
      vertex 10.3184 21.4494 22.3
      vertex 8.07686 21.9804 22.3
    endloop
  endfacet
  facet normal 0 0 1
    outer loop
      vertex 10.3994 20.6273 22.3
      vertex 8.23382 19.8524 22.3
      vertex 8.30448 19.6693 22.3
    endloop
  endfacet
  facet normal 0 0 1
    outer loop
      vertex 10.3184 21.4494 22.3
      vertex 8.04329 21.7869 22.3
      vertex 10.3082 21.3666 22.3
    endloop
  endfacet
  facet normal 0 0 1
    outer loop
      vertex 10.3732 20.7065 22.3
      vertex 8.17224 20.0389 22.3
      vertex 8.23382 19.8524 22.3
    endloop
  endfacet
  facet normal -0 0 1
    outer loop
      vertex 8.01926 21.5921 22.3
      vertex 10.3082 21.3666 22.3
      vertex 8.04329 21.7869 22.3
    endloop
  endfacet
  facet normal 0 0 1
    outer loop
      vertex 10.3509 20.7869 22.3
      vertex 8.11987 20.2281 22.3
      vertex 8.17224 20.0389 22.3
    endloop
  endfacet
  facet normal 0 0 1
    outer loop
      vertex 10.3082 21.3666 22.3
      vertex 8.01926 21.5921 22.3
      vertex 10.302 21.2834 22.3
    endloop
  endfacet
  facet normal 0 0 1
    outer loop
      vertex 10.3327 20.8683 22.3
      vertex 8.07686 20.4196 22.3
      vertex 8.11987 20.2281 22.3
    endloop
  endfacet
  facet normal -0 0 1
    outer loop
      vertex 8.00482 21.3963 22.3
      vertex 10.302 21.2834 22.3
      vertex 8.01926 21.5921 22.3
    endloop
  endfacet
  facet normal 0 0 1
    outer loop
      vertex 10.3184 20.9506 22.3
      vertex 8.04329 20.6131 22.3
      vertex 8.07686 20.4196 22.3
    endloop
  endfacet
  facet normal 0 0 1
    outer loop
      vertex 10.302 21.2834 22.3
      vertex 8.00482 21.3963 22.3
      vertex 10.3 21.2 22.3
    endloop
  endfacet
  facet normal 0 0 1
    outer loop
      vertex 10.3082 21.0334 22.3
      vertex 8.01926 20.8079 22.3
      vertex 8.04329 20.6131 22.3
    endloop
  endfacet
  facet normal 0 0 1
    outer loop
      vertex 8 21.2 22.3
      vertex 10.3 21.2 22.3
      vertex 8.00482 21.3963 22.3
    endloop
  endfacet
  facet normal 0 0 1
    outer loop
      vertex 10.302 21.1166 22.3
      vertex 8.00482 21.0037 22.3
      vertex 8.01926 20.8079 22.3
    endloop
  endfacet
  facet normal 0 0 1
    outer loop
      vertex 10.3 21.2 22.3
      vertex 8 21.2 22.3
      vertex 8.00482 21.0037 22.3
    endloop
  endfacet
  facet normal 0.615209 -0.788364 0
    outer loop
      vertex 14.3828 17.9872 21
      vertex 14.5376 18.108 22.3
      vertex 14.3828 17.9872 22.3
    endloop
  endfacet
  facet normal 0.615209 -0.788364 0
    outer loop
      vertex 14.5376 18.108 22.3
      vertex 14.3828 17.9872 21
      vertex 14.5376 18.108 21
    endloop
  endfacet
  facet normal -0.844911 0.534907 0
    outer loop
      vertex 8.56909 23.2564 18.3
      vertex 8.67412 23.4223 22.3
      vertex 8.67412 23.4223 18.3
    endloop
  endfacet
  facet normal -0.844911 0.534907 0
    outer loop
      vertex 8.67412 23.4223 22.3
      vertex 8.56909 23.2564 18.3
      vertex 8.56909 23.2564 22.3
    endloop
  endfacet
  facet normal -0.219088 -0.975705 0
    outer loop
      vertex 11.0281 17.3199 21
      vertex 11.2196 17.2769 22.3
      vertex 11.0281 17.3199 22.3
    endloop
  endfacet
  facet normal -0.219088 -0.975705 -0
    outer loop
      vertex 11.2196 17.2769 22.3
      vertex 11.0281 17.3199 21
      vertex 11.2196 17.2769 21
    endloop
  endfacet
  facet normal -0.171083 -0.985257 0
    outer loop
      vertex 11.2196 17.2769 21
      vertex 11.4131 17.2433 22.3
      vertex 11.2196 17.2769 22.3
    endloop
  endfacet
  facet normal -0.171083 -0.985257 -0
    outer loop
      vertex 11.4131 17.2433 22.3
      vertex 11.2196 17.2769 21
      vertex 11.4131 17.2433 21
    endloop
  endfacet
  facet normal -0.575975 -0.817467 0
    outer loop
      vertex 9.6172 17.9872 21
      vertex 9.77772 17.8741 22.3
      vertex 9.6172 17.9872 22.3
    endloop
  endfacet
  facet normal -0.575975 -0.817467 -0
    outer loop
      vertex 9.77772 17.8741 22.3
      vertex 9.6172 17.9872 21
      vertex 9.77772 17.8741 21
    endloop
  endfacet
  facet normal -0.534867 -0.844936 0
    outer loop
      vertex 9.77772 17.8741 21
      vertex 9.94359 17.7691 22.3
      vertex 9.77772 17.8741 22.3
    endloop
  endfacet
  facet normal -0.534867 -0.844936 -0
    outer loop
      vertex 9.94359 17.7691 22.3
      vertex 9.77772 17.8741 21
      vertex 9.94359 17.7691 21
    endloop
  endfacet
  facet normal -0.870037 -0.492987 0
    outer loop
      vertex 8.56909 19.1436 21
      vertex 8.47231 19.3144 22.3
      vertex 8.47231 19.3144 21
    endloop
  endfacet
  facet normal -0.870037 -0.492987 0
    outer loop
      vertex 8.47231 19.3144 22.3
      vertex 8.56909 19.1436 21
      vertex 8.56909 19.1436 22.3
    endloop
  endfacet
  facet normal -0.360208 -0.932872 0
    outer loop
      vertex 10.4693 17.5045 21
      vertex 10.6524 17.4338 22.3
      vertex 10.4693 17.5045 22.3
    endloop
  endfacet
  facet normal -0.360208 -0.932872 -0
    outer loop
      vertex 10.6524 17.4338 22.3
      vertex 10.4693 17.5045 21
      vertex 10.6524 17.4338 21
    endloop
  endfacet
  facet normal 1 -0 0
    outer loop
      vertex 16 17.4157 19.7153
      vertex 16 21.2 18.3
      vertex 16 21.2 21
    endloop
  endfacet
  facet normal 1 0 0
    outer loop
      vertex 16 21.2 18.3
      vertex 16 17.4789 18.8587
      vertex 16 17.4926 18.3
    endloop
  endfacet
  facet normal 1 0 0
    outer loop
      vertex 16 21.2 18.3
      vertex 16 17.4157 19.7153
      vertex 16 17.4789 18.8587
    endloop
  endfacet
  facet normal 1 0 0
    outer loop
      vertex 16 21.2 21
      vertex 16 17.3106 20.5678
      vertex 16 17.4157 19.7153
    endloop
  endfacet
  facet normal 1 0 -0
    outer loop
      vertex 16 17.3106 20.5678
      vertex 16 21.2 21
      vertex 16 17.2356 21
    endloop
  endfacet
  facet normal 0 0 1
    outer loop
      vertex 11.4131 17.2433 21
      vertex 8 17.2356 21
      vertex 11.4755 17.2356 21
    endloop
  endfacet
  facet normal 0 0 1
    outer loop
      vertex 11.2196 17.2769 21
      vertex 8 17.2356 21
      vertex 11.4131 17.2433 21
    endloop
  endfacet
  facet normal 0 0 1
    outer loop
      vertex 11.0281 17.3199 21
      vertex 8 17.2356 21
      vertex 11.2196 17.2769 21
    endloop
  endfacet
  facet normal 0 0 1
    outer loop
      vertex 10.8389 17.3722 21
      vertex 8 17.2356 21
      vertex 11.0281 17.3199 21
    endloop
  endfacet
  facet normal 0 0 1
    outer loop
      vertex 10.6524 17.4338 21
      vertex 8 17.2356 21
      vertex 10.8389 17.3722 21
    endloop
  endfacet
  facet normal 0 0 1
    outer loop
      vertex 10.4693 17.5045 21
      vertex 8 17.2356 21
      vertex 10.6524 17.4338 21
    endloop
  endfacet
  facet normal 0 0 1
    outer loop
      vertex 10.2898 17.584 21
      vertex 8 17.2356 21
      vertex 10.4693 17.5045 21
    endloop
  endfacet
  facet normal 0 0 1
    outer loop
      vertex 10.1144 17.6723 21
      vertex 8 17.2356 21
      vertex 10.2898 17.584 21
    endloop
  endfacet
  facet normal 0 0 1
    outer loop
      vertex 9.94359 17.7691 21
      vertex 8 17.2356 21
      vertex 10.1144 17.6723 21
    endloop
  endfacet
  facet normal 0 0 1
    outer loop
      vertex 9.77772 17.8741 21
      vertex 8 17.2356 21
      vertex 9.94359 17.7691 21
    endloop
  endfacet
  facet normal 0 0 1
    outer loop
      vertex 9.6172 17.9872 21
      vertex 8 17.2356 21
      vertex 9.77772 17.8741 21
    endloop
  endfacet
  facet normal 0 0 1
    outer loop
      vertex 9.46243 18.108 21
      vertex 8 17.2356 21
      vertex 9.6172 17.9872 21
    endloop
  endfacet
  facet normal 0 0 1
    outer loop
      vertex 9.31376 18.2362 21
      vertex 8 17.2356 21
      vertex 9.46243 18.108 21
    endloop
  endfacet
  facet normal 0 0 1
    outer loop
      vertex 9.17157 18.3716 21
      vertex 8 17.2356 21
      vertex 9.31376 18.2362 21
    endloop
  endfacet
  facet normal 0 0 1
    outer loop
      vertex 9.03619 18.5138 21
      vertex 8 17.2356 21
      vertex 9.17157 18.3716 21
    endloop
  endfacet
  facet normal 0 0 1
    outer loop
      vertex 8.90796 18.6624 21
      vertex 8 17.2356 21
      vertex 9.03619 18.5138 21
    endloop
  endfacet
  facet normal 0 0 1
    outer loop
      vertex 8.78717 18.8172 21
      vertex 8 17.2356 21
      vertex 8.90796 18.6624 21
    endloop
  endfacet
  facet normal 0 0 1
    outer loop
      vertex 8.67412 18.9777 21
      vertex 8 17.2356 21
      vertex 8.78717 18.8172 21
    endloop
  endfacet
  facet normal 0 0 1
    outer loop
      vertex 8.56909 19.1436 21
      vertex 8 17.2356 21
      vertex 8.67412 18.9777 21
    endloop
  endfacet
  facet normal 0 0 1
    outer loop
      vertex 8.47231 19.3144 21
      vertex 8 17.2356 21
      vertex 8.56909 19.1436 21
    endloop
  endfacet
  facet normal 0 0 1
    outer loop
      vertex 8.38404 19.4898 21
      vertex 8 17.2356 21
      vertex 8.47231 19.3144 21
    endloop
  endfacet
  facet normal 0 0 1
    outer loop
      vertex 8.30448 19.6693 21
      vertex 8 17.2356 21
      vertex 8.38404 19.4898 21
    endloop
  endfacet
  facet normal 0 0 1
    outer loop
      vertex 8.23382 19.8524 21
      vertex 8 17.2356 21
      vertex 8.30448 19.6693 21
    endloop
  endfacet
  facet normal 0 0 1
    outer loop
      vertex 8.17224 20.0389 21
      vertex 8 17.2356 21
      vertex 8.23382 19.8524 21
    endloop
  endfacet
  facet normal 0 0 1
    outer loop
      vertex 8.11987 20.2281 21
      vertex 8 17.2356 21
      vertex 8.17224 20.0389 21
    endloop
  endfacet
  facet normal 0 0 1
    outer loop
      vertex 8.07686 20.4196 21
      vertex 8 17.2356 21
      vertex 8.11987 20.2281 21
    endloop
  endfacet
  facet normal 0 0 1
    outer loop
      vertex 8.04329 20.6131 21
      vertex 8 17.2356 21
      vertex 8.07686 20.4196 21
    endloop
  endfacet
  facet normal 0 0 1
    outer loop
      vertex 8.01926 20.8079 21
      vertex 8 17.2356 21
      vertex 8.04329 20.6131 21
    endloop
  endfacet
  facet normal 0 0 1
    outer loop
      vertex 8.00482 21.0037 21
      vertex 8 17.2356 21
      vertex 8.01926 20.8079 21
    endloop
  endfacet
  facet normal 0 0 1
    outer loop
      vertex 8 17.2356 21
      vertex 8.00482 21.0037 21
      vertex 8 21.2 21
    endloop
  endfacet
  facet normal -0 0 1
    outer loop
      vertex 15.9952 21.0037 21
      vertex 16 17.2356 21
      vertex 16 21.2 21
    endloop
  endfacet
  facet normal -0 0 1
    outer loop
      vertex 15.9807 20.8079 21
      vertex 16 17.2356 21
      vertex 15.9952 21.0037 21
    endloop
  endfacet
  facet normal -0 0 1
    outer loop
      vertex 15.9567 20.6131 21
      vertex 16 17.2356 21
      vertex 15.9807 20.8079 21
    endloop
  endfacet
  facet normal -0 0 1
    outer loop
      vertex 15.9231 20.4196 21
      vertex 16 17.2356 21
      vertex 15.9567 20.6131 21
    endloop
  endfacet
  facet normal -0 0 1
    outer loop
      vertex 15.8801 20.2281 21
      vertex 16 17.2356 21
      vertex 15.9231 20.4196 21
    endloop
  endfacet
  facet normal -0 0 1
    outer loop
      vertex 15.8278 20.0389 21
      vertex 16 17.2356 21
      vertex 15.8801 20.2281 21
    endloop
  endfacet
  facet normal -0 0 1
    outer loop
      vertex 15.7662 19.8524 21
      vertex 16 17.2356 21
      vertex 15.8278 20.0389 21
    endloop
  endfacet
  facet normal -0 0 1
    outer loop
      vertex 15.6955 19.6693 21
      vertex 16 17.2356 21
      vertex 15.7662 19.8524 21
    endloop
  endfacet
  facet normal -0 0 1
    outer loop
      vertex 15.616 19.4898 21
      vertex 16 17.2356 21
      vertex 15.6955 19.6693 21
    endloop
  endfacet
  facet normal -0 0 1
    outer loop
      vertex 15.5277 19.3144 21
      vertex 16 17.2356 21
      vertex 15.616 19.4898 21
    endloop
  endfacet
  facet normal -0 0 1
    outer loop
      vertex 15.4309 19.1436 21
      vertex 16 17.2356 21
      vertex 15.5277 19.3144 21
    endloop
  endfacet
  facet normal -0 0 1
    outer loop
      vertex 15.3259 18.9777 21
      vertex 16 17.2356 21
      vertex 15.4309 19.1436 21
    endloop
  endfacet
  facet normal -0 0 1
    outer loop
      vertex 15.2128 18.8172 21
      vertex 16 17.2356 21
      vertex 15.3259 18.9777 21
    endloop
  endfacet
  facet normal -0 0 1
    outer loop
      vertex 15.092 18.6624 21
      vertex 16 17.2356 21
      vertex 15.2128 18.8172 21
    endloop
  endfacet
  facet normal -0 0 1
    outer loop
      vertex 14.9638 18.5138 21
      vertex 16 17.2356 21
      vertex 15.092 18.6624 21
    endloop
  endfacet
  facet normal -0 0 1
    outer loop
      vertex 14.8284 18.3716 21
      vertex 16 17.2356 21
      vertex 14.9638 18.5138 21
    endloop
  endfacet
  facet normal -0 0 1
    outer loop
      vertex 14.6862 18.2362 21
      vertex 16 17.2356 21
      vertex 14.8284 18.3716 21
    endloop
  endfacet
  facet normal -0 0 1
    outer loop
      vertex 14.5376 18.108 21
      vertex 16 17.2356 21
      vertex 14.6862 18.2362 21
    endloop
  endfacet
  facet normal -0 0 1
    outer loop
      vertex 14.3828 17.9872 21
      vertex 16 17.2356 21
      vertex 14.5376 18.108 21
    endloop
  endfacet
  facet normal -0 0 1
    outer loop
      vertex 14.2223 17.8741 21
      vertex 16 17.2356 21
      vertex 14.3828 17.9872 21
    endloop
  endfacet
  facet normal -0 0 1
    outer loop
      vertex 14.0564 17.7691 21
      vertex 16 17.2356 21
      vertex 14.2223 17.8741 21
    endloop
  endfacet
  facet normal -0 0 1
    outer loop
      vertex 13.8856 17.6723 21
      vertex 16 17.2356 21
      vertex 14.0564 17.7691 21
    endloop
  endfacet
  facet normal -0 0 1
    outer loop
      vertex 13.7102 17.584 21
      vertex 16 17.2356 21
      vertex 13.8856 17.6723 21
    endloop
  endfacet
  facet normal -0 0 1
    outer loop
      vertex 13.5307 17.5045 21
      vertex 16 17.2356 21
      vertex 13.7102 17.584 21
    endloop
  endfacet
  facet normal -0 0 1
    outer loop
      vertex 13.3476 17.4338 21
      vertex 16 17.2356 21
      vertex 13.5307 17.5045 21
    endloop
  endfacet
  facet normal -0 0 1
    outer loop
      vertex 13.1611 17.3722 21
      vertex 16 17.2356 21
      vertex 13.3476 17.4338 21
    endloop
  endfacet
  facet normal -0 0 1
    outer loop
      vertex 12.9719 17.3199 21
      vertex 16 17.2356 21
      vertex 13.1611 17.3722 21
    endloop
  endfacet
  facet normal -0 0 1
    outer loop
      vertex 12.7804 17.2769 21
      vertex 16 17.2356 21
      vertex 12.9719 17.3199 21
    endloop
  endfacet
  facet normal -0 0 1
    outer loop
      vertex 12.5869 17.2433 21
      vertex 16 17.2356 21
      vertex 12.7804 17.2769 21
    endloop
  endfacet
  facet normal 0 0 1
    outer loop
      vertex 16 17.2356 21
      vertex 12.5869 17.2433 21
      vertex 12.5245 17.2356 21
    endloop
  endfacet
  facet normal -1 0 0
    outer loop
      vertex 8 17.4789 18.8587
      vertex 8 21.2 18.3
      vertex 8 17.4926 18.3
    endloop
  endfacet
  facet normal -1 0 0
    outer loop
      vertex 8 17.4157 19.7153
      vertex 8 21.2 18.3
      vertex 8 17.4789 18.8587
    endloop
  endfacet
  facet normal -1 0 0
    outer loop
      vertex 8 21.2 18.3
      vertex 8 17.4157 19.7153
      vertex 8 21.2 21
    endloop
  endfacet
  facet normal -1 0 0
    outer loop
      vertex 8 17.3106 20.5678
      vertex 8 21.2 21
      vertex 8 17.4157 19.7153
    endloop
  endfacet
  facet normal -1 -0 0
    outer loop
      vertex 8 21.2 21
      vertex 8 17.3106 20.5678
      vertex 8 17.2356 21
    endloop
  endfacet
  facet normal 0.757308 0.653058 0
    outer loop
      vertex 10.7404 -22.3417 22.3
      vertex 10.6859 -22.2785 18.3
      vertex 10.6859 -22.2785 22.3
    endloop
  endfacet
  facet normal 0.757308 0.653058 0
    outer loop
      vertex 10.6859 -22.2785 18.3
      vertex 10.7404 -22.3417 22.3
      vertex 10.7404 -22.3417 18.3
    endloop
  endfacet
  facet normal -0.35938 -0.933191 0
    outer loop
      vertex 12.5727 -19.5994 18.3
      vertex 12.6506 -19.6294 22.3
      vertex 12.5727 -19.5994 22.3
    endloop
  endfacet
  facet normal -0.35938 -0.933191 -0
    outer loop
      vertex 12.6506 -19.6294 22.3
      vertex 12.5727 -19.5994 18.3
      vertex 12.6506 -19.6294 18.3
    endloop
  endfacet
  facet normal -0.914108 -0.405471 0
    outer loop
      vertex 13.5706 -20.5494 18.3
      vertex 13.5368 -20.4732 22.3
      vertex 13.5368 -20.4732 18.3
    endloop
  endfacet
  facet normal -0.914108 -0.405471 0
    outer loop
      vertex 13.5368 -20.4732 22.3
      vertex 13.5706 -20.5494 18.3
      vertex 13.5706 -20.5494 22.3
    endloop
  endfacet
  facet normal 0.997235 -0.0743132 0
    outer loop
      vertex 10.302 -21.1166 22.3
      vertex 10.3082 -21.0334 18.3
      vertex 10.3082 -21.0334 22.3
    endloop
  endfacet
  facet normal 0.997235 -0.0743132 0
    outer loop
      vertex 10.3082 -21.0334 18.3
      vertex 10.302 -21.1166 22.3
      vertex 10.302 -21.1166 18.3
    endloop
  endfacet
  facet normal 0.575553 0.817765 -0
    outer loop
      vertex 11.0555 -22.6135 18.3
      vertex 10.9873 -22.5655 22.3
      vertex 11.0555 -22.6135 22.3
    endloop
  endfacet
  facet normal 0.575553 0.817765 0
    outer loop
      vertex 10.9873 -22.5655 22.3
      vertex 11.0555 -22.6135 18.3
      vertex 10.9873 -22.5655 18.3
    endloop
  endfacet
  facet normal -0.314069 0.9494 0
    outer loop
      vertex 12.5727 -22.8006 18.3
      vertex 12.4935 -22.8268 22.3
      vertex 12.5727 -22.8006 22.3
    endloop
  endfacet
  facet normal -0.314069 0.9494 0
    outer loop
      vertex 12.4935 -22.8268 22.3
      vertex 12.5727 -22.8006 18.3
      vertex 12.4935 -22.8268 18.3
    endloop
  endfacet
  facet normal -0.534624 0.84509 0
    outer loop
      vertex 12.9445 -22.6135 18.3
      vertex 12.874 -22.6581 22.3
      vertex 12.9445 -22.6135 22.3
    endloop
  endfacet
  facet normal -0.534624 0.84509 0
    outer loop
      vertex 12.874 -22.6581 22.3
      vertex 12.9445 -22.6135 18.3
      vertex 12.874 -22.6581 18.3
    endloop
  endfacet
  facet normal -0.0239739 0.999713 0
    outer loop
      vertex 12.0834 -22.898 18.3
      vertex 12 -22.9 22.3
      vertex 12.0834 -22.898 22.3
    endloop
  endfacet
  facet normal -0.0239739 0.999713 0
    outer loop
      vertex 12 -22.9 22.3
      vertex 12.0834 -22.898 18.3
      vertex 12 -22.9 18.3
    endloop
  endfacet
  facet normal 0.933191 -0.35938 0
    outer loop
      vertex 10.3994 -20.6273 22.3
      vertex 10.4294 -20.5494 18.3
      vertex 10.4294 -20.5494 22.3
    endloop
  endfacet
  facet normal 0.933191 -0.35938 0
    outer loop
      vertex 10.4294 -20.5494 18.3
      vertex 10.3994 -20.6273 22.3
      vertex 10.3994 -20.6273 18.3
    endloop
  endfacet
  facet normal 0.2182 0.975904 -0
    outer loop
      vertex 11.6683 -22.8673 18.3
      vertex 11.5869 -22.8491 22.3
      vertex 11.6683 -22.8673 22.3
    endloop
  endfacet
  facet normal 0.2182 0.975904 0
    outer loop
      vertex 11.5869 -22.8491 22.3
      vertex 11.6683 -22.8673 18.3
      vertex 11.5869 -22.8491 18.3
    endloop
  endfacet
  facet normal -0.963621 0.267273 0
    outer loop
      vertex 13.6268 -21.6935 18.3
      vertex 13.6491 -21.6131 22.3
      vertex 13.6491 -21.6131 18.3
    endloop
  endfacet
  facet normal -0.963621 0.267273 0
    outer loop
      vertex 13.6491 -21.6131 22.3
      vertex 13.6268 -21.6935 18.3
      vertex 13.6268 -21.6935 22.3
    endloop
  endfacet
  facet normal -0.997235 -0.0743132 0
    outer loop
      vertex 13.698 -21.1166 18.3
      vertex 13.6918 -21.0334 22.3
      vertex 13.6918 -21.0334 18.3
    endloop
  endfacet
  facet normal -0.997235 -0.0743132 0
    outer loop
      vertex 13.6918 -21.0334 22.3
      vertex 13.698 -21.1166 18.3
      vertex 13.698 -21.1166 22.3
    endloop
  endfacet
  facet normal -0.122264 -0.992498 0
    outer loop
      vertex 12.1666 -19.5082 18.3
      vertex 12.2494 -19.5184 22.3
      vertex 12.1666 -19.5082 22.3
    endloop
  endfacet
  facet normal -0.122264 -0.992498 -0
    outer loop
      vertex 12.2494 -19.5184 22.3
      vertex 12.1666 -19.5082 18.3
      vertex 12.2494 -19.5184 18.3
    endloop
  endfacet
  facet normal -0.9494 -0.314069 0
    outer loop
      vertex 13.6268 -20.7065 18.3
      vertex 13.6006 -20.6273 22.3
      vertex 13.6006 -20.6273 18.3
    endloop
  endfacet
  facet normal -0.9494 -0.314069 0
    outer loop
      vertex 13.6006 -20.6273 22.3
      vertex 13.6268 -20.7065 18.3
      vertex 13.6268 -20.7065 22.3
    endloop
  endfacet
  facet normal -0.999713 0.0239739 0
    outer loop
      vertex 13.698 -21.2834 18.3
      vertex 13.7 -21.2 22.3
      vertex 13.7 -21.2 18.3
    endloop
  endfacet
  facet normal -0.999713 0.0239739 0
    outer loop
      vertex 13.7 -21.2 22.3
      vertex 13.698 -21.2834 18.3
      vertex 13.698 -21.2834 22.3
    endloop
  endfacet
  facet normal -0.933191 0.35938 0
    outer loop
      vertex 13.5706 -21.8506 18.3
      vertex 13.6006 -21.7727 22.3
      vertex 13.6006 -21.7727 18.3
    endloop
  endfacet
  facet normal -0.933191 0.35938 0
    outer loop
      vertex 13.6006 -21.7727 22.3
      vertex 13.5706 -21.8506 18.3
      vertex 13.5706 -21.8506 22.3
    endloop
  endfacet
  facet normal -0.405471 -0.914108 0
    outer loop
      vertex 12.6506 -19.6294 18.3
      vertex 12.7268 -19.6632 22.3
      vertex 12.6506 -19.6294 22.3
    endloop
  endfacet
  facet normal -0.405471 -0.914108 -0
    outer loop
      vertex 12.7268 -19.6632 22.3
      vertex 12.6506 -19.6294 18.3
      vertex 12.7268 -19.6632 18.3
    endloop
  endfacet
  facet normal 0.0239739 -0.999713 0
    outer loop
      vertex 11.9166 -19.502 18.3
      vertex 12 -19.5 22.3
      vertex 11.9166 -19.502 22.3
    endloop
  endfacet
  facet normal 0.0239739 -0.999713 0
    outer loop
      vertex 12 -19.5 22.3
      vertex 11.9166 -19.502 18.3
      vertex 12 -19.5 18.3
    endloop
  endfacet
  facet normal 0.963621 0.267273 0
    outer loop
      vertex 10.3732 -21.6935 22.3
      vertex 10.3509 -21.6131 18.3
      vertex 10.3509 -21.6131 22.3
    endloop
  endfacet
  facet normal 0.963621 0.267273 0
    outer loop
      vertex 10.3509 -21.6131 18.3
      vertex 10.3732 -21.6935 22.3
      vertex 10.3732 -21.6935 18.3
    endloop
  endfacet
  facet normal 0.534624 0.84509 -0
    outer loop
      vertex 11.126 -22.6581 18.3
      vertex 11.0555 -22.6135 22.3
      vertex 11.126 -22.6581 22.3
    endloop
  endfacet
  facet normal 0.534624 0.84509 0
    outer loop
      vertex 11.0555 -22.6135 22.3
      vertex 11.126 -22.6581 18.3
      vertex 11.0555 -22.6135 18.3
    endloop
  endfacet
  facet normal -0.975904 -0.2182 0
    outer loop
      vertex 13.6673 -20.8683 18.3
      vertex 13.6491 -20.7869 22.3
      vertex 13.6491 -20.7869 18.3
    endloop
  endfacet
  facet normal -0.975904 -0.2182 0
    outer loop
      vertex 13.6491 -20.7869 22.3
      vertex 13.6673 -20.8683 18.3
      vertex 13.6673 -20.8683 22.3
    endloop
  endfacet
  facet normal -0.817765 -0.575553 0
    outer loop
      vertex 13.4135 -20.2555 18.3
      vertex 13.3655 -20.1873 22.3
      vertex 13.3655 -20.1873 18.3
    endloop
  endfacet
  facet normal -0.817765 -0.575553 0
    outer loop
      vertex 13.3655 -20.1873 22.3
      vertex 13.4135 -20.2555 18.3
      vertex 13.4135 -20.2555 22.3
    endloop
  endfacet
  facet normal -0.963621 -0.267273 0
    outer loop
      vertex 13.6491 -20.7869 18.3
      vertex 13.6268 -20.7065 22.3
      vertex 13.6268 -20.7065 18.3
    endloop
  endfacet
  facet normal -0.963621 -0.267273 0
    outer loop
      vertex 13.6268 -20.7065 22.3
      vertex 13.6491 -20.7869 18.3
      vertex 13.6491 -20.7869 22.3
    endloop
  endfacet
  facet normal -0.267273 0.963621 0
    outer loop
      vertex 12.4935 -22.8268 18.3
      vertex 12.4131 -22.8491 22.3
      vertex 12.4935 -22.8268 22.3
    endloop
  endfacet
  facet normal -0.267273 0.963621 0
    outer loop
      vertex 12.4131 -22.8491 22.3
      vertex 12.4935 -22.8268 18.3
      vertex 12.4131 -22.8491 18.3
    endloop
  endfacet
  facet normal 0.757308 -0.653058 0
    outer loop
      vertex 10.6859 -20.1215 22.3
      vertex 10.7404 -20.0583 18.3
      vertex 10.7404 -20.0583 22.3
    endloop
  endfacet
  facet normal 0.757308 -0.653058 0
    outer loop
      vertex 10.7404 -20.0583 18.3
      vertex 10.6859 -20.1215 22.3
      vertex 10.6859 -20.1215 18.3
    endloop
  endfacet
  facet normal -0.724281 0.689505 0
    outer loop
      vertex 13.2021 -22.4021 18.3
      vertex 13.2596 -22.3417 22.3
      vertex 13.2596 -22.3417 18.3
    endloop
  endfacet
  facet normal -0.724281 0.689505 0
    outer loop
      vertex 13.2596 -22.3417 22.3
      vertex 13.2021 -22.4021 18.3
      vertex 13.2021 -22.4021 22.3
    endloop
  endfacet
  facet normal 0.933191 0.35938 0
    outer loop
      vertex 10.4294 -21.8506 22.3
      vertex 10.3994 -21.7727 18.3
      vertex 10.3994 -21.7727 22.3
    endloop
  endfacet
  facet normal 0.933191 0.35938 0
    outer loop
      vertex 10.3994 -21.7727 18.3
      vertex 10.4294 -21.8506 22.3
      vertex 10.4294 -21.8506 18.3
    endloop
  endfacet
  facet normal -0.2182 -0.975904 0
    outer loop
      vertex 12.3317 -19.5327 18.3
      vertex 12.4131 -19.5509 22.3
      vertex 12.3317 -19.5327 22.3
    endloop
  endfacet
  facet normal -0.2182 -0.975904 -0
    outer loop
      vertex 12.4131 -19.5509 22.3
      vertex 12.3317 -19.5327 18.3
      vertex 12.4131 -19.5509 18.3
    endloop
  endfacet
  facet normal -0.788061 0.615598 0
    outer loop
      vertex 13.3141 -22.2785 18.3
      vertex 13.3655 -22.2127 22.3
      vertex 13.3655 -22.2127 18.3
    endloop
  endfacet
  facet normal -0.788061 0.615598 0
    outer loop
      vertex 13.3655 -22.2127 22.3
      vertex 13.3141 -22.2785 18.3
      vertex 13.3141 -22.2785 22.3
    endloop
  endfacet
  facet normal -0.615598 0.788061 0
    outer loop
      vertex 13.0785 -22.5141 18.3
      vertex 13.0127 -22.5655 22.3
      vertex 13.0785 -22.5141 22.3
    endloop
  endfacet
  facet normal -0.615598 0.788061 0
    outer loop
      vertex 13.0127 -22.5655 22.3
      vertex 13.0785 -22.5141 18.3
      vertex 13.0127 -22.5655 18.3
    endloop
  endfacet
  facet normal -0.999713 -0.0239739 0
    outer loop
      vertex 13.7 -21.2 18.3
      vertex 13.698 -21.1166 22.3
      vertex 13.698 -21.1166 18.3
    endloop
  endfacet
  facet normal -0.999713 -0.0239739 0
    outer loop
      vertex 13.698 -21.1166 22.3
      vertex 13.7 -21.2 18.3
      vertex 13.7 -21.2 22.3
    endloop
  endfacet
  facet normal -0.724281 -0.689505 0
    outer loop
      vertex 13.2596 -20.0583 18.3
      vertex 13.2021 -19.9979 22.3
      vertex 13.2021 -19.9979 18.3
    endloop
  endfacet
  facet normal -0.724281 -0.689505 0
    outer loop
      vertex 13.2021 -19.9979 22.3
      vertex 13.2596 -20.0583 18.3
      vertex 13.2596 -20.0583 22.3
    endloop
  endfacet
  facet normal 0.84509 0.534624 0
    outer loop
      vertex 10.5865 -22.1445 22.3
      vertex 10.5419 -22.074 18.3
      vertex 10.5419 -22.074 22.3
    endloop
  endfacet
  facet normal 0.84509 0.534624 0
    outer loop
      vertex 10.5419 -22.074 18.3
      vertex 10.5865 -22.1445 22.3
      vertex 10.5865 -22.1445 18.3
    endloop
  endfacet
  facet normal -0.534624 -0.84509 0
    outer loop
      vertex 12.874 -19.7419 18.3
      vertex 12.9445 -19.7865 22.3
      vertex 12.874 -19.7419 22.3
    endloop
  endfacet
  facet normal -0.534624 -0.84509 -0
    outer loop
      vertex 12.9445 -19.7865 22.3
      vertex 12.874 -19.7419 18.3
      vertex 12.9445 -19.7865 18.3
    endloop
  endfacet
  facet normal -0.653058 0.757308 0
    outer loop
      vertex 13.1417 -22.4596 18.3
      vertex 13.0785 -22.5141 22.3
      vertex 13.1417 -22.4596 22.3
    endloop
  endfacet
  facet normal -0.653058 0.757308 0
    outer loop
      vertex 13.0785 -22.5141 22.3
      vertex 13.1417 -22.4596 18.3
      vertex 13.0785 -22.5141 18.3
    endloop
  endfacet
  facet normal -0.757308 0.653058 0
    outer loop
      vertex 13.2596 -22.3417 18.3
      vertex 13.3141 -22.2785 22.3
      vertex 13.3141 -22.2785 18.3
    endloop
  endfacet
  facet normal -0.757308 0.653058 0
    outer loop
      vertex 13.3141 -22.2785 22.3
      vertex 13.2596 -22.3417 18.3
      vertex 13.2596 -22.3417 22.3
    endloop
  endfacet
  facet normal -0.914108 0.405471 0
    outer loop
      vertex 13.5368 -21.9268 18.3
      vertex 13.5706 -21.8506 22.3
      vertex 13.5706 -21.8506 18.3
    endloop
  endfacet
  facet normal -0.914108 0.405471 0
    outer loop
      vertex 13.5706 -21.8506 22.3
      vertex 13.5368 -21.9268 18.3
      vertex 13.5368 -21.9268 22.3
    endloop
  endfacet
  facet normal 0.689505 -0.724281 0
    outer loop
      vertex 10.7979 -19.9979 18.3
      vertex 10.8583 -19.9404 22.3
      vertex 10.7979 -19.9979 22.3
    endloop
  endfacet
  facet normal 0.689505 -0.724281 0
    outer loop
      vertex 10.8583 -19.9404 22.3
      vertex 10.7979 -19.9979 18.3
      vertex 10.8583 -19.9404 18.3
    endloop
  endfacet
  facet normal -0.35938 0.933191 0
    outer loop
      vertex 12.6506 -22.7706 18.3
      vertex 12.5727 -22.8006 22.3
      vertex 12.6506 -22.7706 22.3
    endloop
  endfacet
  facet normal -0.35938 0.933191 0
    outer loop
      vertex 12.5727 -22.8006 22.3
      vertex 12.6506 -22.7706 18.3
      vertex 12.5727 -22.8006 18.3
    endloop
  endfacet
  facet normal -0.992498 -0.122264 0
    outer loop
      vertex 13.6918 -21.0334 18.3
      vertex 13.6816 -20.9506 22.3
      vertex 13.6816 -20.9506 18.3
    endloop
  endfacet
  facet normal -0.992498 -0.122264 0
    outer loop
      vertex 13.6816 -20.9506 22.3
      vertex 13.6918 -21.0334 18.3
      vertex 13.6918 -21.0334 22.3
    endloop
  endfacet
  facet normal 0.724281 0.689505 0
    outer loop
      vertex 10.7979 -22.4021 22.3
      vertex 10.7404 -22.3417 18.3
      vertex 10.7404 -22.3417 22.3
    endloop
  endfacet
  facet normal 0.724281 0.689505 0
    outer loop
      vertex 10.7404 -22.3417 18.3
      vertex 10.7979 -22.4021 22.3
      vertex 10.7979 -22.4021 18.3
    endloop
  endfacet
  facet normal 0.997235 0.0743132 0
    outer loop
      vertex 10.3082 -21.3666 22.3
      vertex 10.302 -21.2834 18.3
      vertex 10.302 -21.2834 22.3
    endloop
  endfacet
  facet normal 0.997235 0.0743132 0
    outer loop
      vertex 10.302 -21.2834 18.3
      vertex 10.3082 -21.3666 22.3
      vertex 10.3082 -21.3666 18.3
    endloop
  endfacet
  facet normal 0.0743132 -0.997235 0
    outer loop
      vertex 11.8334 -19.5082 18.3
      vertex 11.9166 -19.502 22.3
      vertex 11.8334 -19.5082 22.3
    endloop
  endfacet
  facet normal 0.0743132 -0.997235 0
    outer loop
      vertex 11.9166 -19.502 22.3
      vertex 11.8334 -19.5082 18.3
      vertex 11.9166 -19.502 18.3
    endloop
  endfacet
  facet normal 0.575553 -0.817765 0
    outer loop
      vertex 10.9873 -19.8345 18.3
      vertex 11.0555 -19.7865 22.3
      vertex 10.9873 -19.8345 22.3
    endloop
  endfacet
  facet normal 0.575553 -0.817765 0
    outer loop
      vertex 11.0555 -19.7865 22.3
      vertex 10.9873 -19.8345 18.3
      vertex 11.0555 -19.7865 18.3
    endloop
  endfacet
  facet normal -0.575553 -0.817765 0
    outer loop
      vertex 12.9445 -19.7865 18.3
      vertex 13.0127 -19.8345 22.3
      vertex 12.9445 -19.7865 22.3
    endloop
  endfacet
  facet normal -0.575553 -0.817765 -0
    outer loop
      vertex 13.0127 -19.8345 22.3
      vertex 12.9445 -19.7865 18.3
      vertex 13.0127 -19.8345 18.3
    endloop
  endfacet
  facet normal -0.2182 0.975904 0
    outer loop
      vertex 12.4131 -22.8491 18.3
      vertex 12.3317 -22.8673 22.3
      vertex 12.4131 -22.8491 22.3
    endloop
  endfacet
  facet normal -0.2182 0.975904 0
    outer loop
      vertex 12.3317 -22.8673 22.3
      vertex 12.4131 -22.8491 18.3
      vertex 12.3317 -22.8673 18.3
    endloop
  endfacet
  facet normal 0.724281 -0.689505 0
    outer loop
      vertex 10.7404 -20.0583 22.3
      vertex 10.7979 -19.9979 18.3
      vertex 10.7979 -19.9979 22.3
    endloop
  endfacet
  facet normal 0.724281 -0.689505 0
    outer loop
      vertex 10.7979 -19.9979 18.3
      vertex 10.7404 -20.0583 22.3
      vertex 10.7404 -20.0583 18.3
    endloop
  endfacet
  facet normal 0.493557 0.869714 -0
    outer loop
      vertex 11.1986 -22.6993 18.3
      vertex 11.126 -22.6581 22.3
      vertex 11.1986 -22.6993 22.3
    endloop
  endfacet
  facet normal 0.493557 0.869714 0
    outer loop
      vertex 11.126 -22.6581 22.3
      vertex 11.1986 -22.6993 18.3
      vertex 11.126 -22.6581 18.3
    endloop
  endfacet
  facet normal 0.817765 0.575553 0
    outer loop
      vertex 10.6345 -22.2127 22.3
      vertex 10.5865 -22.1445 18.3
      vertex 10.5865 -22.1445 22.3
    endloop
  endfacet
  facet normal 0.817765 0.575553 0
    outer loop
      vertex 10.5865 -22.1445 18.3
      vertex 10.6345 -22.2127 22.3
      vertex 10.6345 -22.2127 18.3
    endloop
  endfacet
  facet normal 0.2182 -0.975904 0
    outer loop
      vertex 11.5869 -19.5509 18.3
      vertex 11.6683 -19.5327 22.3
      vertex 11.5869 -19.5509 22.3
    endloop
  endfacet
  facet normal 0.2182 -0.975904 0
    outer loop
      vertex 11.6683 -19.5327 22.3
      vertex 11.5869 -19.5509 18.3
      vertex 11.6683 -19.5327 18.3
    endloop
  endfacet
  facet normal -0.615598 -0.788061 0
    outer loop
      vertex 13.0127 -19.8345 18.3
      vertex 13.0785 -19.8859 22.3
      vertex 13.0127 -19.8345 22.3
    endloop
  endfacet
  facet normal -0.615598 -0.788061 -0
    outer loop
      vertex 13.0785 -19.8859 22.3
      vertex 13.0127 -19.8345 18.3
      vertex 13.0785 -19.8859 18.3
    endloop
  endfacet
  facet normal 0.122264 -0.992498 0
    outer loop
      vertex 11.7506 -19.5184 18.3
      vertex 11.8334 -19.5082 22.3
      vertex 11.7506 -19.5184 22.3
    endloop
  endfacet
  facet normal 0.122264 -0.992498 0
    outer loop
      vertex 11.8334 -19.5082 22.3
      vertex 11.7506 -19.5184 18.3
      vertex 11.8334 -19.5082 18.3
    endloop
  endfacet
  facet normal 0.893467 0.449129 0
    outer loop
      vertex 10.5007 -22.0014 22.3
      vertex 10.4632 -21.9268 18.3
      vertex 10.4632 -21.9268 22.3
    endloop
  endfacet
  facet normal 0.893467 0.449129 0
    outer loop
      vertex 10.4632 -21.9268 18.3
      vertex 10.5007 -22.0014 22.3
      vertex 10.5007 -22.0014 18.3
    endloop
  endfacet
  facet normal 0.314069 -0.9494 0
    outer loop
      vertex 11.4273 -19.5994 18.3
      vertex 11.5065 -19.5732 22.3
      vertex 11.4273 -19.5994 22.3
    endloop
  endfacet
  facet normal 0.314069 -0.9494 0
    outer loop
      vertex 11.5065 -19.5732 22.3
      vertex 11.4273 -19.5994 18.3
      vertex 11.5065 -19.5732 18.3
    endloop
  endfacet
  facet normal -0.869714 -0.493557 0
    outer loop
      vertex 13.4993 -20.3986 18.3
      vertex 13.4581 -20.326 22.3
      vertex 13.4581 -20.326 18.3
    endloop
  endfacet
  facet normal -0.869714 -0.493557 0
    outer loop
      vertex 13.4581 -20.326 22.3
      vertex 13.4993 -20.3986 18.3
      vertex 13.4993 -20.3986 22.3
    endloop
  endfacet
  facet normal -0.985238 0.17119 0
    outer loop
      vertex 13.6673 -21.5317 18.3
      vertex 13.6816 -21.4494 22.3
      vertex 13.6816 -21.4494 18.3
    endloop
  endfacet
  facet normal -0.985238 0.17119 0
    outer loop
      vertex 13.6816 -21.4494 22.3
      vertex 13.6673 -21.5317 18.3
      vertex 13.6673 -21.5317 22.3
    endloop
  endfacet
  facet normal 0.9494 -0.314069 0
    outer loop
      vertex 10.3732 -20.7065 22.3
      vertex 10.3994 -20.6273 18.3
      vertex 10.3994 -20.6273 22.3
    endloop
  endfacet
  facet normal 0.9494 -0.314069 0
    outer loop
      vertex 10.3994 -20.6273 18.3
      vertex 10.3732 -20.7065 22.3
      vertex 10.3732 -20.7065 18.3
    endloop
  endfacet
  facet normal 0.267273 0.963621 -0
    outer loop
      vertex 11.5869 -22.8491 18.3
      vertex 11.5065 -22.8268 22.3
      vertex 11.5869 -22.8491 22.3
    endloop
  endfacet
  facet normal 0.267273 0.963621 0
    outer loop
      vertex 11.5065 -22.8268 22.3
      vertex 11.5869 -22.8491 18.3
      vertex 11.5065 -22.8268 18.3
    endloop
  endfacet
  facet normal 0.0239739 0.999713 -0
    outer loop
      vertex 12 -22.9 18.3
      vertex 11.9166 -22.898 22.3
      vertex 12 -22.9 22.3
    endloop
  endfacet
  facet normal 0.0239739 0.999713 0
    outer loop
      vertex 11.9166 -22.898 22.3
      vertex 12 -22.9 18.3
      vertex 11.9166 -22.898 18.3
    endloop
  endfacet
  facet normal 0.17119 -0.985238 0
    outer loop
      vertex 11.6683 -19.5327 18.3
      vertex 11.7506 -19.5184 22.3
      vertex 11.6683 -19.5327 22.3
    endloop
  endfacet
  facet normal 0.17119 -0.985238 0
    outer loop
      vertex 11.7506 -19.5184 22.3
      vertex 11.6683 -19.5327 18.3
      vertex 11.7506 -19.5184 18.3
    endloop
  endfacet
  facet normal 0.975904 0.2182 0
    outer loop
      vertex 10.3509 -21.6131 22.3
      vertex 10.3327 -21.5317 18.3
      vertex 10.3327 -21.5317 22.3
    endloop
  endfacet
  facet normal 0.975904 0.2182 0
    outer loop
      vertex 10.3327 -21.5317 18.3
      vertex 10.3509 -21.6131 22.3
      vertex 10.3509 -21.6131 18.3
    endloop
  endfacet
  facet normal -0.0239739 -0.999713 0
    outer loop
      vertex 12 -19.5 18.3
      vertex 12.0834 -19.502 22.3
      vertex 12 -19.5 22.3
    endloop
  endfacet
  facet normal -0.0239739 -0.999713 -0
    outer loop
      vertex 12.0834 -19.502 22.3
      vertex 12 -19.5 18.3
      vertex 12.0834 -19.502 18.3
    endloop
  endfacet
  facet normal 0.449129 0.893467 -0
    outer loop
      vertex 11.2732 -22.7368 18.3
      vertex 11.1986 -22.6993 22.3
      vertex 11.2732 -22.7368 22.3
    endloop
  endfacet
  facet normal 0.449129 0.893467 0
    outer loop
      vertex 11.1986 -22.6993 22.3
      vertex 11.2732 -22.7368 18.3
      vertex 11.1986 -22.6993 18.3
    endloop
  endfacet
  facet normal 0.689505 0.724281 -0
    outer loop
      vertex 10.8583 -22.4596 18.3
      vertex 10.7979 -22.4021 22.3
      vertex 10.8583 -22.4596 22.3
    endloop
  endfacet
  facet normal 0.689505 0.724281 0
    outer loop
      vertex 10.7979 -22.4021 22.3
      vertex 10.8583 -22.4596 18.3
      vertex 10.7979 -22.4021 18.3
    endloop
  endfacet
  facet normal -0.493557 -0.869714 0
    outer loop
      vertex 12.8014 -19.7007 18.3
      vertex 12.874 -19.7419 22.3
      vertex 12.8014 -19.7007 22.3
    endloop
  endfacet
  facet normal -0.493557 -0.869714 -0
    outer loop
      vertex 12.874 -19.7419 22.3
      vertex 12.8014 -19.7007 18.3
      vertex 12.874 -19.7419 18.3
    endloop
  endfacet
  facet normal -0.493557 0.869714 0
    outer loop
      vertex 12.874 -22.6581 18.3
      vertex 12.8014 -22.6993 22.3
      vertex 12.874 -22.6581 22.3
    endloop
  endfacet
  facet normal -0.493557 0.869714 0
    outer loop
      vertex 12.8014 -22.6993 22.3
      vertex 12.874 -22.6581 18.3
      vertex 12.8014 -22.6993 18.3
    endloop
  endfacet
  facet normal -0.405471 0.914108 0
    outer loop
      vertex 12.7268 -22.7368 18.3
      vertex 12.6506 -22.7706 22.3
      vertex 12.7268 -22.7368 22.3
    endloop
  endfacet
  facet normal -0.405471 0.914108 0
    outer loop
      vertex 12.6506 -22.7706 22.3
      vertex 12.7268 -22.7368 18.3
      vertex 12.6506 -22.7706 18.3
    endloop
  endfacet
  facet normal -0.9494 0.314069 0
    outer loop
      vertex 13.6006 -21.7727 18.3
      vertex 13.6268 -21.6935 22.3
      vertex 13.6268 -21.6935 18.3
    endloop
  endfacet
  facet normal -0.9494 0.314069 0
    outer loop
      vertex 13.6268 -21.6935 22.3
      vertex 13.6006 -21.7727 18.3
      vertex 13.6006 -21.7727 22.3
    endloop
  endfacet
  facet normal -0.985238 -0.17119 0
    outer loop
      vertex 13.6816 -20.9506 18.3
      vertex 13.6673 -20.8683 22.3
      vertex 13.6673 -20.8683 18.3
    endloop
  endfacet
  facet normal -0.985238 -0.17119 0
    outer loop
      vertex 13.6673 -20.8683 22.3
      vertex 13.6816 -20.9506 18.3
      vertex 13.6816 -20.9506 22.3
    endloop
  endfacet
  facet normal -0.893467 -0.449129 0
    outer loop
      vertex 13.5368 -20.4732 18.3
      vertex 13.4993 -20.3986 22.3
      vertex 13.4993 -20.3986 18.3
    endloop
  endfacet
  facet normal -0.893467 -0.449129 0
    outer loop
      vertex 13.4993 -20.3986 22.3
      vertex 13.5368 -20.4732 18.3
      vertex 13.5368 -20.4732 22.3
    endloop
  endfacet
  facet normal 0.653058 0.757308 -0
    outer loop
      vertex 10.9215 -22.5141 18.3
      vertex 10.8583 -22.4596 22.3
      vertex 10.9215 -22.5141 22.3
    endloop
  endfacet
  facet normal 0.653058 0.757308 0
    outer loop
      vertex 10.8583 -22.4596 22.3
      vertex 10.9215 -22.5141 18.3
      vertex 10.8583 -22.4596 18.3
    endloop
  endfacet
  facet normal -0.997235 0.0743132 0
    outer loop
      vertex 13.6918 -21.3666 18.3
      vertex 13.698 -21.2834 22.3
      vertex 13.698 -21.2834 18.3
    endloop
  endfacet
  facet normal -0.997235 0.0743132 0
    outer loop
      vertex 13.698 -21.2834 22.3
      vertex 13.6918 -21.3666 18.3
      vertex 13.6918 -21.3666 22.3
    endloop
  endfacet
  facet normal -0.84509 -0.534624 0
    outer loop
      vertex 13.4581 -20.326 18.3
      vertex 13.4135 -20.2555 22.3
      vertex 13.4135 -20.2555 18.3
    endloop
  endfacet
  facet normal -0.84509 -0.534624 0
    outer loop
      vertex 13.4135 -20.2555 22.3
      vertex 13.4581 -20.326 18.3
      vertex 13.4581 -20.326 22.3
    endloop
  endfacet
  facet normal -0.869714 0.493557 0
    outer loop
      vertex 13.4581 -22.074 18.3
      vertex 13.4993 -22.0014 22.3
      vertex 13.4993 -22.0014 18.3
    endloop
  endfacet
  facet normal -0.869714 0.493557 0
    outer loop
      vertex 13.4993 -22.0014 22.3
      vertex 13.4581 -22.074 18.3
      vertex 13.4581 -22.074 22.3
    endloop
  endfacet
  facet normal 0.985238 -0.17119 0
    outer loop
      vertex 10.3184 -20.9506 22.3
      vertex 10.3327 -20.8683 18.3
      vertex 10.3327 -20.8683 22.3
    endloop
  endfacet
  facet normal 0.985238 -0.17119 0
    outer loop
      vertex 10.3327 -20.8683 18.3
      vertex 10.3184 -20.9506 22.3
      vertex 10.3184 -20.9506 18.3
    endloop
  endfacet
  facet normal -0.314069 -0.9494 0
    outer loop
      vertex 12.4935 -19.5732 18.3
      vertex 12.5727 -19.5994 22.3
      vertex 12.4935 -19.5732 22.3
    endloop
  endfacet
  facet normal -0.314069 -0.9494 -0
    outer loop
      vertex 12.5727 -19.5994 22.3
      vertex 12.4935 -19.5732 18.3
      vertex 12.5727 -19.5994 18.3
    endloop
  endfacet
  facet normal -0.992498 0.122264 0
    outer loop
      vertex 13.6816 -21.4494 18.3
      vertex 13.6918 -21.3666 22.3
      vertex 13.6918 -21.3666 18.3
    endloop
  endfacet
  facet normal -0.992498 0.122264 0
    outer loop
      vertex 13.6918 -21.3666 22.3
      vertex 13.6816 -21.4494 18.3
      vertex 13.6816 -21.4494 22.3
    endloop
  endfacet
  facet normal 0.405471 -0.914108 0
    outer loop
      vertex 11.2732 -19.6632 18.3
      vertex 11.3494 -19.6294 22.3
      vertex 11.2732 -19.6632 22.3
    endloop
  endfacet
  facet normal 0.405471 -0.914108 0
    outer loop
      vertex 11.3494 -19.6294 22.3
      vertex 11.2732 -19.6632 18.3
      vertex 11.3494 -19.6294 18.3
    endloop
  endfacet
  facet normal -0.689505 -0.724281 0
    outer loop
      vertex 13.1417 -19.9404 18.3
      vertex 13.2021 -19.9979 22.3
      vertex 13.1417 -19.9404 22.3
    endloop
  endfacet
  facet normal -0.689505 -0.724281 -0
    outer loop
      vertex 13.2021 -19.9979 22.3
      vertex 13.1417 -19.9404 18.3
      vertex 13.2021 -19.9979 18.3
    endloop
  endfacet
  facet normal 0.615598 -0.788061 0
    outer loop
      vertex 10.9215 -19.8859 18.3
      vertex 10.9873 -19.8345 22.3
      vertex 10.9215 -19.8859 22.3
    endloop
  endfacet
  facet normal 0.615598 -0.788061 0
    outer loop
      vertex 10.9873 -19.8345 22.3
      vertex 10.9215 -19.8859 18.3
      vertex 10.9873 -19.8345 18.3
    endloop
  endfacet
  facet normal 0.314069 0.9494 -0
    outer loop
      vertex 11.5065 -22.8268 18.3
      vertex 11.4273 -22.8006 22.3
      vertex 11.5065 -22.8268 22.3
    endloop
  endfacet
  facet normal 0.314069 0.9494 0
    outer loop
      vertex 11.4273 -22.8006 22.3
      vertex 11.5065 -22.8268 18.3
      vertex 11.4273 -22.8006 18.3
    endloop
  endfacet
  facet normal 0.992498 0.122264 0
    outer loop
      vertex 10.3184 -21.4494 22.3
      vertex 10.3082 -21.3666 18.3
      vertex 10.3082 -21.3666 22.3
    endloop
  endfacet
  facet normal 0.992498 0.122264 0
    outer loop
      vertex 10.3082 -21.3666 18.3
      vertex 10.3184 -21.4494 22.3
      vertex 10.3184 -21.4494 18.3
    endloop
  endfacet
  facet normal -0.788061 -0.615598 0
    outer loop
      vertex 13.3655 -20.1873 18.3
      vertex 13.3141 -20.1215 22.3
      vertex 13.3141 -20.1215 18.3
    endloop
  endfacet
  facet normal -0.788061 -0.615598 0
    outer loop
      vertex 13.3141 -20.1215 22.3
      vertex 13.3655 -20.1873 18.3
      vertex 13.3655 -20.1873 22.3
    endloop
  endfacet
  facet normal -0.653058 -0.757308 0
    outer loop
      vertex 13.0785 -19.8859 18.3
      vertex 13.1417 -19.9404 22.3
      vertex 13.0785 -19.8859 22.3
    endloop
  endfacet
  facet normal -0.653058 -0.757308 -0
    outer loop
      vertex 13.1417 -19.9404 22.3
      vertex 13.0785 -19.8859 18.3
      vertex 13.1417 -19.9404 18.3
    endloop
  endfacet
  facet normal 0.869714 -0.493557 0
    outer loop
      vertex 10.5007 -20.3986 22.3
      vertex 10.5419 -20.326 18.3
      vertex 10.5419 -20.326 22.3
    endloop
  endfacet
  facet normal 0.869714 -0.493557 0
    outer loop
      vertex 10.5419 -20.326 18.3
      vertex 10.5007 -20.3986 22.3
      vertex 10.5007 -20.3986 18.3
    endloop
  endfacet
  facet normal 0.985238 0.17119 0
    outer loop
      vertex 10.3327 -21.5317 22.3
      vertex 10.3184 -21.4494 18.3
      vertex 10.3184 -21.4494 22.3
    endloop
  endfacet
  facet normal 0.985238 0.17119 0
    outer loop
      vertex 10.3184 -21.4494 18.3
      vertex 10.3327 -21.5317 22.3
      vertex 10.3327 -21.5317 18.3
    endloop
  endfacet
  facet normal -0.17119 -0.985238 0
    outer loop
      vertex 12.2494 -19.5184 18.3
      vertex 12.3317 -19.5327 22.3
      vertex 12.2494 -19.5184 22.3
    endloop
  endfacet
  facet normal -0.17119 -0.985238 -0
    outer loop
      vertex 12.3317 -19.5327 22.3
      vertex 12.2494 -19.5184 18.3
      vertex 12.3317 -19.5327 18.3
    endloop
  endfacet
  facet normal 0.963621 -0.267273 0
    outer loop
      vertex 10.3509 -20.7869 22.3
      vertex 10.3732 -20.7065 18.3
      vertex 10.3732 -20.7065 22.3
    endloop
  endfacet
  facet normal 0.963621 -0.267273 0
    outer loop
      vertex 10.3732 -20.7065 18.3
      vertex 10.3509 -20.7869 22.3
      vertex 10.3509 -20.7869 18.3
    endloop
  endfacet
  facet normal 0.35938 -0.933191 0
    outer loop
      vertex 11.3494 -19.6294 18.3
      vertex 11.4273 -19.5994 22.3
      vertex 11.3494 -19.6294 22.3
    endloop
  endfacet
  facet normal 0.35938 -0.933191 0
    outer loop
      vertex 11.4273 -19.5994 22.3
      vertex 11.3494 -19.6294 18.3
      vertex 11.4273 -19.5994 18.3
    endloop
  endfacet
  facet normal -0.17119 0.985238 0
    outer loop
      vertex 12.3317 -22.8673 18.3
      vertex 12.2494 -22.8816 22.3
      vertex 12.3317 -22.8673 22.3
    endloop
  endfacet
  facet normal -0.17119 0.985238 0
    outer loop
      vertex 12.2494 -22.8816 22.3
      vertex 12.3317 -22.8673 18.3
      vertex 12.2494 -22.8816 18.3
    endloop
  endfacet
  facet normal -0.817765 0.575553 0
    outer loop
      vertex 13.3655 -22.2127 18.3
      vertex 13.4135 -22.1445 22.3
      vertex 13.4135 -22.1445 18.3
    endloop
  endfacet
  facet normal -0.817765 0.575553 0
    outer loop
      vertex 13.4135 -22.1445 22.3
      vertex 13.3655 -22.2127 18.3
      vertex 13.3655 -22.2127 22.3
    endloop
  endfacet
  facet normal -0.689505 0.724281 0
    outer loop
      vertex 13.2021 -22.4021 18.3
      vertex 13.1417 -22.4596 22.3
      vertex 13.2021 -22.4021 22.3
    endloop
  endfacet
  facet normal -0.689505 0.724281 0
    outer loop
      vertex 13.1417 -22.4596 22.3
      vertex 13.2021 -22.4021 18.3
      vertex 13.1417 -22.4596 18.3
    endloop
  endfacet
  facet normal -0.122264 0.992498 0
    outer loop
      vertex 12.2494 -22.8816 18.3
      vertex 12.1666 -22.8918 22.3
      vertex 12.2494 -22.8816 22.3
    endloop
  endfacet
  facet normal -0.122264 0.992498 0
    outer loop
      vertex 12.1666 -22.8918 22.3
      vertex 12.2494 -22.8816 18.3
      vertex 12.1666 -22.8918 18.3
    endloop
  endfacet
  facet normal -0.0743132 0.997235 0
    outer loop
      vertex 12.1666 -22.8918 18.3
      vertex 12.0834 -22.898 22.3
      vertex 12.1666 -22.8918 22.3
    endloop
  endfacet
  facet normal -0.0743132 0.997235 0
    outer loop
      vertex 12.0834 -22.898 22.3
      vertex 12.1666 -22.8918 18.3
      vertex 12.0834 -22.898 18.3
    endloop
  endfacet
  facet normal 0.653058 -0.757308 0
    outer loop
      vertex 10.8583 -19.9404 18.3
      vertex 10.9215 -19.8859 22.3
      vertex 10.8583 -19.9404 22.3
    endloop
  endfacet
  facet normal 0.653058 -0.757308 0
    outer loop
      vertex 10.9215 -19.8859 22.3
      vertex 10.8583 -19.9404 18.3
      vertex 10.9215 -19.8859 18.3
    endloop
  endfacet
  facet normal 0.493557 -0.869714 0
    outer loop
      vertex 11.126 -19.7419 18.3
      vertex 11.1986 -19.7007 22.3
      vertex 11.126 -19.7419 22.3
    endloop
  endfacet
  facet normal 0.493557 -0.869714 0
    outer loop
      vertex 11.1986 -19.7007 22.3
      vertex 11.126 -19.7419 18.3
      vertex 11.1986 -19.7007 18.3
    endloop
  endfacet
  facet normal 0.84509 -0.534624 0
    outer loop
      vertex 10.5419 -20.326 22.3
      vertex 10.5865 -20.2555 18.3
      vertex 10.5865 -20.2555 22.3
    endloop
  endfacet
  facet normal 0.84509 -0.534624 0
    outer loop
      vertex 10.5865 -20.2555 18.3
      vertex 10.5419 -20.326 22.3
      vertex 10.5419 -20.326 18.3
    endloop
  endfacet
  facet normal -0.267273 -0.963621 0
    outer loop
      vertex 12.4131 -19.5509 18.3
      vertex 12.4935 -19.5732 22.3
      vertex 12.4131 -19.5509 22.3
    endloop
  endfacet
  facet normal -0.267273 -0.963621 -0
    outer loop
      vertex 12.4935 -19.5732 22.3
      vertex 12.4131 -19.5509 18.3
      vertex 12.4935 -19.5732 18.3
    endloop
  endfacet
  facet normal -0.933191 -0.35938 0
    outer loop
      vertex 13.6006 -20.6273 18.3
      vertex 13.5706 -20.5494 22.3
      vertex 13.5706 -20.5494 18.3
    endloop
  endfacet
  facet normal -0.933191 -0.35938 0
    outer loop
      vertex 13.5706 -20.5494 22.3
      vertex 13.6006 -20.6273 18.3
      vertex 13.6006 -20.6273 22.3
    endloop
  endfacet
  facet normal -0.975904 0.2182 0
    outer loop
      vertex 13.6491 -21.6131 18.3
      vertex 13.6673 -21.5317 22.3
      vertex 13.6673 -21.5317 18.3
    endloop
  endfacet
  facet normal -0.975904 0.2182 0
    outer loop
      vertex 13.6673 -21.5317 22.3
      vertex 13.6491 -21.6131 18.3
      vertex 13.6491 -21.6131 22.3
    endloop
  endfacet
  facet normal 0.35938 0.933191 -0
    outer loop
      vertex 11.4273 -22.8006 18.3
      vertex 11.3494 -22.7706 22.3
      vertex 11.4273 -22.8006 22.3
    endloop
  endfacet
  facet normal 0.35938 0.933191 0
    outer loop
      vertex 11.3494 -22.7706 22.3
      vertex 11.4273 -22.8006 18.3
      vertex 11.3494 -22.7706 18.3
    endloop
  endfacet
  facet normal -0.757308 -0.653058 0
    outer loop
      vertex 13.3141 -20.1215 18.3
      vertex 13.2596 -20.0583 22.3
      vertex 13.2596 -20.0583 18.3
    endloop
  endfacet
  facet normal -0.757308 -0.653058 0
    outer loop
      vertex 13.2596 -20.0583 22.3
      vertex 13.3141 -20.1215 18.3
      vertex 13.3141 -20.1215 22.3
    endloop
  endfacet
  facet normal 0.122264 0.992498 -0
    outer loop
      vertex 11.8334 -22.8918 18.3
      vertex 11.7506 -22.8816 22.3
      vertex 11.8334 -22.8918 22.3
    endloop
  endfacet
  facet normal 0.122264 0.992498 0
    outer loop
      vertex 11.7506 -22.8816 22.3
      vertex 11.8334 -22.8918 18.3
      vertex 11.7506 -22.8816 18.3
    endloop
  endfacet
  facet normal -0.0743132 -0.997235 0
    outer loop
      vertex 12.0834 -19.502 18.3
      vertex 12.1666 -19.5082 22.3
      vertex 12.0834 -19.502 22.3
    endloop
  endfacet
  facet normal -0.0743132 -0.997235 -0
    outer loop
      vertex 12.1666 -19.5082 22.3
      vertex 12.0834 -19.502 18.3
      vertex 12.1666 -19.5082 18.3
    endloop
  endfacet
  facet normal 0.17119 0.985238 -0
    outer loop
      vertex 11.7506 -22.8816 18.3
      vertex 11.6683 -22.8673 22.3
      vertex 11.7506 -22.8816 22.3
    endloop
  endfacet
  facet normal 0.17119 0.985238 0
    outer loop
      vertex 11.6683 -22.8673 22.3
      vertex 11.7506 -22.8816 18.3
      vertex 11.6683 -22.8673 18.3
    endloop
  endfacet
  facet normal 0.999713 0.0239739 0
    outer loop
      vertex 10.302 -21.2834 22.3
      vertex 10.3 -21.2 18.3
      vertex 10.3 -21.2 22.3
    endloop
  endfacet
  facet normal 0.999713 0.0239739 0
    outer loop
      vertex 10.3 -21.2 18.3
      vertex 10.302 -21.2834 22.3
      vertex 10.302 -21.2834 18.3
    endloop
  endfacet
  facet normal -0.575553 0.817765 0
    outer loop
      vertex 13.0127 -22.5655 18.3
      vertex 12.9445 -22.6135 22.3
      vertex 13.0127 -22.5655 22.3
    endloop
  endfacet
  facet normal -0.575553 0.817765 0
    outer loop
      vertex 12.9445 -22.6135 22.3
      vertex 13.0127 -22.5655 18.3
      vertex 12.9445 -22.6135 18.3
    endloop
  endfacet
  facet normal -0.449129 0.893467 0
    outer loop
      vertex 12.8014 -22.6993 18.3
      vertex 12.7268 -22.7368 22.3
      vertex 12.8014 -22.6993 22.3
    endloop
  endfacet
  facet normal -0.449129 0.893467 0
    outer loop
      vertex 12.7268 -22.7368 22.3
      vertex 12.8014 -22.6993 18.3
      vertex 12.7268 -22.7368 18.3
    endloop
  endfacet
  facet normal -0.449129 -0.893467 0
    outer loop
      vertex 12.7268 -19.6632 18.3
      vertex 12.8014 -19.7007 22.3
      vertex 12.7268 -19.6632 22.3
    endloop
  endfacet
  facet normal -0.449129 -0.893467 -0
    outer loop
      vertex 12.8014 -19.7007 22.3
      vertex 12.7268 -19.6632 18.3
      vertex 12.8014 -19.7007 18.3
    endloop
  endfacet
  facet normal 0.999713 -0.0239739 0
    outer loop
      vertex 10.3 -21.2 22.3
      vertex 10.302 -21.1166 18.3
      vertex 10.302 -21.1166 22.3
    endloop
  endfacet
  facet normal 0.999713 -0.0239739 0
    outer loop
      vertex 10.302 -21.1166 18.3
      vertex 10.3 -21.2 22.3
      vertex 10.3 -21.2 18.3
    endloop
  endfacet
  facet normal 0.992498 -0.122264 0
    outer loop
      vertex 10.3082 -21.0334 22.3
      vertex 10.3184 -20.9506 18.3
      vertex 10.3184 -20.9506 22.3
    endloop
  endfacet
  facet normal 0.992498 -0.122264 0
    outer loop
      vertex 10.3184 -20.9506 18.3
      vertex 10.3082 -21.0334 22.3
      vertex 10.3082 -21.0334 18.3
    endloop
  endfacet
  facet normal 0.914108 0.405471 0
    outer loop
      vertex 10.4632 -21.9268 22.3
      vertex 10.4294 -21.8506 18.3
      vertex 10.4294 -21.8506 22.3
    endloop
  endfacet
  facet normal 0.914108 0.405471 0
    outer loop
      vertex 10.4294 -21.8506 18.3
      vertex 10.4632 -21.9268 22.3
      vertex 10.4632 -21.9268 18.3
    endloop
  endfacet
  facet normal 0.9494 0.314069 0
    outer loop
      vertex 10.3994 -21.7727 22.3
      vertex 10.3732 -21.6935 18.3
      vertex 10.3732 -21.6935 22.3
    endloop
  endfacet
  facet normal 0.9494 0.314069 0
    outer loop
      vertex 10.3732 -21.6935 18.3
      vertex 10.3994 -21.7727 22.3
      vertex 10.3994 -21.7727 18.3
    endloop
  endfacet
  facet normal 0.534624 -0.84509 0
    outer loop
      vertex 11.0555 -19.7865 18.3
      vertex 11.126 -19.7419 22.3
      vertex 11.0555 -19.7865 22.3
    endloop
  endfacet
  facet normal 0.534624 -0.84509 0
    outer loop
      vertex 11.126 -19.7419 22.3
      vertex 11.0555 -19.7865 18.3
      vertex 11.126 -19.7419 18.3
    endloop
  endfacet
  facet normal 0.914108 -0.405471 0
    outer loop
      vertex 10.4294 -20.5494 22.3
      vertex 10.4632 -20.4732 18.3
      vertex 10.4632 -20.4732 22.3
    endloop
  endfacet
  facet normal 0.914108 -0.405471 0
    outer loop
      vertex 10.4632 -20.4732 18.3
      vertex 10.4294 -20.5494 22.3
      vertex 10.4294 -20.5494 18.3
    endloop
  endfacet
  facet normal 0.267273 -0.963621 0
    outer loop
      vertex 11.5065 -19.5732 18.3
      vertex 11.5869 -19.5509 22.3
      vertex 11.5065 -19.5732 22.3
    endloop
  endfacet
  facet normal 0.267273 -0.963621 0
    outer loop
      vertex 11.5869 -19.5509 22.3
      vertex 11.5065 -19.5732 18.3
      vertex 11.5869 -19.5509 18.3
    endloop
  endfacet
  facet normal 0.817765 -0.575553 0
    outer loop
      vertex 10.5865 -20.2555 22.3
      vertex 10.6345 -20.1873 18.3
      vertex 10.6345 -20.1873 22.3
    endloop
  endfacet
  facet normal 0.817765 -0.575553 0
    outer loop
      vertex 10.6345 -20.1873 18.3
      vertex 10.5865 -20.2555 22.3
      vertex 10.5865 -20.2555 18.3
    endloop
  endfacet
  facet normal 0.975904 -0.2182 0
    outer loop
      vertex 10.3327 -20.8683 22.3
      vertex 10.3509 -20.7869 18.3
      vertex 10.3509 -20.7869 22.3
    endloop
  endfacet
  facet normal 0.975904 -0.2182 0
    outer loop
      vertex 10.3509 -20.7869 18.3
      vertex 10.3327 -20.8683 22.3
      vertex 10.3327 -20.8683 18.3
    endloop
  endfacet
  facet normal -0.84509 0.534624 0
    outer loop
      vertex 13.4135 -22.1445 18.3
      vertex 13.4581 -22.074 22.3
      vertex 13.4581 -22.074 18.3
    endloop
  endfacet
  facet normal -0.84509 0.534624 0
    outer loop
      vertex 13.4581 -22.074 22.3
      vertex 13.4135 -22.1445 18.3
      vertex 13.4135 -22.1445 22.3
    endloop
  endfacet
  facet normal 0.869714 0.493557 0
    outer loop
      vertex 10.5419 -22.074 22.3
      vertex 10.5007 -22.0014 18.3
      vertex 10.5007 -22.0014 22.3
    endloop
  endfacet
  facet normal 0.869714 0.493557 0
    outer loop
      vertex 10.5007 -22.0014 18.3
      vertex 10.5419 -22.074 22.3
      vertex 10.5419 -22.074 18.3
    endloop
  endfacet
  facet normal 0.788061 -0.615598 0
    outer loop
      vertex 10.6345 -20.1873 22.3
      vertex 10.6859 -20.1215 18.3
      vertex 10.6859 -20.1215 22.3
    endloop
  endfacet
  facet normal 0.788061 -0.615598 0
    outer loop
      vertex 10.6859 -20.1215 18.3
      vertex 10.6345 -20.1873 22.3
      vertex 10.6345 -20.1873 18.3
    endloop
  endfacet
  facet normal 0.0743132 0.997235 -0
    outer loop
      vertex 11.9166 -22.898 18.3
      vertex 11.8334 -22.8918 22.3
      vertex 11.9166 -22.898 22.3
    endloop
  endfacet
  facet normal 0.0743132 0.997235 0
    outer loop
      vertex 11.8334 -22.8918 22.3
      vertex 11.9166 -22.898 18.3
      vertex 11.8334 -22.8918 18.3
    endloop
  endfacet
  facet normal 0.788061 0.615598 0
    outer loop
      vertex 10.6859 -22.2785 22.3
      vertex 10.6345 -22.2127 18.3
      vertex 10.6345 -22.2127 22.3
    endloop
  endfacet
  facet normal 0.788061 0.615598 0
    outer loop
      vertex 10.6345 -22.2127 18.3
      vertex 10.6859 -22.2785 22.3
      vertex 10.6859 -22.2785 18.3
    endloop
  endfacet
  facet normal -0.893467 0.449129 0
    outer loop
      vertex 13.4993 -22.0014 18.3
      vertex 13.5368 -21.9268 22.3
      vertex 13.5368 -21.9268 18.3
    endloop
  endfacet
  facet normal -0.893467 0.449129 0
    outer loop
      vertex 13.5368 -21.9268 22.3
      vertex 13.4993 -22.0014 18.3
      vertex 13.4993 -22.0014 22.3
    endloop
  endfacet
  facet normal 0.449129 -0.893467 0
    outer loop
      vertex 11.1986 -19.7007 18.3
      vertex 11.2732 -19.6632 22.3
      vertex 11.1986 -19.7007 22.3
    endloop
  endfacet
  facet normal 0.449129 -0.893467 0
    outer loop
      vertex 11.2732 -19.6632 22.3
      vertex 11.1986 -19.7007 18.3
      vertex 11.2732 -19.6632 18.3
    endloop
  endfacet
  facet normal 0.893467 -0.449129 0
    outer loop
      vertex 10.4632 -20.4732 22.3
      vertex 10.5007 -20.3986 18.3
      vertex 10.5007 -20.3986 22.3
    endloop
  endfacet
  facet normal 0.893467 -0.449129 0
    outer loop
      vertex 10.5007 -20.3986 18.3
      vertex 10.4632 -20.4732 22.3
      vertex 10.4632 -20.4732 18.3
    endloop
  endfacet
  facet normal 0.615598 0.788061 -0
    outer loop
      vertex 10.9873 -22.5655 18.3
      vertex 10.9215 -22.5141 22.3
      vertex 10.9873 -22.5655 22.3
    endloop
  endfacet
  facet normal 0.615598 0.788061 0
    outer loop
      vertex 10.9215 -22.5141 22.3
      vertex 10.9873 -22.5655 18.3
      vertex 10.9215 -22.5141 18.3
    endloop
  endfacet
  facet normal 0.405471 0.914108 -0
    outer loop
      vertex 11.3494 -22.7706 18.3
      vertex 11.2732 -22.7368 22.3
      vertex 11.3494 -22.7706 22.3
    endloop
  endfacet
  facet normal 0.405471 0.914108 0
    outer loop
      vertex 11.2732 -22.7368 22.3
      vertex 11.3494 -22.7706 18.3
      vertex 11.2732 -22.7368 18.3
    endloop
  endfacet
  facet normal 0.869714 0.493557 0
    outer loop
      vertex 10.5419 20.326 22.3
      vertex 10.5007 20.3986 18.3
      vertex 10.5007 20.3986 22.3
    endloop
  endfacet
  facet normal 0.869714 0.493557 0
    outer loop
      vertex 10.5007 20.3986 18.3
      vertex 10.5419 20.326 22.3
      vertex 10.5419 20.326 18.3
    endloop
  endfacet
  facet normal 0.405471 -0.914108 0
    outer loop
      vertex 11.2732 22.7368 18.3
      vertex 11.3494 22.7706 22.3
      vertex 11.2732 22.7368 22.3
    endloop
  endfacet
  facet normal 0.405471 -0.914108 0
    outer loop
      vertex 11.3494 22.7706 22.3
      vertex 11.2732 22.7368 18.3
      vertex 11.3494 22.7706 18.3
    endloop
  endfacet
  facet normal 0.575553 0.817765 -0
    outer loop
      vertex 11.0555 19.7865 18.3
      vertex 10.9873 19.8345 22.3
      vertex 11.0555 19.7865 22.3
    endloop
  endfacet
  facet normal 0.575553 0.817765 0
    outer loop
      vertex 10.9873 19.8345 22.3
      vertex 11.0555 19.7865 18.3
      vertex 10.9873 19.8345 18.3
    endloop
  endfacet
  facet normal -0.914108 0.405471 0
    outer loop
      vertex 13.5368 20.4732 18.3
      vertex 13.5706 20.5494 22.3
      vertex 13.5706 20.5494 18.3
    endloop
  endfacet
  facet normal -0.914108 0.405471 0
    outer loop
      vertex 13.5706 20.5494 22.3
      vertex 13.5368 20.4732 18.3
      vertex 13.5368 20.4732 22.3
    endloop
  endfacet
  facet normal 0.817765 0.575553 0
    outer loop
      vertex 10.6345 20.1873 22.3
      vertex 10.5865 20.2555 18.3
      vertex 10.5865 20.2555 22.3
    endloop
  endfacet
  facet normal 0.817765 0.575553 0
    outer loop
      vertex 10.5865 20.2555 18.3
      vertex 10.6345 20.1873 22.3
      vertex 10.6345 20.1873 18.3
    endloop
  endfacet
  facet normal -0.0239739 -0.999713 0
    outer loop
      vertex 12 22.9 18.3
      vertex 12.0834 22.898 22.3
      vertex 12 22.9 22.3
    endloop
  endfacet
  facet normal -0.0239739 -0.999713 -0
    outer loop
      vertex 12.0834 22.898 22.3
      vertex 12 22.9 18.3
      vertex 12.0834 22.898 18.3
    endloop
  endfacet
  facet normal 0.615598 0.788061 -0
    outer loop
      vertex 10.9873 19.8345 18.3
      vertex 10.9215 19.8859 22.3
      vertex 10.9873 19.8345 22.3
    endloop
  endfacet
  facet normal 0.615598 0.788061 0
    outer loop
      vertex 10.9215 19.8859 22.3
      vertex 10.9873 19.8345 18.3
      vertex 10.9215 19.8859 18.3
    endloop
  endfacet
  facet normal -0.0239739 0.999713 0
    outer loop
      vertex 12.0834 19.502 18.3
      vertex 12 19.5 22.3
      vertex 12.0834 19.502 22.3
    endloop
  endfacet
  facet normal -0.0239739 0.999713 0
    outer loop
      vertex 12 19.5 22.3
      vertex 12.0834 19.502 18.3
      vertex 12 19.5 18.3
    endloop
  endfacet
  facet normal -0.17119 -0.985238 0
    outer loop
      vertex 12.2494 22.8816 18.3
      vertex 12.3317 22.8673 22.3
      vertex 12.2494 22.8816 22.3
    endloop
  endfacet
  facet normal -0.17119 -0.985238 -0
    outer loop
      vertex 12.3317 22.8673 22.3
      vertex 12.2494 22.8816 18.3
      vertex 12.3317 22.8673 18.3
    endloop
  endfacet
  facet normal -0.997235 -0.0743132 0
    outer loop
      vertex 13.698 21.2834 18.3
      vertex 13.6918 21.3666 22.3
      vertex 13.6918 21.3666 18.3
    endloop
  endfacet
  facet normal -0.997235 -0.0743132 0
    outer loop
      vertex 13.6918 21.3666 22.3
      vertex 13.698 21.2834 18.3
      vertex 13.698 21.2834 22.3
    endloop
  endfacet
  facet normal -0.17119 0.985238 0
    outer loop
      vertex 12.3317 19.5327 18.3
      vertex 12.2494 19.5184 22.3
      vertex 12.3317 19.5327 22.3
    endloop
  endfacet
  facet normal -0.17119 0.985238 0
    outer loop
      vertex 12.2494 19.5184 22.3
      vertex 12.3317 19.5327 18.3
      vertex 12.2494 19.5184 18.3
    endloop
  endfacet
  facet normal -0.999713 0.0239739 0
    outer loop
      vertex 13.698 21.1166 18.3
      vertex 13.7 21.2 22.3
      vertex 13.7 21.2 18.3
    endloop
  endfacet
  facet normal -0.999713 0.0239739 0
    outer loop
      vertex 13.7 21.2 22.3
      vertex 13.698 21.1166 18.3
      vertex 13.698 21.1166 22.3
    endloop
  endfacet
  facet normal 0.757308 0.653058 0
    outer loop
      vertex 10.7404 20.0583 22.3
      vertex 10.6859 20.1215 18.3
      vertex 10.6859 20.1215 22.3
    endloop
  endfacet
  facet normal 0.757308 0.653058 0
    outer loop
      vertex 10.6859 20.1215 18.3
      vertex 10.7404 20.0583 22.3
      vertex 10.7404 20.0583 18.3
    endloop
  endfacet
  facet normal 0.689505 -0.724281 0
    outer loop
      vertex 10.7979 22.4021 18.3
      vertex 10.8583 22.4596 22.3
      vertex 10.7979 22.4021 22.3
    endloop
  endfacet
  facet normal 0.689505 -0.724281 0
    outer loop
      vertex 10.8583 22.4596 22.3
      vertex 10.7979 22.4021 18.3
      vertex 10.8583 22.4596 18.3
    endloop
  endfacet
  facet normal -0.757308 0.653058 0
    outer loop
      vertex 13.2596 20.0583 18.3
      vertex 13.3141 20.1215 22.3
      vertex 13.3141 20.1215 18.3
    endloop
  endfacet
  facet normal -0.757308 0.653058 0
    outer loop
      vertex 13.3141 20.1215 22.3
      vertex 13.2596 20.0583 18.3
      vertex 13.2596 20.0583 22.3
    endloop
  endfacet
  facet normal 0.817765 -0.575553 0
    outer loop
      vertex 10.5865 22.1445 22.3
      vertex 10.6345 22.2127 18.3
      vertex 10.6345 22.2127 22.3
    endloop
  endfacet
  facet normal 0.817765 -0.575553 0
    outer loop
      vertex 10.6345 22.2127 18.3
      vertex 10.5865 22.1445 22.3
      vertex 10.5865 22.1445 18.3
    endloop
  endfacet
  facet normal 0.963621 0.267273 0
    outer loop
      vertex 10.3732 20.7065 22.3
      vertex 10.3509 20.7869 18.3
      vertex 10.3509 20.7869 22.3
    endloop
  endfacet
  facet normal 0.963621 0.267273 0
    outer loop
      vertex 10.3509 20.7869 18.3
      vertex 10.3732 20.7065 22.3
      vertex 10.3732 20.7065 18.3
    endloop
  endfacet
  facet normal -0.963621 -0.267273 0
    outer loop
      vertex 13.6491 21.6131 18.3
      vertex 13.6268 21.6935 22.3
      vertex 13.6268 21.6935 18.3
    endloop
  endfacet
  facet normal -0.963621 -0.267273 0
    outer loop
      vertex 13.6268 21.6935 22.3
      vertex 13.6491 21.6131 18.3
      vertex 13.6491 21.6131 22.3
    endloop
  endfacet
  facet normal -0.575553 -0.817765 0
    outer loop
      vertex 12.9445 22.6135 18.3
      vertex 13.0127 22.5655 22.3
      vertex 12.9445 22.6135 22.3
    endloop
  endfacet
  facet normal -0.575553 -0.817765 -0
    outer loop
      vertex 13.0127 22.5655 22.3
      vertex 12.9445 22.6135 18.3
      vertex 13.0127 22.5655 18.3
    endloop
  endfacet
  facet normal -0.0743132 0.997235 0
    outer loop
      vertex 12.1666 19.5082 18.3
      vertex 12.0834 19.502 22.3
      vertex 12.1666 19.5082 22.3
    endloop
  endfacet
  facet normal -0.0743132 0.997235 0
    outer loop
      vertex 12.0834 19.502 22.3
      vertex 12.1666 19.5082 18.3
      vertex 12.0834 19.502 18.3
    endloop
  endfacet
  facet normal 0.122264 0.992498 -0
    outer loop
      vertex 11.8334 19.5082 18.3
      vertex 11.7506 19.5184 22.3
      vertex 11.8334 19.5082 22.3
    endloop
  endfacet
  facet normal 0.122264 0.992498 0
    outer loop
      vertex 11.7506 19.5184 22.3
      vertex 11.8334 19.5082 18.3
      vertex 11.7506 19.5184 18.3
    endloop
  endfacet
  facet normal -0.975904 -0.2182 0
    outer loop
      vertex 13.6673 21.5317 18.3
      vertex 13.6491 21.6131 22.3
      vertex 13.6491 21.6131 18.3
    endloop
  endfacet
  facet normal -0.975904 -0.2182 0
    outer loop
      vertex 13.6491 21.6131 22.3
      vertex 13.6673 21.5317 18.3
      vertex 13.6673 21.5317 22.3
    endloop
  endfacet
  facet normal -0.534624 -0.84509 0
    outer loop
      vertex 12.874 22.6581 18.3
      vertex 12.9445 22.6135 22.3
      vertex 12.874 22.6581 22.3
    endloop
  endfacet
  facet normal -0.534624 -0.84509 -0
    outer loop
      vertex 12.9445 22.6135 22.3
      vertex 12.874 22.6581 18.3
      vertex 12.9445 22.6135 18.3
    endloop
  endfacet
  facet normal -0.999713 -0.0239739 0
    outer loop
      vertex 13.7 21.2 18.3
      vertex 13.698 21.2834 22.3
      vertex 13.698 21.2834 18.3
    endloop
  endfacet
  facet normal -0.999713 -0.0239739 0
    outer loop
      vertex 13.698 21.2834 22.3
      vertex 13.7 21.2 18.3
      vertex 13.7 21.2 22.3
    endloop
  endfacet
  facet normal -0.84509 -0.534624 0
    outer loop
      vertex 13.4581 22.074 18.3
      vertex 13.4135 22.1445 22.3
      vertex 13.4135 22.1445 18.3
    endloop
  endfacet
  facet normal -0.84509 -0.534624 0
    outer loop
      vertex 13.4135 22.1445 22.3
      vertex 13.4581 22.074 18.3
      vertex 13.4581 22.074 22.3
    endloop
  endfacet
  facet normal 0.724281 -0.689505 0
    outer loop
      vertex 10.7404 22.3417 22.3
      vertex 10.7979 22.4021 18.3
      vertex 10.7979 22.4021 22.3
    endloop
  endfacet
  facet normal 0.724281 -0.689505 0
    outer loop
      vertex 10.7979 22.4021 18.3
      vertex 10.7404 22.3417 22.3
      vertex 10.7404 22.3417 18.3
    endloop
  endfacet
  facet normal 0.757308 -0.653058 0
    outer loop
      vertex 10.6859 22.2785 22.3
      vertex 10.7404 22.3417 18.3
      vertex 10.7404 22.3417 22.3
    endloop
  endfacet
  facet normal 0.757308 -0.653058 0
    outer loop
      vertex 10.7404 22.3417 18.3
      vertex 10.6859 22.2785 22.3
      vertex 10.6859 22.2785 18.3
    endloop
  endfacet
  facet normal -0.757308 -0.653058 0
    outer loop
      vertex 13.3141 22.2785 18.3
      vertex 13.2596 22.3417 22.3
      vertex 13.2596 22.3417 18.3
    endloop
  endfacet
  facet normal -0.757308 -0.653058 0
    outer loop
      vertex 13.2596 22.3417 22.3
      vertex 13.3141 22.2785 18.3
      vertex 13.3141 22.2785 22.3
    endloop
  endfacet
  facet normal -0.689505 0.724281 0
    outer loop
      vertex 13.2021 19.9979 18.3
      vertex 13.1417 19.9404 22.3
      vertex 13.2021 19.9979 22.3
    endloop
  endfacet
  facet normal -0.689505 0.724281 0
    outer loop
      vertex 13.1417 19.9404 22.3
      vertex 13.2021 19.9979 18.3
      vertex 13.1417 19.9404 18.3
    endloop
  endfacet
  facet normal 0.914108 -0.405471 0
    outer loop
      vertex 10.4294 21.8506 22.3
      vertex 10.4632 21.9268 18.3
      vertex 10.4632 21.9268 22.3
    endloop
  endfacet
  facet normal 0.914108 -0.405471 0
    outer loop
      vertex 10.4632 21.9268 18.3
      vertex 10.4294 21.8506 22.3
      vertex 10.4294 21.8506 18.3
    endloop
  endfacet
  facet normal -0.575553 0.817765 0
    outer loop
      vertex 13.0127 19.8345 18.3
      vertex 12.9445 19.7865 22.3
      vertex 13.0127 19.8345 22.3
    endloop
  endfacet
  facet normal -0.575553 0.817765 0
    outer loop
      vertex 12.9445 19.7865 22.3
      vertex 13.0127 19.8345 18.3
      vertex 12.9445 19.7865 18.3
    endloop
  endfacet
  facet normal -0.992498 -0.122264 0
    outer loop
      vertex 13.6918 21.3666 18.3
      vertex 13.6816 21.4494 22.3
      vertex 13.6816 21.4494 18.3
    endloop
  endfacet
  facet normal -0.992498 -0.122264 0
    outer loop
      vertex 13.6816 21.4494 22.3
      vertex 13.6918 21.3666 18.3
      vertex 13.6918 21.3666 22.3
    endloop
  endfacet
  facet normal 0.493557 0.869714 -0
    outer loop
      vertex 11.1986 19.7007 18.3
      vertex 11.126 19.7419 22.3
      vertex 11.1986 19.7007 22.3
    endloop
  endfacet
  facet normal 0.493557 0.869714 0
    outer loop
      vertex 11.126 19.7419 22.3
      vertex 11.1986 19.7007 18.3
      vertex 11.126 19.7419 18.3
    endloop
  endfacet
  facet normal -0.992498 0.122264 0
    outer loop
      vertex 13.6816 20.9506 18.3
      vertex 13.6918 21.0334 22.3
      vertex 13.6918 21.0334 18.3
    endloop
  endfacet
  facet normal -0.992498 0.122264 0
    outer loop
      vertex 13.6918 21.0334 22.3
      vertex 13.6816 20.9506 18.3
      vertex 13.6816 20.9506 22.3
    endloop
  endfacet
  facet normal -0.817765 -0.575553 0
    outer loop
      vertex 13.4135 22.1445 18.3
      vertex 13.3655 22.2127 22.3
      vertex 13.3655 22.2127 18.3
    endloop
  endfacet
  facet normal -0.817765 -0.575553 0
    outer loop
      vertex 13.3655 22.2127 22.3
      vertex 13.4135 22.1445 18.3
      vertex 13.4135 22.1445 22.3
    endloop
  endfacet
  facet normal -0.534624 0.84509 0
    outer loop
      vertex 12.9445 19.7865 18.3
      vertex 12.874 19.7419 22.3
      vertex 12.9445 19.7865 22.3
    endloop
  endfacet
  facet normal -0.534624 0.84509 0
    outer loop
      vertex 12.874 19.7419 22.3
      vertex 12.9445 19.7865 18.3
      vertex 12.874 19.7419 18.3
    endloop
  endfacet
  facet normal 0.893467 0.449129 0
    outer loop
      vertex 10.5007 20.3986 22.3
      vertex 10.4632 20.4732 18.3
      vertex 10.4632 20.4732 22.3
    endloop
  endfacet
  facet normal 0.893467 0.449129 0
    outer loop
      vertex 10.4632 20.4732 18.3
      vertex 10.5007 20.3986 22.3
      vertex 10.5007 20.3986 18.3
    endloop
  endfacet
  facet normal 0.869714 -0.493557 0
    outer loop
      vertex 10.5007 22.0014 22.3
      vertex 10.5419 22.074 18.3
      vertex 10.5419 22.074 22.3
    endloop
  endfacet
  facet normal 0.869714 -0.493557 0
    outer loop
      vertex 10.5419 22.074 18.3
      vertex 10.5007 22.0014 22.3
      vertex 10.5007 22.0014 18.3
    endloop
  endfacet
  facet normal -0.689505 -0.724281 0
    outer loop
      vertex 13.1417 22.4596 18.3
      vertex 13.2021 22.4021 22.3
      vertex 13.1417 22.4596 22.3
    endloop
  endfacet
  facet normal -0.689505 -0.724281 -0
    outer loop
      vertex 13.2021 22.4021 22.3
      vertex 13.1417 22.4596 18.3
      vertex 13.2021 22.4021 18.3
    endloop
  endfacet
  facet normal 0.2182 -0.975904 0
    outer loop
      vertex 11.5869 22.8491 18.3
      vertex 11.6683 22.8673 22.3
      vertex 11.5869 22.8491 22.3
    endloop
  endfacet
  facet normal 0.2182 -0.975904 0
    outer loop
      vertex 11.6683 22.8673 22.3
      vertex 11.5869 22.8491 18.3
      vertex 11.6683 22.8673 18.3
    endloop
  endfacet
  facet normal 0.992498 -0.122264 0
    outer loop
      vertex 10.3082 21.3666 22.3
      vertex 10.3184 21.4494 18.3
      vertex 10.3184 21.4494 22.3
    endloop
  endfacet
  facet normal 0.992498 -0.122264 0
    outer loop
      vertex 10.3184 21.4494 18.3
      vertex 10.3082 21.3666 22.3
      vertex 10.3082 21.3666 18.3
    endloop
  endfacet
  facet normal 0.314069 -0.9494 0
    outer loop
      vertex 11.4273 22.8006 18.3
      vertex 11.5065 22.8268 22.3
      vertex 11.4273 22.8006 22.3
    endloop
  endfacet
  facet normal 0.314069 -0.9494 0
    outer loop
      vertex 11.5065 22.8268 22.3
      vertex 11.4273 22.8006 18.3
      vertex 11.5065 22.8268 18.3
    endloop
  endfacet
  facet normal -0.963621 0.267273 0
    outer loop
      vertex 13.6268 20.7065 18.3
      vertex 13.6491 20.7869 22.3
      vertex 13.6491 20.7869 18.3
    endloop
  endfacet
  facet normal -0.963621 0.267273 0
    outer loop
      vertex 13.6491 20.7869 22.3
      vertex 13.6268 20.7065 18.3
      vertex 13.6268 20.7065 22.3
    endloop
  endfacet
  facet normal -0.997235 0.0743132 0
    outer loop
      vertex 13.6918 21.0334 18.3
      vertex 13.698 21.1166 22.3
      vertex 13.698 21.1166 18.3
    endloop
  endfacet
  facet normal -0.997235 0.0743132 0
    outer loop
      vertex 13.698 21.1166 22.3
      vertex 13.6918 21.0334 18.3
      vertex 13.6918 21.0334 22.3
    endloop
  endfacet
  facet normal -0.122264 0.992498 0
    outer loop
      vertex 12.2494 19.5184 18.3
      vertex 12.1666 19.5082 22.3
      vertex 12.2494 19.5184 22.3
    endloop
  endfacet
  facet normal -0.122264 0.992498 0
    outer loop
      vertex 12.1666 19.5082 22.3
      vertex 12.2494 19.5184 18.3
      vertex 12.1666 19.5082 18.3
    endloop
  endfacet
  facet normal -0.267273 0.963621 0
    outer loop
      vertex 12.4935 19.5732 18.3
      vertex 12.4131 19.5509 22.3
      vertex 12.4935 19.5732 22.3
    endloop
  endfacet
  facet normal -0.267273 0.963621 0
    outer loop
      vertex 12.4131 19.5509 22.3
      vertex 12.4935 19.5732 18.3
      vertex 12.4131 19.5509 18.3
    endloop
  endfacet
  facet normal 0.9494 0.314069 0
    outer loop
      vertex 10.3994 20.6273 22.3
      vertex 10.3732 20.7065 18.3
      vertex 10.3732 20.7065 22.3
    endloop
  endfacet
  facet normal 0.9494 0.314069 0
    outer loop
      vertex 10.3732 20.7065 18.3
      vertex 10.3994 20.6273 22.3
      vertex 10.3994 20.6273 18.3
    endloop
  endfacet
  facet normal 0.35938 -0.933191 0
    outer loop
      vertex 11.3494 22.7706 18.3
      vertex 11.4273 22.8006 22.3
      vertex 11.3494 22.7706 22.3
    endloop
  endfacet
  facet normal 0.35938 -0.933191 0
    outer loop
      vertex 11.4273 22.8006 22.3
      vertex 11.3494 22.7706 18.3
      vertex 11.4273 22.8006 18.3
    endloop
  endfacet
  facet normal -0.724281 -0.689505 0
    outer loop
      vertex 13.2596 22.3417 18.3
      vertex 13.2021 22.4021 22.3
      vertex 13.2021 22.4021 18.3
    endloop
  endfacet
  facet normal -0.724281 -0.689505 0
    outer loop
      vertex 13.2021 22.4021 22.3
      vertex 13.2596 22.3417 18.3
      vertex 13.2596 22.3417 22.3
    endloop
  endfacet
  facet normal -0.314069 -0.9494 0
    outer loop
      vertex 12.4935 22.8268 18.3
      vertex 12.5727 22.8006 22.3
      vertex 12.4935 22.8268 22.3
    endloop
  endfacet
  facet normal -0.314069 -0.9494 -0
    outer loop
      vertex 12.5727 22.8006 22.3
      vertex 12.4935 22.8268 18.3
      vertex 12.5727 22.8006 18.3
    endloop
  endfacet
  facet normal -0.405471 -0.914108 0
    outer loop
      vertex 12.6506 22.7706 18.3
      vertex 12.7268 22.7368 22.3
      vertex 12.6506 22.7706 22.3
    endloop
  endfacet
  facet normal -0.405471 -0.914108 -0
    outer loop
      vertex 12.7268 22.7368 22.3
      vertex 12.6506 22.7706 18.3
      vertex 12.7268 22.7368 18.3
    endloop
  endfacet
  facet normal -0.0743132 -0.997235 0
    outer loop
      vertex 12.0834 22.898 18.3
      vertex 12.1666 22.8918 22.3
      vertex 12.0834 22.898 22.3
    endloop
  endfacet
  facet normal -0.0743132 -0.997235 -0
    outer loop
      vertex 12.1666 22.8918 22.3
      vertex 12.0834 22.898 18.3
      vertex 12.1666 22.8918 18.3
    endloop
  endfacet
  facet normal -0.405471 0.914108 0
    outer loop
      vertex 12.7268 19.6632 18.3
      vertex 12.6506 19.6294 22.3
      vertex 12.7268 19.6632 22.3
    endloop
  endfacet
  facet normal -0.405471 0.914108 0
    outer loop
      vertex 12.6506 19.6294 22.3
      vertex 12.7268 19.6632 18.3
      vertex 12.6506 19.6294 18.3
    endloop
  endfacet
  facet normal -0.985238 0.17119 0
    outer loop
      vertex 13.6673 20.8683 18.3
      vertex 13.6816 20.9506 22.3
      vertex 13.6816 20.9506 18.3
    endloop
  endfacet
  facet normal -0.985238 0.17119 0
    outer loop
      vertex 13.6816 20.9506 22.3
      vertex 13.6673 20.8683 18.3
      vertex 13.6673 20.8683 22.3
    endloop
  endfacet
  facet normal 0.999713 -0.0239739 0
    outer loop
      vertex 10.3 21.2 22.3
      vertex 10.302 21.2834 18.3
      vertex 10.302 21.2834 22.3
    endloop
  endfacet
  facet normal 0.999713 -0.0239739 0
    outer loop
      vertex 10.302 21.2834 18.3
      vertex 10.3 21.2 22.3
      vertex 10.3 21.2 18.3
    endloop
  endfacet
  facet normal -0.817765 0.575553 0
    outer loop
      vertex 13.3655 20.1873 18.3
      vertex 13.4135 20.2555 22.3
      vertex 13.4135 20.2555 18.3
    endloop
  endfacet
  facet normal -0.817765 0.575553 0
    outer loop
      vertex 13.4135 20.2555 22.3
      vertex 13.3655 20.1873 18.3
      vertex 13.3655 20.1873 22.3
    endloop
  endfacet
  facet normal 0.689505 0.724281 -0
    outer loop
      vertex 10.8583 19.9404 18.3
      vertex 10.7979 19.9979 22.3
      vertex 10.8583 19.9404 22.3
    endloop
  endfacet
  facet normal 0.689505 0.724281 0
    outer loop
      vertex 10.7979 19.9979 22.3
      vertex 10.8583 19.9404 18.3
      vertex 10.7979 19.9979 18.3
    endloop
  endfacet
  facet normal 0.534624 -0.84509 0
    outer loop
      vertex 11.0555 22.6135 18.3
      vertex 11.126 22.6581 22.3
      vertex 11.0555 22.6135 22.3
    endloop
  endfacet
  facet normal 0.534624 -0.84509 0
    outer loop
      vertex 11.126 22.6581 22.3
      vertex 11.0555 22.6135 18.3
      vertex 11.126 22.6581 18.3
    endloop
  endfacet
  facet normal 0.17119 0.985238 -0
    outer loop
      vertex 11.7506 19.5184 18.3
      vertex 11.6683 19.5327 22.3
      vertex 11.7506 19.5184 22.3
    endloop
  endfacet
  facet normal 0.17119 0.985238 0
    outer loop
      vertex 11.6683 19.5327 22.3
      vertex 11.7506 19.5184 18.3
      vertex 11.6683 19.5327 18.3
    endloop
  endfacet
  facet normal 0.985238 -0.17119 0
    outer loop
      vertex 10.3184 21.4494 22.3
      vertex 10.3327 21.5317 18.3
      vertex 10.3327 21.5317 22.3
    endloop
  endfacet
  facet normal 0.985238 -0.17119 0
    outer loop
      vertex 10.3327 21.5317 18.3
      vertex 10.3184 21.4494 22.3
      vertex 10.3184 21.4494 18.3
    endloop
  endfacet
  facet normal -0.788061 -0.615598 0
    outer loop
      vertex 13.3655 22.2127 18.3
      vertex 13.3141 22.2785 22.3
      vertex 13.3141 22.2785 18.3
    endloop
  endfacet
  facet normal -0.788061 -0.615598 0
    outer loop
      vertex 13.3141 22.2785 22.3
      vertex 13.3655 22.2127 18.3
      vertex 13.3655 22.2127 22.3
    endloop
  endfacet
  facet normal -0.615598 -0.788061 0
    outer loop
      vertex 13.0127 22.5655 18.3
      vertex 13.0785 22.5141 22.3
      vertex 13.0127 22.5655 22.3
    endloop
  endfacet
  facet normal -0.615598 -0.788061 -0
    outer loop
      vertex 13.0785 22.5141 22.3
      vertex 13.0127 22.5655 18.3
      vertex 13.0785 22.5141 18.3
    endloop
  endfacet
  facet normal 0.84509 0.534624 0
    outer loop
      vertex 10.5865 20.2555 22.3
      vertex 10.5419 20.326 18.3
      vertex 10.5419 20.326 22.3
    endloop
  endfacet
  facet normal 0.84509 0.534624 0
    outer loop
      vertex 10.5419 20.326 18.3
      vertex 10.5865 20.2555 22.3
      vertex 10.5865 20.2555 18.3
    endloop
  endfacet
  facet normal 0.575553 -0.817765 0
    outer loop
      vertex 10.9873 22.5655 18.3
      vertex 11.0555 22.6135 22.3
      vertex 10.9873 22.5655 22.3
    endloop
  endfacet
  facet normal 0.575553 -0.817765 0
    outer loop
      vertex 11.0555 22.6135 22.3
      vertex 10.9873 22.5655 18.3
      vertex 11.0555 22.6135 18.3
    endloop
  endfacet
  facet normal -0.9494 -0.314069 0
    outer loop
      vertex 13.6268 21.6935 18.3
      vertex 13.6006 21.7727 22.3
      vertex 13.6006 21.7727 18.3
    endloop
  endfacet
  facet normal -0.9494 -0.314069 0
    outer loop
      vertex 13.6006 21.7727 22.3
      vertex 13.6268 21.6935 18.3
      vertex 13.6268 21.6935 22.3
    endloop
  endfacet
  facet normal 0.449129 0.893467 -0
    outer loop
      vertex 11.2732 19.6632 18.3
      vertex 11.1986 19.7007 22.3
      vertex 11.2732 19.6632 22.3
    endloop
  endfacet
  facet normal 0.449129 0.893467 0
    outer loop
      vertex 11.1986 19.7007 22.3
      vertex 11.2732 19.6632 18.3
      vertex 11.1986 19.7007 18.3
    endloop
  endfacet
  facet normal -0.985238 -0.17119 0
    outer loop
      vertex 13.6816 21.4494 18.3
      vertex 13.6673 21.5317 22.3
      vertex 13.6673 21.5317 18.3
    endloop
  endfacet
  facet normal -0.985238 -0.17119 0
    outer loop
      vertex 13.6673 21.5317 22.3
      vertex 13.6816 21.4494 18.3
      vertex 13.6816 21.4494 22.3
    endloop
  endfacet
  facet normal -0.122264 -0.992498 0
    outer loop
      vertex 12.1666 22.8918 18.3
      vertex 12.2494 22.8816 22.3
      vertex 12.1666 22.8918 22.3
    endloop
  endfacet
  facet normal -0.122264 -0.992498 -0
    outer loop
      vertex 12.2494 22.8816 22.3
      vertex 12.1666 22.8918 18.3
      vertex 12.2494 22.8816 18.3
    endloop
  endfacet
  facet normal -0.653058 0.757308 0
    outer loop
      vertex 13.1417 19.9404 18.3
      vertex 13.0785 19.8859 22.3
      vertex 13.1417 19.9404 22.3
    endloop
  endfacet
  facet normal -0.653058 0.757308 0
    outer loop
      vertex 13.0785 19.8859 22.3
      vertex 13.1417 19.9404 18.3
      vertex 13.0785 19.8859 18.3
    endloop
  endfacet
  facet normal -0.893467 -0.449129 0
    outer loop
      vertex 13.5368 21.9268 18.3
      vertex 13.4993 22.0014 22.3
      vertex 13.4993 22.0014 18.3
    endloop
  endfacet
  facet normal -0.893467 -0.449129 0
    outer loop
      vertex 13.4993 22.0014 22.3
      vertex 13.5368 21.9268 18.3
      vertex 13.5368 21.9268 22.3
    endloop
  endfacet
  facet normal 0.985238 0.17119 0
    outer loop
      vertex 10.3327 20.8683 22.3
      vertex 10.3184 20.9506 18.3
      vertex 10.3184 20.9506 22.3
    endloop
  endfacet
  facet normal 0.985238 0.17119 0
    outer loop
      vertex 10.3184 20.9506 18.3
      vertex 10.3327 20.8683 22.3
      vertex 10.3327 20.8683 18.3
    endloop
  endfacet
  facet normal -0.314069 0.9494 0
    outer loop
      vertex 12.5727 19.5994 18.3
      vertex 12.4935 19.5732 22.3
      vertex 12.5727 19.5994 22.3
    endloop
  endfacet
  facet normal -0.314069 0.9494 0
    outer loop
      vertex 12.4935 19.5732 22.3
      vertex 12.5727 19.5994 18.3
      vertex 12.4935 19.5732 18.3
    endloop
  endfacet
  facet normal -0.869714 -0.493557 0
    outer loop
      vertex 13.4993 22.0014 18.3
      vertex 13.4581 22.074 22.3
      vertex 13.4581 22.074 18.3
    endloop
  endfacet
  facet normal -0.869714 -0.493557 0
    outer loop
      vertex 13.4581 22.074 22.3
      vertex 13.4993 22.0014 18.3
      vertex 13.4993 22.0014 22.3
    endloop
  endfacet
  facet normal 0.997235 -0.0743132 0
    outer loop
      vertex 10.302 21.2834 22.3
      vertex 10.3082 21.3666 18.3
      vertex 10.3082 21.3666 22.3
    endloop
  endfacet
  facet normal 0.997235 -0.0743132 0
    outer loop
      vertex 10.3082 21.3666 18.3
      vertex 10.302 21.2834 22.3
      vertex 10.302 21.2834 18.3
    endloop
  endfacet
  facet normal 0.914108 0.405471 0
    outer loop
      vertex 10.4632 20.4732 22.3
      vertex 10.4294 20.5494 18.3
      vertex 10.4294 20.5494 22.3
    endloop
  endfacet
  facet normal 0.914108 0.405471 0
    outer loop
      vertex 10.4294 20.5494 18.3
      vertex 10.4632 20.4732 22.3
      vertex 10.4632 20.4732 18.3
    endloop
  endfacet
  facet normal -0.788061 0.615598 0
    outer loop
      vertex 13.3141 20.1215 18.3
      vertex 13.3655 20.1873 22.3
      vertex 13.3655 20.1873 18.3
    endloop
  endfacet
  facet normal -0.788061 0.615598 0
    outer loop
      vertex 13.3655 20.1873 22.3
      vertex 13.3141 20.1215 18.3
      vertex 13.3141 20.1215 22.3
    endloop
  endfacet
  facet normal 0.963621 -0.267273 0
    outer loop
      vertex 10.3509 21.6131 22.3
      vertex 10.3732 21.6935 18.3
      vertex 10.3732 21.6935 22.3
    endloop
  endfacet
  facet normal 0.963621 -0.267273 0
    outer loop
      vertex 10.3732 21.6935 18.3
      vertex 10.3509 21.6131 22.3
      vertex 10.3509 21.6131 18.3
    endloop
  endfacet
  facet normal 0.615598 -0.788061 0
    outer loop
      vertex 10.9215 22.5141 18.3
      vertex 10.9873 22.5655 22.3
      vertex 10.9215 22.5141 22.3
    endloop
  endfacet
  facet normal 0.615598 -0.788061 0
    outer loop
      vertex 10.9873 22.5655 22.3
      vertex 10.9215 22.5141 18.3
      vertex 10.9873 22.5655 18.3
    endloop
  endfacet
  facet normal 0.992498 0.122264 0
    outer loop
      vertex 10.3184 20.9506 22.3
      vertex 10.3082 21.0334 18.3
      vertex 10.3082 21.0334 22.3
    endloop
  endfacet
  facet normal 0.992498 0.122264 0
    outer loop
      vertex 10.3082 21.0334 18.3
      vertex 10.3184 20.9506 22.3
      vertex 10.3184 20.9506 18.3
    endloop
  endfacet
  facet normal -0.35938 -0.933191 0
    outer loop
      vertex 12.5727 22.8006 18.3
      vertex 12.6506 22.7706 22.3
      vertex 12.5727 22.8006 22.3
    endloop
  endfacet
  facet normal -0.35938 -0.933191 -0
    outer loop
      vertex 12.6506 22.7706 22.3
      vertex 12.5727 22.8006 18.3
      vertex 12.6506 22.7706 18.3
    endloop
  endfacet
  facet normal 0.122264 -0.992498 0
    outer loop
      vertex 11.7506 22.8816 18.3
      vertex 11.8334 22.8918 22.3
      vertex 11.7506 22.8816 22.3
    endloop
  endfacet
  facet normal 0.122264 -0.992498 0
    outer loop
      vertex 11.8334 22.8918 22.3
      vertex 11.7506 22.8816 18.3
      vertex 11.8334 22.8918 18.3
    endloop
  endfacet
  facet normal 0.0743132 -0.997235 0
    outer loop
      vertex 11.8334 22.8918 18.3
      vertex 11.9166 22.898 22.3
      vertex 11.8334 22.8918 22.3
    endloop
  endfacet
  facet normal 0.0743132 -0.997235 0
    outer loop
      vertex 11.9166 22.898 22.3
      vertex 11.8334 22.8918 18.3
      vertex 11.9166 22.898 18.3
    endloop
  endfacet
  facet normal 0.653058 -0.757308 0
    outer loop
      vertex 10.8583 22.4596 18.3
      vertex 10.9215 22.5141 22.3
      vertex 10.8583 22.4596 22.3
    endloop
  endfacet
  facet normal 0.653058 -0.757308 0
    outer loop
      vertex 10.9215 22.5141 22.3
      vertex 10.8583 22.4596 18.3
      vertex 10.9215 22.5141 18.3
    endloop
  endfacet
  facet normal -0.914108 -0.405471 0
    outer loop
      vertex 13.5706 21.8506 18.3
      vertex 13.5368 21.9268 22.3
      vertex 13.5368 21.9268 18.3
    endloop
  endfacet
  facet normal -0.914108 -0.405471 0
    outer loop
      vertex 13.5368 21.9268 22.3
      vertex 13.5706 21.8506 18.3
      vertex 13.5706 21.8506 22.3
    endloop
  endfacet
  facet normal -0.653058 -0.757308 0
    outer loop
      vertex 13.0785 22.5141 18.3
      vertex 13.1417 22.4596 22.3
      vertex 13.0785 22.5141 22.3
    endloop
  endfacet
  facet normal -0.653058 -0.757308 -0
    outer loop
      vertex 13.1417 22.4596 22.3
      vertex 13.0785 22.5141 18.3
      vertex 13.1417 22.4596 18.3
    endloop
  endfacet
  facet normal 0.267273 0.963621 -0
    outer loop
      vertex 11.5869 19.5509 18.3
      vertex 11.5065 19.5732 22.3
      vertex 11.5869 19.5509 22.3
    endloop
  endfacet
  facet normal 0.267273 0.963621 0
    outer loop
      vertex 11.5065 19.5732 22.3
      vertex 11.5869 19.5509 18.3
      vertex 11.5065 19.5732 18.3
    endloop
  endfacet
  facet normal -0.869714 0.493557 0
    outer loop
      vertex 13.4581 20.326 18.3
      vertex 13.4993 20.3986 22.3
      vertex 13.4993 20.3986 18.3
    endloop
  endfacet
  facet normal -0.869714 0.493557 0
    outer loop
      vertex 13.4993 20.3986 22.3
      vertex 13.4581 20.326 18.3
      vertex 13.4581 20.326 22.3
    endloop
  endfacet
  facet normal -0.493557 0.869714 0
    outer loop
      vertex 12.874 19.7419 18.3
      vertex 12.8014 19.7007 22.3
      vertex 12.874 19.7419 22.3
    endloop
  endfacet
  facet normal -0.493557 0.869714 0
    outer loop
      vertex 12.8014 19.7007 22.3
      vertex 12.874 19.7419 18.3
      vertex 12.8014 19.7007 18.3
    endloop
  endfacet
  facet normal -0.2182 0.975904 0
    outer loop
      vertex 12.4131 19.5509 18.3
      vertex 12.3317 19.5327 22.3
      vertex 12.4131 19.5509 22.3
    endloop
  endfacet
  facet normal -0.2182 0.975904 0
    outer loop
      vertex 12.3317 19.5327 22.3
      vertex 12.4131 19.5509 18.3
      vertex 12.3317 19.5327 18.3
    endloop
  endfacet
  facet normal -0.615598 0.788061 0
    outer loop
      vertex 13.0785 19.8859 18.3
      vertex 13.0127 19.8345 22.3
      vertex 13.0785 19.8859 22.3
    endloop
  endfacet
  facet normal -0.615598 0.788061 0
    outer loop
      vertex 13.0127 19.8345 22.3
      vertex 13.0785 19.8859 18.3
      vertex 13.0127 19.8345 18.3
    endloop
  endfacet
  facet normal 0.17119 -0.985238 0
    outer loop
      vertex 11.6683 22.8673 18.3
      vertex 11.7506 22.8816 22.3
      vertex 11.6683 22.8673 22.3
    endloop
  endfacet
  facet normal 0.17119 -0.985238 0
    outer loop
      vertex 11.7506 22.8816 22.3
      vertex 11.6683 22.8673 18.3
      vertex 11.7506 22.8816 18.3
    endloop
  endfacet
  facet normal 0.84509 -0.534624 0
    outer loop
      vertex 10.5419 22.074 22.3
      vertex 10.5865 22.1445 18.3
      vertex 10.5865 22.1445 22.3
    endloop
  endfacet
  facet normal 0.84509 -0.534624 0
    outer loop
      vertex 10.5865 22.1445 18.3
      vertex 10.5419 22.074 22.3
      vertex 10.5419 22.074 18.3
    endloop
  endfacet
  facet normal 0.933191 0.35938 0
    outer loop
      vertex 10.4294 20.5494 22.3
      vertex 10.3994 20.6273 18.3
      vertex 10.3994 20.6273 22.3
    endloop
  endfacet
  facet normal 0.933191 0.35938 0
    outer loop
      vertex 10.3994 20.6273 18.3
      vertex 10.4294 20.5494 22.3
      vertex 10.4294 20.5494 18.3
    endloop
  endfacet
  facet normal -0.35938 0.933191 0
    outer loop
      vertex 12.6506 19.6294 18.3
      vertex 12.5727 19.5994 22.3
      vertex 12.6506 19.6294 22.3
    endloop
  endfacet
  facet normal -0.35938 0.933191 0
    outer loop
      vertex 12.5727 19.5994 22.3
      vertex 12.6506 19.6294 18.3
      vertex 12.5727 19.5994 18.3
    endloop
  endfacet
  facet normal 0.9494 -0.314069 0
    outer loop
      vertex 10.3732 21.6935 22.3
      vertex 10.3994 21.7727 18.3
      vertex 10.3994 21.7727 22.3
    endloop
  endfacet
  facet normal 0.9494 -0.314069 0
    outer loop
      vertex 10.3994 21.7727 18.3
      vertex 10.3732 21.6935 22.3
      vertex 10.3732 21.6935 18.3
    endloop
  endfacet
  facet normal -0.2182 -0.975904 0
    outer loop
      vertex 12.3317 22.8673 18.3
      vertex 12.4131 22.8491 22.3
      vertex 12.3317 22.8673 22.3
    endloop
  endfacet
  facet normal -0.2182 -0.975904 -0
    outer loop
      vertex 12.4131 22.8491 22.3
      vertex 12.3317 22.8673 18.3
      vertex 12.4131 22.8491 18.3
    endloop
  endfacet
  facet normal 0.997235 0.0743132 0
    outer loop
      vertex 10.3082 21.0334 22.3
      vertex 10.302 21.1166 18.3
      vertex 10.302 21.1166 22.3
    endloop
  endfacet
  facet normal 0.997235 0.0743132 0
    outer loop
      vertex 10.302 21.1166 18.3
      vertex 10.3082 21.0334 22.3
      vertex 10.3082 21.0334 18.3
    endloop
  endfacet
  facet normal -0.724281 0.689505 0
    outer loop
      vertex 13.2021 19.9979 18.3
      vertex 13.2596 20.0583 22.3
      vertex 13.2596 20.0583 18.3
    endloop
  endfacet
  facet normal -0.724281 0.689505 0
    outer loop
      vertex 13.2596 20.0583 22.3
      vertex 13.2021 19.9979 18.3
      vertex 13.2021 19.9979 22.3
    endloop
  endfacet
  facet normal 0.975904 -0.2182 0
    outer loop
      vertex 10.3327 21.5317 22.3
      vertex 10.3509 21.6131 18.3
      vertex 10.3509 21.6131 22.3
    endloop
  endfacet
  facet normal 0.975904 -0.2182 0
    outer loop
      vertex 10.3509 21.6131 18.3
      vertex 10.3327 21.5317 22.3
      vertex 10.3327 21.5317 18.3
    endloop
  endfacet
  facet normal 0.933191 -0.35938 0
    outer loop
      vertex 10.3994 21.7727 22.3
      vertex 10.4294 21.8506 18.3
      vertex 10.4294 21.8506 22.3
    endloop
  endfacet
  facet normal 0.933191 -0.35938 0
    outer loop
      vertex 10.4294 21.8506 18.3
      vertex 10.3994 21.7727 22.3
      vertex 10.3994 21.7727 18.3
    endloop
  endfacet
  facet normal 0.493557 -0.869714 0
    outer loop
      vertex 11.126 22.6581 18.3
      vertex 11.1986 22.6993 22.3
      vertex 11.126 22.6581 22.3
    endloop
  endfacet
  facet normal 0.493557 -0.869714 0
    outer loop
      vertex 11.1986 22.6993 22.3
      vertex 11.126 22.6581 18.3
      vertex 11.1986 22.6993 18.3
    endloop
  endfacet
  facet normal -0.449129 0.893467 0
    outer loop
      vertex 12.8014 19.7007 18.3
      vertex 12.7268 19.6632 22.3
      vertex 12.8014 19.7007 22.3
    endloop
  endfacet
  facet normal -0.449129 0.893467 0
    outer loop
      vertex 12.7268 19.6632 22.3
      vertex 12.8014 19.7007 18.3
      vertex 12.7268 19.6632 18.3
    endloop
  endfacet
  facet normal 0.35938 0.933191 -0
    outer loop
      vertex 11.4273 19.5994 18.3
      vertex 11.3494 19.6294 22.3
      vertex 11.4273 19.5994 22.3
    endloop
  endfacet
  facet normal 0.35938 0.933191 0
    outer loop
      vertex 11.3494 19.6294 22.3
      vertex 11.4273 19.5994 18.3
      vertex 11.3494 19.6294 18.3
    endloop
  endfacet
  facet normal 0.724281 0.689505 0
    outer loop
      vertex 10.7979 19.9979 22.3
      vertex 10.7404 20.0583 18.3
      vertex 10.7404 20.0583 22.3
    endloop
  endfacet
  facet normal 0.724281 0.689505 0
    outer loop
      vertex 10.7404 20.0583 18.3
      vertex 10.7979 19.9979 22.3
      vertex 10.7979 19.9979 18.3
    endloop
  endfacet
  facet normal 0.0239739 -0.999713 0
    outer loop
      vertex 11.9166 22.898 18.3
      vertex 12 22.9 22.3
      vertex 11.9166 22.898 22.3
    endloop
  endfacet
  facet normal 0.0239739 -0.999713 0
    outer loop
      vertex 12 22.9 22.3
      vertex 11.9166 22.898 18.3
      vertex 12 22.9 18.3
    endloop
  endfacet
  facet normal -0.267273 -0.963621 0
    outer loop
      vertex 12.4131 22.8491 18.3
      vertex 12.4935 22.8268 22.3
      vertex 12.4131 22.8491 22.3
    endloop
  endfacet
  facet normal -0.267273 -0.963621 -0
    outer loop
      vertex 12.4935 22.8268 22.3
      vertex 12.4131 22.8491 18.3
      vertex 12.4935 22.8268 18.3
    endloop
  endfacet
  facet normal -0.975904 0.2182 0
    outer loop
      vertex 13.6491 20.7869 18.3
      vertex 13.6673 20.8683 22.3
      vertex 13.6673 20.8683 18.3
    endloop
  endfacet
  facet normal -0.975904 0.2182 0
    outer loop
      vertex 13.6673 20.8683 22.3
      vertex 13.6491 20.7869 18.3
      vertex 13.6491 20.7869 22.3
    endloop
  endfacet
  facet normal -0.933191 -0.35938 0
    outer loop
      vertex 13.6006 21.7727 18.3
      vertex 13.5706 21.8506 22.3
      vertex 13.5706 21.8506 18.3
    endloop
  endfacet
  facet normal -0.933191 -0.35938 0
    outer loop
      vertex 13.5706 21.8506 22.3
      vertex 13.6006 21.7727 18.3
      vertex 13.6006 21.7727 22.3
    endloop
  endfacet
  facet normal 0.2182 0.975904 -0
    outer loop
      vertex 11.6683 19.5327 18.3
      vertex 11.5869 19.5509 22.3
      vertex 11.6683 19.5327 22.3
    endloop
  endfacet
  facet normal 0.2182 0.975904 0
    outer loop
      vertex 11.5869 19.5509 22.3
      vertex 11.6683 19.5327 18.3
      vertex 11.5869 19.5509 18.3
    endloop
  endfacet
  facet normal -0.449129 -0.893467 0
    outer loop
      vertex 12.7268 22.7368 18.3
      vertex 12.8014 22.6993 22.3
      vertex 12.7268 22.7368 22.3
    endloop
  endfacet
  facet normal -0.449129 -0.893467 -0
    outer loop
      vertex 12.8014 22.6993 22.3
      vertex 12.7268 22.7368 18.3
      vertex 12.8014 22.6993 18.3
    endloop
  endfacet
  facet normal -0.493557 -0.869714 0
    outer loop
      vertex 12.8014 22.6993 18.3
      vertex 12.874 22.6581 22.3
      vertex 12.8014 22.6993 22.3
    endloop
  endfacet
  facet normal -0.493557 -0.869714 -0
    outer loop
      vertex 12.874 22.6581 22.3
      vertex 12.8014 22.6993 18.3
      vertex 12.874 22.6581 18.3
    endloop
  endfacet
  facet normal 0.975904 0.2182 0
    outer loop
      vertex 10.3509 20.7869 22.3
      vertex 10.3327 20.8683 18.3
      vertex 10.3327 20.8683 22.3
    endloop
  endfacet
  facet normal 0.975904 0.2182 0
    outer loop
      vertex 10.3327 20.8683 18.3
      vertex 10.3509 20.7869 22.3
      vertex 10.3509 20.7869 18.3
    endloop
  endfacet
  facet normal -0.9494 0.314069 0
    outer loop
      vertex 13.6006 20.6273 18.3
      vertex 13.6268 20.7065 22.3
      vertex 13.6268 20.7065 18.3
    endloop
  endfacet
  facet normal -0.9494 0.314069 0
    outer loop
      vertex 13.6268 20.7065 22.3
      vertex 13.6006 20.6273 18.3
      vertex 13.6006 20.6273 22.3
    endloop
  endfacet
  facet normal -0.933191 0.35938 0
    outer loop
      vertex 13.5706 20.5494 18.3
      vertex 13.6006 20.6273 22.3
      vertex 13.6006 20.6273 18.3
    endloop
  endfacet
  facet normal -0.933191 0.35938 0
    outer loop
      vertex 13.6006 20.6273 22.3
      vertex 13.5706 20.5494 18.3
      vertex 13.5706 20.5494 22.3
    endloop
  endfacet
  facet normal 0.314069 0.9494 -0
    outer loop
      vertex 11.5065 19.5732 18.3
      vertex 11.4273 19.5994 22.3
      vertex 11.5065 19.5732 22.3
    endloop
  endfacet
  facet normal 0.314069 0.9494 0
    outer loop
      vertex 11.4273 19.5994 22.3
      vertex 11.5065 19.5732 18.3
      vertex 11.4273 19.5994 18.3
    endloop
  endfacet
  facet normal 0.405471 0.914108 -0
    outer loop
      vertex 11.3494 19.6294 18.3
      vertex 11.2732 19.6632 22.3
      vertex 11.3494 19.6294 22.3
    endloop
  endfacet
  facet normal 0.405471 0.914108 0
    outer loop
      vertex 11.2732 19.6632 22.3
      vertex 11.3494 19.6294 18.3
      vertex 11.2732 19.6632 18.3
    endloop
  endfacet
  facet normal -0.84509 0.534624 0
    outer loop
      vertex 13.4135 20.2555 18.3
      vertex 13.4581 20.326 22.3
      vertex 13.4581 20.326 18.3
    endloop
  endfacet
  facet normal -0.84509 0.534624 0
    outer loop
      vertex 13.4581 20.326 22.3
      vertex 13.4135 20.2555 18.3
      vertex 13.4135 20.2555 22.3
    endloop
  endfacet
  facet normal -0.893467 0.449129 0
    outer loop
      vertex 13.4993 20.3986 18.3
      vertex 13.5368 20.4732 22.3
      vertex 13.5368 20.4732 18.3
    endloop
  endfacet
  facet normal -0.893467 0.449129 0
    outer loop
      vertex 13.5368 20.4732 22.3
      vertex 13.4993 20.3986 18.3
      vertex 13.4993 20.3986 22.3
    endloop
  endfacet
  facet normal 0.267273 -0.963621 0
    outer loop
      vertex 11.5065 22.8268 18.3
      vertex 11.5869 22.8491 22.3
      vertex 11.5065 22.8268 22.3
    endloop
  endfacet
  facet normal 0.267273 -0.963621 0
    outer loop
      vertex 11.5869 22.8491 22.3
      vertex 11.5065 22.8268 18.3
      vertex 11.5869 22.8491 18.3
    endloop
  endfacet
  facet normal 0.999713 0.0239739 0
    outer loop
      vertex 10.302 21.1166 22.3
      vertex 10.3 21.2 18.3
      vertex 10.3 21.2 22.3
    endloop
  endfacet
  facet normal 0.999713 0.0239739 0
    outer loop
      vertex 10.3 21.2 18.3
      vertex 10.302 21.1166 22.3
      vertex 10.302 21.1166 18.3
    endloop
  endfacet
  facet normal 0.788061 -0.615598 0
    outer loop
      vertex 10.6345 22.2127 22.3
      vertex 10.6859 22.2785 18.3
      vertex 10.6859 22.2785 22.3
    endloop
  endfacet
  facet normal 0.788061 -0.615598 0
    outer loop
      vertex 10.6859 22.2785 18.3
      vertex 10.6345 22.2127 22.3
      vertex 10.6345 22.2127 18.3
    endloop
  endfacet
  facet normal 0.0239739 0.999713 -0
    outer loop
      vertex 12 19.5 18.3
      vertex 11.9166 19.502 22.3
      vertex 12 19.5 22.3
    endloop
  endfacet
  facet normal 0.0239739 0.999713 0
    outer loop
      vertex 11.9166 19.502 22.3
      vertex 12 19.5 18.3
      vertex 11.9166 19.502 18.3
    endloop
  endfacet
  facet normal 0.893467 -0.449129 0
    outer loop
      vertex 10.4632 21.9268 22.3
      vertex 10.5007 22.0014 18.3
      vertex 10.5007 22.0014 22.3
    endloop
  endfacet
  facet normal 0.893467 -0.449129 0
    outer loop
      vertex 10.5007 22.0014 18.3
      vertex 10.4632 21.9268 22.3
      vertex 10.4632 21.9268 18.3
    endloop
  endfacet
  facet normal 0.0743132 0.997235 -0
    outer loop
      vertex 11.9166 19.502 18.3
      vertex 11.8334 19.5082 22.3
      vertex 11.9166 19.502 22.3
    endloop
  endfacet
  facet normal 0.0743132 0.997235 0
    outer loop
      vertex 11.8334 19.5082 22.3
      vertex 11.9166 19.502 18.3
      vertex 11.8334 19.5082 18.3
    endloop
  endfacet
  facet normal 0.788061 0.615598 0
    outer loop
      vertex 10.6859 20.1215 22.3
      vertex 10.6345 20.1873 18.3
      vertex 10.6345 20.1873 22.3
    endloop
  endfacet
  facet normal 0.788061 0.615598 0
    outer loop
      vertex 10.6345 20.1873 18.3
      vertex 10.6859 20.1215 22.3
      vertex 10.6859 20.1215 18.3
    endloop
  endfacet
  facet normal 0.534624 0.84509 -0
    outer loop
      vertex 11.126 19.7419 18.3
      vertex 11.0555 19.7865 22.3
      vertex 11.126 19.7419 22.3
    endloop
  endfacet
  facet normal 0.534624 0.84509 0
    outer loop
      vertex 11.0555 19.7865 22.3
      vertex 11.126 19.7419 18.3
      vertex 11.0555 19.7865 18.3
    endloop
  endfacet
  facet normal 0.449129 -0.893467 0
    outer loop
      vertex 11.1986 22.6993 18.3
      vertex 11.2732 22.7368 22.3
      vertex 11.1986 22.6993 22.3
    endloop
  endfacet
  facet normal 0.449129 -0.893467 0
    outer loop
      vertex 11.2732 22.7368 22.3
      vertex 11.1986 22.6993 18.3
      vertex 11.2732 22.7368 18.3
    endloop
  endfacet
  facet normal 0.653058 0.757308 -0
    outer loop
      vertex 10.9215 19.8859 18.3
      vertex 10.8583 19.9404 22.3
      vertex 10.9215 19.8859 22.3
    endloop
  endfacet
  facet normal 0.653058 0.757308 0
    outer loop
      vertex 10.8583 19.9404 22.3
      vertex 10.9215 19.8859 18.3
      vertex 10.8583 19.9404 18.3
    endloop
  endfacet
endsolid OpenSCAD_Model
