solid OpenSCAD_Model
  facet normal 0 -0.757174 -0.653214
    outer loop
      vertex 1.5 -12.9666 6.24772
      vertex 22.5 -13.5277 6.89812
      vertex 1.5 -13.5277 6.89812
    endloop
  endfacet
  facet normal 0 -0.757174 -0.653214
    outer loop
      vertex 22.5 -13.5277 6.89812
      vertex 1.5 -12.9666 6.24772
      vertex 22.5 -12.9666 6.24772
    endloop
  endfacet
  facet normal 0 0.534994 -0.844856
    outer loop
      vertex 1.5 9.32882 3.2
      vertex 22.5 9.72248 3.44928
      vertex 22.5 9.32882 3.2
    endloop
  endfacet
  facet normal 0 0.534994 -0.844856
    outer loop
      vertex 22.5 9.72248 3.44928
      vertex 1.5 9.32882 3.2
      vertex 1.5 9.72248 3.44928
    endloop
  endfacet
  facet normal 0 0.893223 -0.449615
    outer loop
      vertex 22.5 15.4336 9.75056
      vertex 1.5 15.8198 10.5178
      vertex 22.5 15.8198 10.5178
    endloop
  endfacet
  facet normal 0 0.893223 -0.449615
    outer loop
      vertex 1.5 15.8198 10.5178
      vertex 22.5 15.4336 9.75056
      vertex 1.5 15.4336 9.75056
    endloop
  endfacet
  facet normal 0 0.91419 -0.405285
    outer loop
      vertex 22.5 15.8198 10.5178
      vertex 1.5 16.1679 11.303
      vertex 22.5 16.1679 11.303
    endloop
  endfacet
  facet normal 0 0.91419 -0.405285
    outer loop
      vertex 1.5 16.1679 11.303
      vertex 22.5 15.8198 10.5178
      vertex 1.5 15.8198 10.5178
    endloop
  endfacet
  facet normal 0 -0.689535 -0.724252
    outer loop
      vertex 1.5 -12.3744 5.62563
      vertex 22.5 -11.7523 5.03335
      vertex 22.5 -12.3744 5.62563
    endloop
  endfacet
  facet normal -0 -0.689535 -0.724252
    outer loop
      vertex 22.5 -11.7523 5.03335
      vertex 1.5 -12.3744 5.62563
      vertex 1.5 -11.7523 5.03335
    endloop
  endfacet
  facet normal 0 -0.817578 -0.575818
    outer loop
      vertex 1.5 -14.0561 7.57526
      vertex 22.5 -14.5507 8.27752
      vertex 1.5 -14.5507 8.27752
    endloop
  endfacet
  facet normal 0 -0.817578 -0.575818
    outer loop
      vertex 22.5 -14.5507 8.27752
      vertex 1.5 -14.0561 7.57526
      vertex 22.5 -14.0561 7.57526
    endloop
  endfacet
  facet normal 0 0.724293 -0.689492
    outer loop
      vertex 22.5 12.3744 5.62563
      vertex 1.5 12.9666 6.24772
      vertex 22.5 12.9666 6.24772
    endloop
  endfacet
  facet normal 0 0.724293 -0.689492
    outer loop
      vertex 1.5 12.9666 6.24772
      vertex 22.5 12.3744 5.62563
      vertex 1.5 12.3744 5.62563
    endloop
  endfacet
  facet normal 0 -0.844818 -0.535054
    outer loop
      vertex 1.5 -14.5507 8.27752
      vertex 22.5 -15.0103 9.0032
      vertex 1.5 -15.0103 9.0032
    endloop
  endfacet
  facet normal 0 -0.844818 -0.535054
    outer loop
      vertex 22.5 -15.0103 9.0032
      vertex 1.5 -14.5507 8.27752
      vertex 22.5 -14.5507 8.27752
    endloop
  endfacet
  facet normal 0 0.817578 -0.575818
    outer loop
      vertex 22.5 14.0561 7.57526
      vertex 1.5 14.5507 8.27752
      vertex 22.5 14.5507 8.27752
    endloop
  endfacet
  facet normal 0 0.817578 -0.575818
    outer loop
      vertex 1.5 14.5507 8.27752
      vertex 22.5 14.0561 7.57526
      vertex 1.5 14.0561 7.57526
    endloop
  endfacet
  facet normal 0 0.997289 -0.0735801
    outer loop
      vertex 22.5 17.4157 16.2847
      vertex 16 17.4789 17.1413
      vertex 22.5 17.4789 17.1413
    endloop
  endfacet
  facet normal 0 0.997289 -0.0735801
    outer loop
      vertex 16 17.4789 17.1413
      vertex 22.5 17.4157 16.2847
      vertex 16 17.4157 16.2847
    endloop
  endfacet
  facet normal 0 0.997289 -0.0735801
    outer loop
      vertex 8 17.4157 16.2847
      vertex 1.5 17.4789 17.1413
      vertex 8 17.4789 17.1413
    endloop
  endfacet
  facet normal 0 0.997289 -0.0735801
    outer loop
      vertex 1.5 17.4789 17.1413
      vertex 8 17.4157 16.2847
      vertex 1.5 17.4157 16.2847
    endloop
  endfacet
  facet normal 0 -0.985275 -0.170976
    outer loop
      vertex 1.5 -17.3106 15.4322
      vertex 8 -17.2356 15
      vertex 8 -17.3106 15.4322
    endloop
  endfacet
  facet normal 0 -0.985327 -0.170678
    outer loop
      vertex 8 -17.2356 15
      vertex 11.6079 -17.2193 14.9059
      vertex 11.4755 -17.2356 15
    endloop
  endfacet
  facet normal -2.32576e-05 -0.985176 -0.171544
    outer loop
      vertex 8 -17.2356 15
      vertex 11.8037 -17.2048 14.8226
      vertex 11.6079 -17.2193 14.9059
    endloop
  endfacet
  facet normal 2.29088e-05 -0.985343 -0.170583
    outer loop
      vertex 8 -17.2356 15
      vertex 12 -17.2 14.7949
      vertex 11.8037 -17.2048 14.8226
    endloop
  endfacet
  facet normal -1.55886e-06 -0.985263 -0.171046
    outer loop
      vertex 8 -17.2356 15
      vertex 1.5 -17.1637 14.5859
      vertex 12 -17.2 14.7949
    endloop
  endfacet
  facet normal -3.16664e-06 -0.985267 -0.171022
    outer loop
      vertex 1.5 -17.1637 14.5859
      vertex 8 -17.2356 15
      vertex 1.5 -17.3106 15.4322
    endloop
  endfacet
  facet normal 0 -0.985327 -0.170678
    outer loop
      vertex 12.5245 -17.2356 15
      vertex 12.3921 -17.2193 14.9059
      vertex 16 -17.2356 15
    endloop
  endfacet
  facet normal 0 -0.985275 -0.170976
    outer loop
      vertex 16 -17.2356 15
      vertex 22.5 -17.3106 15.4322
      vertex 16 -17.3106 15.4322
    endloop
  endfacet
  facet normal 2.32576e-05 -0.985176 -0.171544
    outer loop
      vertex 12.1963 -17.2048 14.8226
      vertex 16 -17.2356 15
      vertex 12.3921 -17.2193 14.9059
    endloop
  endfacet
  facet normal -2.29088e-05 -0.985343 -0.170583
    outer loop
      vertex 12 -17.2 14.7949
      vertex 16 -17.2356 15
      vertex 12.1963 -17.2048 14.8226
    endloop
  endfacet
  facet normal 3.16664e-06 -0.985267 -0.171022
    outer loop
      vertex 16 -17.2356 15
      vertex 22.5 -17.1637 14.5859
      vertex 22.5 -17.3106 15.4322
    endloop
  endfacet
  facet normal 1.55886e-06 -0.985263 -0.171046
    outer loop
      vertex 12 -17.2 14.7949
      vertex 22.5 -17.1637 14.5859
      vertex 16 -17.2356 15
    endloop
  endfacet
  facet normal -0 -0.98525 -0.171122
    outer loop
      vertex 22.5 -17.1637 14.5859
      vertex 12 -17.2 14.7949
      vertex 1.5 -17.1637 14.5859
    endloop
  endfacet
  facet normal 0 0.689535 -0.724252
    outer loop
      vertex 1.5 11.7523 5.03335
      vertex 22.5 12.3744 5.62563
      vertex 22.5 11.7523 5.03335
    endloop
  endfacet
  facet normal 0 0.689535 -0.724252
    outer loop
      vertex 22.5 12.3744 5.62563
      vertex 1.5 11.7523 5.03335
      vertex 1.5 12.3744 5.62563
    endloop
  endfacet
  facet normal 0 0.963801 -0.266623
    outer loop
      vertex 22.5 16.7465 12.92
      vertex 1.5 16.9755 13.7478
      vertex 22.5 16.9755 13.7478
    endloop
  endfacet
  facet normal 0 0.963801 -0.266623
    outer loop
      vertex 1.5 16.9755 13.7478
      vertex 22.5 16.7465 12.92
      vertex 1.5 16.7465 12.92
    endloop
  endfacet
  facet normal 0 0.985275 -0.170976
    outer loop
      vertex 22.5 17.3106 15.4322
      vertex 16 17.2356 15
      vertex 16 17.3106 15.4322
    endloop
  endfacet
  facet normal 0 0.985327 -0.170678
    outer loop
      vertex 16 17.2356 15
      vertex 12.3921 17.2193 14.9059
      vertex 12.5245 17.2356 15
    endloop
  endfacet
  facet normal 2.32576e-05 0.985176 -0.171544
    outer loop
      vertex 16 17.2356 15
      vertex 12.1963 17.2048 14.8226
      vertex 12.3921 17.2193 14.9059
    endloop
  endfacet
  facet normal -2.29088e-05 0.985343 -0.170583
    outer loop
      vertex 16 17.2356 15
      vertex 12 17.2 14.7949
      vertex 12.1963 17.2048 14.8226
    endloop
  endfacet
  facet normal 1.55886e-06 0.985263 -0.171046
    outer loop
      vertex 16 17.2356 15
      vertex 22.5 17.1637 14.5859
      vertex 12 17.2 14.7949
    endloop
  endfacet
  facet normal 3.16664e-06 0.985267 -0.171022
    outer loop
      vertex 22.5 17.1637 14.5859
      vertex 16 17.2356 15
      vertex 22.5 17.3106 15.4322
    endloop
  endfacet
  facet normal 0 0.985327 -0.170678
    outer loop
      vertex 11.4755 17.2356 15
      vertex 11.6079 17.2193 14.9059
      vertex 8 17.2356 15
    endloop
  endfacet
  facet normal 0 0.985275 -0.170976
    outer loop
      vertex 8 17.2356 15
      vertex 1.5 17.3106 15.4322
      vertex 8 17.3106 15.4322
    endloop
  endfacet
  facet normal -2.32576e-05 0.985176 -0.171544
    outer loop
      vertex 11.8037 17.2048 14.8226
      vertex 8 17.2356 15
      vertex 11.6079 17.2193 14.9059
    endloop
  endfacet
  facet normal 2.29088e-05 0.985343 -0.170583
    outer loop
      vertex 12 17.2 14.7949
      vertex 8 17.2356 15
      vertex 11.8037 17.2048 14.8226
    endloop
  endfacet
  facet normal -3.16664e-06 0.985267 -0.171022
    outer loop
      vertex 8 17.2356 15
      vertex 1.5 17.1637 14.5859
      vertex 1.5 17.3106 15.4322
    endloop
  endfacet
  facet normal -1.55886e-06 0.985263 -0.171046
    outer loop
      vertex 12 17.2 14.7949
      vertex 1.5 17.1637 14.5859
      vertex 8 17.2356 15
    endloop
  endfacet
  facet normal 0 0.98525 -0.171122
    outer loop
      vertex 1.5 17.1637 14.5859
      vertex 12 17.2 14.7949
      vertex 22.5 17.1637 14.5859
    endloop
  endfacet
  facet normal 0 -0.975703 -0.219099
    outer loop
      vertex 1.5 -16.9755 13.7478
      vertex 22.5 -17.1637 14.5859
      vertex 1.5 -17.1637 14.5859
    endloop
  endfacet
  facet normal 0 -0.975703 -0.219099
    outer loop
      vertex 22.5 -17.1637 14.5859
      vertex 1.5 -16.9755 13.7478
      vertex 22.5 -16.9755 13.7478
    endloop
  endfacet
  facet normal 0 0.999699 -0.0245138
    outer loop
      vertex 22.5 17.4789 17.1413
      vertex 16 17.4926 17.7
      vertex 22.5 17.4926 17.7
    endloop
  endfacet
  facet normal 0 0.999699 -0.0245138
    outer loop
      vertex 16 17.4926 17.7
      vertex 22.5 17.4789 17.1413
      vertex 16 17.4789 17.1413
    endloop
  endfacet
  facet normal 0 0.999699 -0.0245138
    outer loop
      vertex 8 17.4789 17.1413
      vertex 1.5 17.4926 17.7
      vertex 8 17.4926 17.7
    endloop
  endfacet
  facet normal 0 0.999699 -0.0245138
    outer loop
      vertex 1.5 17.4926 17.7
      vertex 8 17.4789 17.1413
      vertex 1.5 17.4789 17.1413
    endloop
  endfacet
  facet normal 0 -0.653167 -0.757214
    outer loop
      vertex 1.5 -11.7523 5.03335
      vertex 22.5 -11.1019 4.47232
      vertex 22.5 -11.7523 5.03335
    endloop
  endfacet
  facet normal -0 -0.653167 -0.757214
    outer loop
      vertex 22.5 -11.1019 4.47232
      vertex 1.5 -11.7523 5.03335
      vertex 1.5 -11.1019 4.47232
    endloop
  endfacet
  facet normal 0 -0.963801 -0.266623
    outer loop
      vertex 1.5 -16.7465 12.92
      vertex 22.5 -16.9755 13.7478
      vertex 1.5 -16.9755 13.7478
    endloop
  endfacet
  facet normal 0 -0.963801 -0.266623
    outer loop
      vertex 22.5 -16.9755 13.7478
      vertex 1.5 -16.7465 12.92
      vertex 22.5 -16.7465 12.92
    endloop
  endfacet
  facet normal 0 -0.534994 -0.844856
    outer loop
      vertex 1.5 -9.72248 3.44928
      vertex 22.5 -9.32882 3.2
      vertex 22.5 -9.72248 3.44928
    endloop
  endfacet
  facet normal -0 -0.534994 -0.844856
    outer loop
      vertex 22.5 -9.32882 3.2
      vertex 1.5 -9.72248 3.44928
      vertex 1.5 -9.32882 3.2
    endloop
  endfacet
  facet normal 0 -0.997289 -0.0735801
    outer loop
      vertex 16 -17.4157 16.2847
      vertex 22.5 -17.4789 17.1413
      vertex 16 -17.4789 17.1413
    endloop
  endfacet
  facet normal 0 -0.997289 -0.0735801
    outer loop
      vertex 22.5 -17.4789 17.1413
      vertex 16 -17.4157 16.2847
      vertex 22.5 -17.4157 16.2847
    endloop
  endfacet
  facet normal 0 -0.997289 -0.0735801
    outer loop
      vertex 1.5 -17.4157 16.2847
      vertex 8 -17.4789 17.1413
      vertex 1.5 -17.4789 17.1413
    endloop
  endfacet
  facet normal 0 -0.997289 -0.0735801
    outer loop
      vertex 8 -17.4789 17.1413
      vertex 1.5 -17.4157 16.2847
      vertex 8 -17.4157 16.2847
    endloop
  endfacet
  facet normal 0 -0.91419 -0.405285
    outer loop
      vertex 1.5 -15.8198 10.5178
      vertex 22.5 -16.1679 11.303
      vertex 1.5 -16.1679 11.303
    endloop
  endfacet
  facet normal 0 -0.91419 -0.405285
    outer loop
      vertex 22.5 -16.1679 11.303
      vertex 1.5 -15.8198 10.5178
      vertex 22.5 -15.8198 10.5178
    endloop
  endfacet
  facet normal 0 0.949507 -0.313747
    outer loop
      vertex 22.5 16.477 12.1044
      vertex 1.5 16.7465 12.92
      vertex 22.5 16.7465 12.92
    endloop
  endfacet
  facet normal 0 0.949507 -0.313747
    outer loop
      vertex 1.5 16.7465 12.92
      vertex 22.5 16.477 12.1044
      vertex 1.5 16.477 12.1044
    endloop
  endfacet
  facet normal 0 -0.992486 -0.122358
    outer loop
      vertex 1.5 -17.3106 15.4322
      vertex 8 -17.4157 16.2847
      vertex 1.5 -17.4157 16.2847
    endloop
  endfacet
  facet normal 0 -0.992486 -0.122358
    outer loop
      vertex 8 -17.4157 16.2847
      vertex 1.5 -17.3106 15.4322
      vertex 8 -17.3106 15.4322
    endloop
  endfacet
  facet normal 0 -0.992486 -0.122358
    outer loop
      vertex 16 -17.3106 15.4322
      vertex 22.5 -17.4157 16.2847
      vertex 16 -17.4157 16.2847
    endloop
  endfacet
  facet normal 0 -0.992486 -0.122358
    outer loop
      vertex 22.5 -17.4157 16.2847
      vertex 16 -17.3106 15.4322
      vertex 22.5 -17.3106 15.4322
    endloop
  endfacet
  facet normal 0 -0.933006 -0.35986
    outer loop
      vertex 1.5 -16.1679 11.303
      vertex 22.5 -16.477 12.1044
      vertex 1.5 -16.477 12.1044
    endloop
  endfacet
  facet normal 0 -0.933006 -0.35986
    outer loop
      vertex 22.5 -16.477 12.1044
      vertex 1.5 -16.1679 11.303
      vertex 22.5 -16.1679 11.303
    endloop
  endfacet
  facet normal 0 -0.999699 -0.0245138
    outer loop
      vertex 16 -17.4789 17.1413
      vertex 22.5 -17.4926 17.7
      vertex 16 -17.4926 17.7
    endloop
  endfacet
  facet normal 0 -0.999699 -0.0245138
    outer loop
      vertex 22.5 -17.4926 17.7
      vertex 16 -17.4789 17.1413
      vertex 22.5 -17.4789 17.1413
    endloop
  endfacet
  facet normal 0 -0.999699 -0.0245138
    outer loop
      vertex 1.5 -17.4789 17.1413
      vertex 8 -17.4926 17.7
      vertex 1.5 -17.4926 17.7
    endloop
  endfacet
  facet normal 0 -0.999699 -0.0245138
    outer loop
      vertex 8 -17.4926 17.7
      vertex 1.5 -17.4789 17.1413
      vertex 8 -17.4789 17.1413
    endloop
  endfacet
  facet normal 0 0.844818 -0.535054
    outer loop
      vertex 22.5 14.5507 8.27752
      vertex 1.5 15.0103 9.0032
      vertex 22.5 15.0103 9.0032
    endloop
  endfacet
  facet normal 0 0.844818 -0.535054
    outer loop
      vertex 1.5 15.0103 9.0032
      vertex 22.5 14.5507 8.27752
      vertex 1.5 14.5507 8.27752
    endloop
  endfacet
  facet normal 0 0.653167 -0.757214
    outer loop
      vertex 1.5 11.1019 4.47232
      vertex 22.5 11.7523 5.03335
      vertex 22.5 11.1019 4.47232
    endloop
  endfacet
  facet normal 0 0.653167 -0.757214
    outer loop
      vertex 22.5 11.7523 5.03335
      vertex 1.5 11.1019 4.47232
      vertex 1.5 11.7523 5.03335
    endloop
  endfacet
  facet normal 0 0.788372 -0.615199
    outer loop
      vertex 22.5 13.5277 6.89812
      vertex 1.5 14.0561 7.57526
      vertex 22.5 14.0561 7.57526
    endloop
  endfacet
  facet normal 0 0.788372 -0.615199
    outer loop
      vertex 1.5 14.0561 7.57526
      vertex 22.5 13.5277 6.89812
      vertex 1.5 13.5277 6.89812
    endloop
  endfacet
  facet normal 0 0.757174 -0.653214
    outer loop
      vertex 22.5 12.9666 6.24772
      vertex 1.5 13.5277 6.89812
      vertex 22.5 13.5277 6.89812
    endloop
  endfacet
  facet normal 0 0.757174 -0.653214
    outer loop
      vertex 1.5 13.5277 6.89812
      vertex 22.5 12.9666 6.24772
      vertex 1.5 12.9666 6.24772
    endloop
  endfacet
  facet normal 0 -0.949507 -0.313747
    outer loop
      vertex 1.5 -16.477 12.1044
      vertex 22.5 -16.7465 12.92
      vertex 1.5 -16.7465 12.92
    endloop
  endfacet
  facet normal 0 -0.949507 -0.313747
    outer loop
      vertex 22.5 -16.7465 12.92
      vertex 1.5 -16.477 12.1044
      vertex 22.5 -16.477 12.1044
    endloop
  endfacet
  facet normal 0 0.933006 -0.35986
    outer loop
      vertex 22.5 16.1679 11.303
      vertex 1.5 16.477 12.1044
      vertex 22.5 16.477 12.1044
    endloop
  endfacet
  facet normal 0 0.933006 -0.35986
    outer loop
      vertex 1.5 16.477 12.1044
      vertex 22.5 16.1679 11.303
      vertex 1.5 16.1679 11.303
    endloop
  endfacet
  facet normal 1 -0 0
    outer loop
      vertex 22.5 14.4825 17.2885
      vertex 22.5 17.4789 17.1413
      vertex 22.5 17.4926 17.7
    endloop
  endfacet
  facet normal 1 0 0
    outer loop
      vertex 22.5 17.4789 17.1413
      vertex 22.5 14.4825 17.2885
      vertex 22.5 17.4157 16.2847
    endloop
  endfacet
  facet normal 1 0 0
    outer loop
      vertex 22.5 17.4157 16.2847
      vertex 22.5 14.4302 16.5788
      vertex 22.5 17.3106 15.4322
    endloop
  endfacet
  facet normal 1 -0 0
    outer loop
      vertex 22.5 14.3431 15.8724
      vertex 22.5 17.3106 15.4322
      vertex 22.5 14.4302 16.5788
    endloop
  endfacet
  facet normal 1 -0 0
    outer loop
      vertex 22.5 14.2214 15.1712
      vertex 22.5 17.1637 14.5859
      vertex 22.5 14.3431 15.8724
    endloop
  endfacet
  facet normal 1 0 0
    outer loop
      vertex 22.5 17.1637 14.5859
      vertex 22.5 14.2214 15.1712
      vertex 22.5 16.9755 13.7478
    endloop
  endfacet
  facet normal 1 0 0
    outer loop
      vertex 22.5 16.9755 13.7478
      vertex 22.5 14.0655 14.4768
      vertex 22.5 16.7465 12.92
    endloop
  endfacet
  facet normal 1 -0 0
    outer loop
      vertex 22.5 13.8756 13.7909
      vertex 22.5 16.7465 12.92
      vertex 22.5 14.0655 14.4768
    endloop
  endfacet
  facet normal 1 -0 0
    outer loop
      vertex 22.5 13.6524 13.1151
      vertex 22.5 16.477 12.1044
      vertex 22.5 13.8756 13.7909
    endloop
  endfacet
  facet normal 1 0 0
    outer loop
      vertex 22.5 16.477 12.1044
      vertex 22.5 13.6524 13.1151
      vertex 22.5 16.1679 11.303
    endloop
  endfacet
  facet normal 1 0 0
    outer loop
      vertex 22.5 16.1679 11.303
      vertex 22.5 13.3963 12.4511
      vertex 22.5 15.8198 10.5178
    endloop
  endfacet
  facet normal 1 0 0
    outer loop
      vertex 22.5 14.4825 17.2885
      vertex 22.5 17.4926 17.7
      vertex 22.5 14.4926 17.7
    endloop
  endfacet
  facet normal 1 0 0
    outer loop
      vertex 22.5 17.4157 16.2847
      vertex 22.5 14.4825 17.2885
      vertex 22.5 14.4302 16.5788
    endloop
  endfacet
  facet normal 1 0 0
    outer loop
      vertex 22.5 17.3106 15.4322
      vertex 22.5 14.3431 15.8724
      vertex 22.5 17.1637 14.5859
    endloop
  endfacet
  facet normal 1 -0 0
    outer loop
      vertex 22.5 14.0655 14.4768
      vertex 22.5 16.9755 13.7478
      vertex 22.5 14.2214 15.1712
    endloop
  endfacet
  facet normal 1 0 0
    outer loop
      vertex 22.5 16.7465 12.92
      vertex 22.5 13.8756 13.7909
      vertex 22.5 16.477 12.1044
    endloop
  endfacet
  facet normal 1 -0 0
    outer loop
      vertex 22.5 13.3963 12.4511
      vertex 22.5 16.1679 11.303
      vertex 22.5 13.6524 13.1151
    endloop
  endfacet
  facet normal 1 -0 0
    outer loop
      vertex 22.5 13.1078 11.8005
      vertex 22.5 15.8198 10.5178
      vertex 22.5 13.3963 12.4511
    endloop
  endfacet
  facet normal 1 0 0
    outer loop
      vertex 22.5 15.8198 10.5178
      vertex 22.5 13.1078 11.8005
      vertex 22.5 15.4336 9.75056
    endloop
  endfacet
  facet normal 1 -0 0
    outer loop
      vertex 22.5 12.7879 11.1647
      vertex 22.5 15.4336 9.75056
      vertex 22.5 13.1078 11.8005
    endloop
  endfacet
  facet normal 1 0 0
    outer loop
      vertex 22.5 15.4336 9.75056
      vertex 22.5 12.7879 11.1647
      vertex 22.5 15.0103 9.0032
    endloop
  endfacet
  facet normal 1 -0 0
    outer loop
      vertex 22.5 12.4371 10.5455
      vertex 22.5 15.0103 9.0032
      vertex 22.5 12.7879 11.1647
    endloop
  endfacet
  facet normal 1 0 0
    outer loop
      vertex 22.5 15.0103 9.0032
      vertex 22.5 12.4371 10.5455
      vertex 22.5 14.5507 8.27752
    endloop
  endfacet
  facet normal 1 -0 0
    outer loop
      vertex 22.5 12.0563 9.94423
      vertex 22.5 14.5507 8.27752
      vertex 22.5 12.4371 10.5455
    endloop
  endfacet
  facet normal 1 0 0
    outer loop
      vertex 22.5 14.5507 8.27752
      vertex 22.5 12.0563 9.94423
      vertex 22.5 14.0561 7.57526
    endloop
  endfacet
  facet normal 1 -0 0
    outer loop
      vertex 22.5 11.6465 9.36236
      vertex 22.5 14.0561 7.57526
      vertex 22.5 12.0563 9.94423
    endloop
  endfacet
  facet normal 1 0 0
    outer loop
      vertex 22.5 14.0561 7.57526
      vertex 22.5 11.6465 9.36236
      vertex 22.5 13.5277 6.89812
    endloop
  endfacet
  facet normal 1 -0 0
    outer loop
      vertex 22.5 11.2087 8.8013
      vertex 22.5 13.5277 6.89812
      vertex 22.5 11.6465 9.36236
    endloop
  endfacet
  facet normal 1 0 0
    outer loop
      vertex 22.5 13.5277 6.89812
      vertex 22.5 11.2087 8.8013
      vertex 22.5 12.9666 6.24772
    endloop
  endfacet
  facet normal 1 -0 0
    outer loop
      vertex 22.5 10.7438 8.26239
      vertex 22.5 12.9666 6.24772
      vertex 22.5 11.2087 8.8013
    endloop
  endfacet
  facet normal 1 0 0
    outer loop
      vertex 22.5 12.9666 6.24772
      vertex 22.5 10.7438 8.26239
      vertex 22.5 12.3744 5.62563
    endloop
  endfacet
  facet normal 1 -0 0
    outer loop
      vertex 22.5 10.253 7.74695
      vertex 22.5 12.3744 5.62563
      vertex 22.5 10.7438 8.26239
    endloop
  endfacet
  facet normal 1 0 0
    outer loop
      vertex 22.5 12.3744 5.62563
      vertex 22.5 10.253 7.74695
      vertex 22.5 11.7523 5.03335
    endloop
  endfacet
  facet normal 1 -0 0
    outer loop
      vertex 22.5 9.7376 7.25621
      vertex 22.5 11.7523 5.03335
      vertex 22.5 10.253 7.74695
    endloop
  endfacet
  facet normal 1 0 0
    outer loop
      vertex 22.5 11.7523 5.03335
      vertex 22.5 9.7376 7.25621
      vertex 22.5 11.1019 4.47232
    endloop
  endfacet
  facet normal 1 -0 0
    outer loop
      vertex 22.5 9.1987 6.79135
      vertex 22.5 11.1019 4.47232
      vertex 22.5 9.7376 7.25621
    endloop
  endfacet
  facet normal 1 -0 0
    outer loop
      vertex 22.5 9 6.63628
      vertex 22.5 11.1019 4.47232
      vertex 22.5 9.1987 6.79135
    endloop
  endfacet
  facet normal 1 0 0
    outer loop
      vertex 22.5 11.1019 4.47232
      vertex 22.5 9 6.63628
      vertex 22.5 10.4247 3.94387
    endloop
  endfacet
  facet normal 1 0 0
    outer loop
      vertex 22.5 10.4247 3.94387
      vertex 22.5 9 6.63628
      vertex 22.5 9.72248 3.44928
    endloop
  endfacet
  facet normal 1 0 0
    outer loop
      vertex 22.5 9 3.2
      vertex 22.5 9.72248 3.44928
      vertex 22.5 9 6.63628
    endloop
  endfacet
  facet normal 1 0 0
    outer loop
      vertex 22.5 9.72248 3.44928
      vertex 22.5 9 3.2
      vertex 22.5 9.32882 3.2
    endloop
  endfacet
  facet normal 1 0 0
    outer loop
      vertex 22.5 -11.1019 4.47232
      vertex 22.5 -9 6.63628
      vertex 22.5 -9.1987 6.79135
    endloop
  endfacet
  facet normal 1 0 0
    outer loop
      vertex 22.5 -9 6.63628
      vertex 22.5 -9.72248 3.44928
      vertex 22.5 -9 3.2
    endloop
  endfacet
  facet normal 1 0 0
    outer loop
      vertex 22.5 -9 3.2
      vertex 22.5 -9.72248 3.44928
      vertex 22.5 -9.32882 3.2
    endloop
  endfacet
  facet normal 1 0 0
    outer loop
      vertex 22.5 -11.1019 4.47232
      vertex 22.5 -9.1987 6.79135
      vertex 22.5 -9.7376 7.25621
    endloop
  endfacet
  facet normal 1 0 0
    outer loop
      vertex 22.5 -11.7523 5.03335
      vertex 22.5 -9.7376 7.25621
      vertex 22.5 -10.253 7.74695
    endloop
  endfacet
  facet normal 1 0 0
    outer loop
      vertex 22.5 -9 6.63628
      vertex 22.5 -10.4247 3.94387
      vertex 22.5 -9.72248 3.44928
    endloop
  endfacet
  facet normal 1 0 0
    outer loop
      vertex 22.5 -12.3744 5.62563
      vertex 22.5 -10.253 7.74695
      vertex 22.5 -10.7438 8.26239
    endloop
  endfacet
  facet normal 1 0 0
    outer loop
      vertex 22.5 -9 6.63628
      vertex 22.5 -11.1019 4.47232
      vertex 22.5 -10.4247 3.94387
    endloop
  endfacet
  facet normal 1 0 0
    outer loop
      vertex 22.5 -12.9666 6.24772
      vertex 22.5 -10.7438 8.26239
      vertex 22.5 -11.2087 8.8013
    endloop
  endfacet
  facet normal 1 0 0
    outer loop
      vertex 22.5 -13.5277 6.89812
      vertex 22.5 -11.2087 8.8013
      vertex 22.5 -11.6465 9.36236
    endloop
  endfacet
  facet normal 1 0 0
    outer loop
      vertex 22.5 -9.7376 7.25621
      vertex 22.5 -11.7523 5.03335
      vertex 22.5 -11.1019 4.47232
    endloop
  endfacet
  facet normal 1 0 0
    outer loop
      vertex 22.5 -14.0561 7.57526
      vertex 22.5 -11.6465 9.36236
      vertex 22.5 -12.0563 9.94423
    endloop
  endfacet
  facet normal 1 0 0
    outer loop
      vertex 22.5 -10.253 7.74695
      vertex 22.5 -12.3744 5.62563
      vertex 22.5 -11.7523 5.03335
    endloop
  endfacet
  facet normal 1 0 0
    outer loop
      vertex 22.5 -14.5507 8.27752
      vertex 22.5 -12.0563 9.94423
      vertex 22.5 -12.4371 10.5455
    endloop
  endfacet
  facet normal 1 0 0
    outer loop
      vertex 22.5 -15.0103 9.0032
      vertex 22.5 -12.4371 10.5455
      vertex 22.5 -12.7879 11.1647
    endloop
  endfacet
  facet normal 1 0 0
    outer loop
      vertex 22.5 -10.7438 8.26239
      vertex 22.5 -12.9666 6.24772
      vertex 22.5 -12.3744 5.62563
    endloop
  endfacet
  facet normal 1 0 0
    outer loop
      vertex 22.5 -15.4336 9.75056
      vertex 22.5 -12.7879 11.1647
      vertex 22.5 -13.1078 11.8005
    endloop
  endfacet
  facet normal 1 0 0
    outer loop
      vertex 22.5 -15.8198 10.5178
      vertex 22.5 -13.1078 11.8005
      vertex 22.5 -13.3963 12.4511
    endloop
  endfacet
  facet normal 1 0 0
    outer loop
      vertex 22.5 -11.2087 8.8013
      vertex 22.5 -13.5277 6.89812
      vertex 22.5 -12.9666 6.24772
    endloop
  endfacet
  facet normal 1 0 0
    outer loop
      vertex 22.5 -16.1679 11.303
      vertex 22.5 -13.3963 12.4511
      vertex 22.5 -13.6524 13.1151
    endloop
  endfacet
  facet normal 1 0 0
    outer loop
      vertex 22.5 -16.477 12.1044
      vertex 22.5 -13.6524 13.1151
      vertex 22.5 -13.8756 13.7909
    endloop
  endfacet
  facet normal 1 0 0
    outer loop
      vertex 22.5 -11.6465 9.36236
      vertex 22.5 -14.0561 7.57526
      vertex 22.5 -13.5277 6.89812
    endloop
  endfacet
  facet normal 1 0 0
    outer loop
      vertex 22.5 -16.7465 12.92
      vertex 22.5 -13.8756 13.7909
      vertex 22.5 -14.0655 14.4768
    endloop
  endfacet
  facet normal 1 0 0
    outer loop
      vertex 22.5 -16.9755 13.7478
      vertex 22.5 -14.0655 14.4768
      vertex 22.5 -14.2214 15.1712
    endloop
  endfacet
  facet normal 1 0 0
    outer loop
      vertex 22.5 -17.1637 14.5859
      vertex 22.5 -14.2214 15.1712
      vertex 22.5 -14.3431 15.8724
    endloop
  endfacet
  facet normal 1 0 0
    outer loop
      vertex 22.5 -17.3106 15.4322
      vertex 22.5 -14.3431 15.8724
      vertex 22.5 -14.4302 16.5788
    endloop
  endfacet
  facet normal 1 0 0
    outer loop
      vertex 22.5 -17.4157 16.2847
      vertex 22.5 -14.4302 16.5788
      vertex 22.5 -14.4825 17.2885
    endloop
  endfacet
  facet normal 1 0 0
    outer loop
      vertex 22.5 -12.0563 9.94423
      vertex 22.5 -14.5507 8.27752
      vertex 22.5 -14.0561 7.57526
    endloop
  endfacet
  facet normal 1 0 0
    outer loop
      vertex 22.5 -17.4789 17.1413
      vertex 22.5 -14.4825 17.2885
      vertex 22.5 -14.4926 17.7
    endloop
  endfacet
  facet normal 1 0 0
    outer loop
      vertex 22.5 -12.4371 10.5455
      vertex 22.5 -15.0103 9.0032
      vertex 22.5 -14.5507 8.27752
    endloop
  endfacet
  facet normal 1 0 0
    outer loop
      vertex 22.5 -12.7879 11.1647
      vertex 22.5 -15.4336 9.75056
      vertex 22.5 -15.0103 9.0032
    endloop
  endfacet
  facet normal 1 0 0
    outer loop
      vertex 22.5 -13.1078 11.8005
      vertex 22.5 -15.8198 10.5178
      vertex 22.5 -15.4336 9.75056
    endloop
  endfacet
  facet normal 1 0 0
    outer loop
      vertex 22.5 -13.3963 12.4511
      vertex 22.5 -16.1679 11.303
      vertex 22.5 -15.8198 10.5178
    endloop
  endfacet
  facet normal 1 0 0
    outer loop
      vertex 22.5 -13.6524 13.1151
      vertex 22.5 -16.477 12.1044
      vertex 22.5 -16.1679 11.303
    endloop
  endfacet
  facet normal 1 0 0
    outer loop
      vertex 22.5 -13.8756 13.7909
      vertex 22.5 -16.7465 12.92
      vertex 22.5 -16.477 12.1044
    endloop
  endfacet
  facet normal 1 0 0
    outer loop
      vertex 22.5 -14.0655 14.4768
      vertex 22.5 -16.9755 13.7478
      vertex 22.5 -16.7465 12.92
    endloop
  endfacet
  facet normal 1 0 0
    outer loop
      vertex 22.5 -14.2214 15.1712
      vertex 22.5 -17.1637 14.5859
      vertex 22.5 -16.9755 13.7478
    endloop
  endfacet
  facet normal 1 0 0
    outer loop
      vertex 22.5 -14.3431 15.8724
      vertex 22.5 -17.3106 15.4322
      vertex 22.5 -17.1637 14.5859
    endloop
  endfacet
  facet normal 1 0 0
    outer loop
      vertex 22.5 -14.4302 16.5788
      vertex 22.5 -17.4157 16.2847
      vertex 22.5 -17.3106 15.4322
    endloop
  endfacet
  facet normal 1 0 0
    outer loop
      vertex 22.5 -14.4825 17.2885
      vertex 22.5 -17.4789 17.1413
      vertex 22.5 -17.4157 16.2847
    endloop
  endfacet
  facet normal 1 0 -0
    outer loop
      vertex 22.5 -17.4789 17.1413
      vertex 22.5 -14.4926 17.7
      vertex 22.5 -17.4926 17.7
    endloop
  endfacet
  facet normal 0 0.870124 -0.492833
    outer loop
      vertex 22.5 15.0103 9.0032
      vertex 1.5 15.4336 9.75056
      vertex 22.5 15.4336 9.75056
    endloop
  endfacet
  facet normal 0 0.870124 -0.492833
    outer loop
      vertex 1.5 15.4336 9.75056
      vertex 22.5 15.0103 9.0032
      vertex 1.5 15.0103 9.0032
    endloop
  endfacet
  facet normal 0 -0.870124 -0.492833
    outer loop
      vertex 1.5 -15.0103 9.0032
      vertex 22.5 -15.4336 9.75056
      vertex 1.5 -15.4336 9.75056
    endloop
  endfacet
  facet normal 0 -0.870124 -0.492833
    outer loop
      vertex 22.5 -15.4336 9.75056
      vertex 1.5 -15.0103 9.0032
      vertex 22.5 -15.0103 9.0032
    endloop
  endfacet
  facet normal 0 -0.893223 -0.449615
    outer loop
      vertex 1.5 -15.4336 9.75056
      vertex 22.5 -15.8198 10.5178
      vertex 1.5 -15.8198 10.5178
    endloop
  endfacet
  facet normal 0 -0.893223 -0.449615
    outer loop
      vertex 22.5 -15.8198 10.5178
      vertex 1.5 -15.4336 9.75056
      vertex 22.5 -15.4336 9.75056
    endloop
  endfacet
  facet normal 0 -0.615201 -0.78837
    outer loop
      vertex 1.5 -11.1019 4.47232
      vertex 22.5 -10.4247 3.94387
      vertex 22.5 -11.1019 4.47232
    endloop
  endfacet
  facet normal -0 -0.615201 -0.78837
    outer loop
      vertex 22.5 -10.4247 3.94387
      vertex 1.5 -11.1019 4.47232
      vertex 1.5 -10.4247 3.94387
    endloop
  endfacet
  facet normal 0 -0.575832 -0.817568
    outer loop
      vertex 1.5 -10.4247 3.94387
      vertex 22.5 -9.72248 3.44928
      vertex 22.5 -10.4247 3.94387
    endloop
  endfacet
  facet normal -0 -0.575832 -0.817568
    outer loop
      vertex 22.5 -9.72248 3.44928
      vertex 1.5 -10.4247 3.94387
      vertex 1.5 -9.72248 3.44928
    endloop
  endfacet
  facet normal 0 -0.724293 -0.689492
    outer loop
      vertex 1.5 -12.3744 5.62563
      vertex 22.5 -12.9666 6.24772
      vertex 1.5 -12.9666 6.24772
    endloop
  endfacet
  facet normal 0 -0.724293 -0.689492
    outer loop
      vertex 22.5 -12.9666 6.24772
      vertex 1.5 -12.3744 5.62563
      vertex 22.5 -12.3744 5.62563
    endloop
  endfacet
  facet normal 0 0.992486 -0.122358
    outer loop
      vertex 8 17.3106 15.4322
      vertex 1.5 17.4157 16.2847
      vertex 8 17.4157 16.2847
    endloop
  endfacet
  facet normal 0 0.992486 -0.122358
    outer loop
      vertex 1.5 17.4157 16.2847
      vertex 8 17.3106 15.4322
      vertex 1.5 17.3106 15.4322
    endloop
  endfacet
  facet normal 0 0.992486 -0.122358
    outer loop
      vertex 22.5 17.3106 15.4322
      vertex 16 17.4157 16.2847
      vertex 22.5 17.4157 16.2847
    endloop
  endfacet
  facet normal 0 0.992486 -0.122358
    outer loop
      vertex 16 17.4157 16.2847
      vertex 22.5 17.3106 15.4322
      vertex 16 17.3106 15.4322
    endloop
  endfacet
  facet normal 0 0.575832 -0.817568
    outer loop
      vertex 1.5 9.72248 3.44928
      vertex 22.5 10.4247 3.94387
      vertex 22.5 9.72248 3.44928
    endloop
  endfacet
  facet normal 0 0.575832 -0.817568
    outer loop
      vertex 22.5 10.4247 3.94387
      vertex 1.5 9.72248 3.44928
      vertex 1.5 10.4247 3.94387
    endloop
  endfacet
  facet normal 0 0.615201 -0.78837
    outer loop
      vertex 1.5 10.4247 3.94387
      vertex 22.5 11.1019 4.47232
      vertex 22.5 10.4247 3.94387
    endloop
  endfacet
  facet normal 0 0.615201 -0.78837
    outer loop
      vertex 22.5 11.1019 4.47232
      vertex 1.5 10.4247 3.94387
      vertex 1.5 11.1019 4.47232
    endloop
  endfacet
  facet normal 0 0.975703 -0.219099
    outer loop
      vertex 22.5 16.9755 13.7478
      vertex 1.5 17.1637 14.5859
      vertex 22.5 17.1637 14.5859
    endloop
  endfacet
  facet normal 0 0.975703 -0.219099
    outer loop
      vertex 1.5 17.1637 14.5859
      vertex 22.5 16.9755 13.7478
      vertex 1.5 16.9755 13.7478
    endloop
  endfacet
  facet normal -1 0 0
    outer loop
      vertex 1.5 -9.72248 3.44928
      vertex 1.5 -9 6.63628
      vertex 1.5 -9 3.2
    endloop
  endfacet
  facet normal -1 0 0
    outer loop
      vertex 1.5 -9.72248 3.44928
      vertex 1.5 -9 3.2
      vertex 1.5 -9.32882 3.2
    endloop
  endfacet
  facet normal -1 0 0
    outer loop
      vertex 1.5 -10.4247 3.94387
      vertex 1.5 -9 6.63628
      vertex 1.5 -9.72248 3.44928
    endloop
  endfacet
  facet normal -1 0 0
    outer loop
      vertex 1.5 -11.1019 4.47232
      vertex 1.5 -9 6.63628
      vertex 1.5 -10.4247 3.94387
    endloop
  endfacet
  facet normal -1 -0 0
    outer loop
      vertex 1.5 -9 6.63628
      vertex 1.5 -11.1019 4.47232
      vertex 1.5 -9.1987 6.79135
    endloop
  endfacet
  facet normal -1 -0 0
    outer loop
      vertex 1.5 -9.1987 6.79135
      vertex 1.5 -11.1019 4.47232
      vertex 1.5 -9.7376 7.25621
    endloop
  endfacet
  facet normal -1 0 0
    outer loop
      vertex 1.5 -11.7523 5.03335
      vertex 1.5 -9.7376 7.25621
      vertex 1.5 -11.1019 4.47232
    endloop
  endfacet
  facet normal -1 -0 0
    outer loop
      vertex 1.5 -9.7376 7.25621
      vertex 1.5 -11.7523 5.03335
      vertex 1.5 -10.253 7.74695
    endloop
  endfacet
  facet normal -1 0 0
    outer loop
      vertex 1.5 -12.3744 5.62563
      vertex 1.5 -10.253 7.74695
      vertex 1.5 -11.7523 5.03335
    endloop
  endfacet
  facet normal -1 -0 0
    outer loop
      vertex 1.5 -10.253 7.74695
      vertex 1.5 -12.3744 5.62563
      vertex 1.5 -10.7438 8.26239
    endloop
  endfacet
  facet normal -1 0 0
    outer loop
      vertex 1.5 -12.9666 6.24772
      vertex 1.5 -10.7438 8.26239
      vertex 1.5 -12.3744 5.62563
    endloop
  endfacet
  facet normal -1 -0 0
    outer loop
      vertex 1.5 -10.7438 8.26239
      vertex 1.5 -12.9666 6.24772
      vertex 1.5 -11.2087 8.8013
    endloop
  endfacet
  facet normal -1 0 0
    outer loop
      vertex 1.5 -13.5277 6.89812
      vertex 1.5 -11.2087 8.8013
      vertex 1.5 -12.9666 6.24772
    endloop
  endfacet
  facet normal -1 -0 0
    outer loop
      vertex 1.5 -11.2087 8.8013
      vertex 1.5 -13.5277 6.89812
      vertex 1.5 -11.6465 9.36236
    endloop
  endfacet
  facet normal -1 0 0
    outer loop
      vertex 1.5 -14.0561 7.57526
      vertex 1.5 -11.6465 9.36236
      vertex 1.5 -13.5277 6.89812
    endloop
  endfacet
  facet normal -1 -0 0
    outer loop
      vertex 1.5 -11.6465 9.36236
      vertex 1.5 -14.0561 7.57526
      vertex 1.5 -12.0563 9.94423
    endloop
  endfacet
  facet normal -1 0 0
    outer loop
      vertex 1.5 -14.5507 8.27752
      vertex 1.5 -12.0563 9.94423
      vertex 1.5 -14.0561 7.57526
    endloop
  endfacet
  facet normal -1 -0 0
    outer loop
      vertex 1.5 -12.0563 9.94423
      vertex 1.5 -14.5507 8.27752
      vertex 1.5 -12.4371 10.5455
    endloop
  endfacet
  facet normal -1 0 0
    outer loop
      vertex 1.5 -15.0103 9.0032
      vertex 1.5 -12.4371 10.5455
      vertex 1.5 -14.5507 8.27752
    endloop
  endfacet
  facet normal -1 -0 0
    outer loop
      vertex 1.5 -12.4371 10.5455
      vertex 1.5 -15.0103 9.0032
      vertex 1.5 -12.7879 11.1647
    endloop
  endfacet
  facet normal -1 0 0
    outer loop
      vertex 1.5 -15.4336 9.75056
      vertex 1.5 -12.7879 11.1647
      vertex 1.5 -15.0103 9.0032
    endloop
  endfacet
  facet normal -1 -0 0
    outer loop
      vertex 1.5 -12.7879 11.1647
      vertex 1.5 -15.4336 9.75056
      vertex 1.5 -13.1078 11.8005
    endloop
  endfacet
  facet normal -1 0 0
    outer loop
      vertex 1.5 -15.8198 10.5178
      vertex 1.5 -13.1078 11.8005
      vertex 1.5 -15.4336 9.75056
    endloop
  endfacet
  facet normal -1 -0 0
    outer loop
      vertex 1.5 -13.1078 11.8005
      vertex 1.5 -15.8198 10.5178
      vertex 1.5 -13.3963 12.4511
    endloop
  endfacet
  facet normal -1 0 0
    outer loop
      vertex 1.5 -16.1679 11.303
      vertex 1.5 -13.3963 12.4511
      vertex 1.5 -15.8198 10.5178
    endloop
  endfacet
  facet normal -1 -0 0
    outer loop
      vertex 1.5 -13.3963 12.4511
      vertex 1.5 -16.1679 11.303
      vertex 1.5 -13.6524 13.1151
    endloop
  endfacet
  facet normal -1 0 0
    outer loop
      vertex 1.5 -16.477 12.1044
      vertex 1.5 -13.6524 13.1151
      vertex 1.5 -16.1679 11.303
    endloop
  endfacet
  facet normal -1 -0 0
    outer loop
      vertex 1.5 -13.6524 13.1151
      vertex 1.5 -16.477 12.1044
      vertex 1.5 -13.8756 13.7909
    endloop
  endfacet
  facet normal -1 0 0
    outer loop
      vertex 1.5 -16.7465 12.92
      vertex 1.5 -13.8756 13.7909
      vertex 1.5 -16.477 12.1044
    endloop
  endfacet
  facet normal -1 -0 0
    outer loop
      vertex 1.5 -13.8756 13.7909
      vertex 1.5 -16.7465 12.92
      vertex 1.5 -14.0655 14.4768
    endloop
  endfacet
  facet normal -1 0 0
    outer loop
      vertex 1.5 -16.9755 13.7478
      vertex 1.5 -14.0655 14.4768
      vertex 1.5 -16.7465 12.92
    endloop
  endfacet
  facet normal -1 -0 0
    outer loop
      vertex 1.5 -14.0655 14.4768
      vertex 1.5 -16.9755 13.7478
      vertex 1.5 -14.2214 15.1712
    endloop
  endfacet
  facet normal -1 0 0
    outer loop
      vertex 1.5 -17.1637 14.5859
      vertex 1.5 -14.2214 15.1712
      vertex 1.5 -16.9755 13.7478
    endloop
  endfacet
  facet normal -1 -0 0
    outer loop
      vertex 1.5 -14.2214 15.1712
      vertex 1.5 -17.1637 14.5859
      vertex 1.5 -14.3431 15.8724
    endloop
  endfacet
  facet normal -1 0 0
    outer loop
      vertex 1.5 -17.3106 15.4322
      vertex 1.5 -14.3431 15.8724
      vertex 1.5 -17.1637 14.5859
    endloop
  endfacet
  facet normal -1 -0 0
    outer loop
      vertex 1.5 -14.3431 15.8724
      vertex 1.5 -17.3106 15.4322
      vertex 1.5 -14.4302 16.5788
    endloop
  endfacet
  facet normal -1 0 0
    outer loop
      vertex 1.5 -17.4157 16.2847
      vertex 1.5 -14.4302 16.5788
      vertex 1.5 -17.3106 15.4322
    endloop
  endfacet
  facet normal -1 -0 0
    outer loop
      vertex 1.5 -14.4302 16.5788
      vertex 1.5 -17.4157 16.2847
      vertex 1.5 -14.4825 17.2885
    endloop
  endfacet
  facet normal -1 0 0
    outer loop
      vertex 1.5 -17.4789 17.1413
      vertex 1.5 -14.4825 17.2885
      vertex 1.5 -17.4157 16.2847
    endloop
  endfacet
  facet normal -1 -0 0
    outer loop
      vertex 1.5 -14.4825 17.2885
      vertex 1.5 -17.4789 17.1413
      vertex 1.5 -14.4926 17.7
    endloop
  endfacet
  facet normal -1 -0 0
    outer loop
      vertex 1.5 -14.4926 17.7
      vertex 1.5 -17.4789 17.1413
      vertex 1.5 -17.4926 17.7
    endloop
  endfacet
  facet normal -1 0 0
    outer loop
      vertex 1.5 14.4825 17.2885
      vertex 1.5 17.4789 17.1413
      vertex 1.5 17.4157 16.2847
    endloop
  endfacet
  facet normal -1 0 0
    outer loop
      vertex 1.5 14.4302 16.5788
      vertex 1.5 17.4157 16.2847
      vertex 1.5 17.3106 15.4322
    endloop
  endfacet
  facet normal -1 0 0
    outer loop
      vertex 1.5 14.3431 15.8724
      vertex 1.5 17.3106 15.4322
      vertex 1.5 17.1637 14.5859
    endloop
  endfacet
  facet normal -1 0 0
    outer loop
      vertex 1.5 14.2214 15.1712
      vertex 1.5 17.1637 14.5859
      vertex 1.5 16.9755 13.7478
    endloop
  endfacet
  facet normal -1 0 0
    outer loop
      vertex 1.5 14.0655 14.4768
      vertex 1.5 16.9755 13.7478
      vertex 1.5 16.7465 12.92
    endloop
  endfacet
  facet normal -1 0 0
    outer loop
      vertex 1.5 13.8756 13.7909
      vertex 1.5 16.7465 12.92
      vertex 1.5 16.477 12.1044
    endloop
  endfacet
  facet normal -1 0 0
    outer loop
      vertex 1.5 13.6524 13.1151
      vertex 1.5 16.477 12.1044
      vertex 1.5 16.1679 11.303
    endloop
  endfacet
  facet normal -1 0 0
    outer loop
      vertex 1.5 13.3963 12.4511
      vertex 1.5 16.1679 11.303
      vertex 1.5 15.8198 10.5178
    endloop
  endfacet
  facet normal -1 0 0
    outer loop
      vertex 1.5 13.1078 11.8005
      vertex 1.5 15.8198 10.5178
      vertex 1.5 15.4336 9.75056
    endloop
  endfacet
  facet normal -1 0 0
    outer loop
      vertex 1.5 12.7879 11.1647
      vertex 1.5 15.4336 9.75056
      vertex 1.5 15.0103 9.0032
    endloop
  endfacet
  facet normal -1 0 0
    outer loop
      vertex 1.5 12.4371 10.5455
      vertex 1.5 15.0103 9.0032
      vertex 1.5 14.5507 8.27752
    endloop
  endfacet
  facet normal -1 0 0
    outer loop
      vertex 1.5 16.7465 12.92
      vertex 1.5 13.8756 13.7909
      vertex 1.5 14.0655 14.4768
    endloop
  endfacet
  facet normal -1 -0 0
    outer loop
      vertex 1.5 17.4926 17.7
      vertex 1.5 14.4825 17.2885
      vertex 1.5 14.4926 17.7
    endloop
  endfacet
  facet normal -1 0 0
    outer loop
      vertex 1.5 17.4789 17.1413
      vertex 1.5 14.4825 17.2885
      vertex 1.5 17.4926 17.7
    endloop
  endfacet
  facet normal -1 0 -0
    outer loop
      vertex 1.5 14.4825 17.2885
      vertex 1.5 17.4157 16.2847
      vertex 1.5 14.4302 16.5788
    endloop
  endfacet
  facet normal -1 0 0
    outer loop
      vertex 1.5 17.3106 15.4322
      vertex 1.5 14.3431 15.8724
      vertex 1.5 14.4302 16.5788
    endloop
  endfacet
  facet normal -1 0 0
    outer loop
      vertex 1.5 17.1637 14.5859
      vertex 1.5 14.2214 15.1712
      vertex 1.5 14.3431 15.8724
    endloop
  endfacet
  facet normal -1 0 0
    outer loop
      vertex 1.5 12.0563 9.94423
      vertex 1.5 14.5507 8.27752
      vertex 1.5 14.0561 7.57526
    endloop
  endfacet
  facet normal -1 0 0
    outer loop
      vertex 1.5 16.9755 13.7478
      vertex 1.5 14.0655 14.4768
      vertex 1.5 14.2214 15.1712
    endloop
  endfacet
  facet normal -1 0 0
    outer loop
      vertex 1.5 16.477 12.1044
      vertex 1.5 13.6524 13.1151
      vertex 1.5 13.8756 13.7909
    endloop
  endfacet
  facet normal -1 0 0
    outer loop
      vertex 1.5 11.6465 9.36236
      vertex 1.5 14.0561 7.57526
      vertex 1.5 13.5277 6.89812
    endloop
  endfacet
  facet normal -1 0 0
    outer loop
      vertex 1.5 16.1679 11.303
      vertex 1.5 13.3963 12.4511
      vertex 1.5 13.6524 13.1151
    endloop
  endfacet
  facet normal -1 0 0
    outer loop
      vertex 1.5 15.8198 10.5178
      vertex 1.5 13.1078 11.8005
      vertex 1.5 13.3963 12.4511
    endloop
  endfacet
  facet normal -1 0 0
    outer loop
      vertex 1.5 11.2087 8.8013
      vertex 1.5 13.5277 6.89812
      vertex 1.5 12.9666 6.24772
    endloop
  endfacet
  facet normal -1 0 0
    outer loop
      vertex 1.5 15.4336 9.75056
      vertex 1.5 12.7879 11.1647
      vertex 1.5 13.1078 11.8005
    endloop
  endfacet
  facet normal -1 0 0
    outer loop
      vertex 1.5 15.0103 9.0032
      vertex 1.5 12.4371 10.5455
      vertex 1.5 12.7879 11.1647
    endloop
  endfacet
  facet normal -1 0 0
    outer loop
      vertex 1.5 10.7438 8.26239
      vertex 1.5 12.9666 6.24772
      vertex 1.5 12.3744 5.62563
    endloop
  endfacet
  facet normal -1 0 0
    outer loop
      vertex 1.5 14.5507 8.27752
      vertex 1.5 12.0563 9.94423
      vertex 1.5 12.4371 10.5455
    endloop
  endfacet
  facet normal -1 0 0
    outer loop
      vertex 1.5 10.253 7.74695
      vertex 1.5 12.3744 5.62563
      vertex 1.5 11.7523 5.03335
    endloop
  endfacet
  facet normal -1 0 0
    outer loop
      vertex 1.5 14.0561 7.57526
      vertex 1.5 11.6465 9.36236
      vertex 1.5 12.0563 9.94423
    endloop
  endfacet
  facet normal -1 0 0
    outer loop
      vertex 1.5 13.5277 6.89812
      vertex 1.5 11.2087 8.8013
      vertex 1.5 11.6465 9.36236
    endloop
  endfacet
  facet normal -1 0 0
    outer loop
      vertex 1.5 9.7376 7.25621
      vertex 1.5 11.7523 5.03335
      vertex 1.5 11.1019 4.47232
    endloop
  endfacet
  facet normal -1 0 0
    outer loop
      vertex 1.5 12.9666 6.24772
      vertex 1.5 10.7438 8.26239
      vertex 1.5 11.2087 8.8013
    endloop
  endfacet
  facet normal -1 0 0
    outer loop
      vertex 1.5 9 6.63628
      vertex 1.5 11.1019 4.47232
      vertex 1.5 10.4247 3.94387
    endloop
  endfacet
  facet normal -1 0 0
    outer loop
      vertex 1.5 12.3744 5.62563
      vertex 1.5 10.253 7.74695
      vertex 1.5 10.7438 8.26239
    endloop
  endfacet
  facet normal -1 0 0
    outer loop
      vertex 1.5 11.7523 5.03335
      vertex 1.5 9.7376 7.25621
      vertex 1.5 10.253 7.74695
    endloop
  endfacet
  facet normal -1 0 0
    outer loop
      vertex 1.5 9 6.63628
      vertex 1.5 10.4247 3.94387
      vertex 1.5 9.72248 3.44928
    endloop
  endfacet
  facet normal -1 0 0
    outer loop
      vertex 1.5 9 3.2
      vertex 1.5 9.72248 3.44928
      vertex 1.5 9.32882 3.2
    endloop
  endfacet
  facet normal -1 0 0
    outer loop
      vertex 1.5 11.1019 4.47232
      vertex 1.5 9.1987 6.79135
      vertex 1.5 9.7376 7.25621
    endloop
  endfacet
  facet normal -1 -0 0
    outer loop
      vertex 1.5 9.72248 3.44928
      vertex 1.5 9 3.2
      vertex 1.5 9 6.63628
    endloop
  endfacet
  facet normal -1 0 0
    outer loop
      vertex 1.5 11.1019 4.47232
      vertex 1.5 9 6.63628
      vertex 1.5 9.1987 6.79135
    endloop
  endfacet
  facet normal 0 -0.788372 -0.615199
    outer loop
      vertex 1.5 -13.5277 6.89812
      vertex 22.5 -14.0561 7.57526
      vertex 1.5 -14.0561 7.57526
    endloop
  endfacet
  facet normal 0 -0.788372 -0.615199
    outer loop
      vertex 22.5 -14.0561 7.57526
      vertex 1.5 -13.5277 6.89812
      vertex 22.5 -13.5277 6.89812
    endloop
  endfacet
  facet normal 0 -0.689569 0.72422
    outer loop
      vertex 1.5 10.253 7.74695
      vertex 22.5 9.7376 7.25621
      vertex 22.5 10.253 7.74695
    endloop
  endfacet
  facet normal 0 -0.689569 0.72422
    outer loop
      vertex 22.5 9.7376 7.25621
      vertex 1.5 10.253 7.74695
      vertex 1.5 9.7376 7.25621
    endloop
  endfacet
  facet normal 0 -0.914153 0.405369
    outer loop
      vertex 1.5 13.1078 11.8005
      vertex 22.5 13.3963 12.4511
      vertex 1.5 13.3963 12.4511
    endloop
  endfacet
  facet normal 0 -0.914153 0.405369
    outer loop
      vertex 22.5 13.3963 12.4511
      vertex 1.5 13.1078 11.8005
      vertex 22.5 13.1078 11.8005
    endloop
  endfacet
  facet normal 0 -0.98527 0.171003
    outer loop
      vertex 1.5 14.2214 15.1712
      vertex 22.5 14.3431 15.8724
      vertex 1.5 14.3431 15.8724
    endloop
  endfacet
  facet normal 0 -0.98527 0.171003
    outer loop
      vertex 22.5 14.3431 15.8724
      vertex 1.5 14.2214 15.1712
      vertex 22.5 14.2214 15.1712
    endloop
  endfacet
  facet normal 0 0.914153 0.405369
    outer loop
      vertex 22.5 -13.1078 11.8005
      vertex 1.5 -13.3963 12.4511
      vertex 22.5 -13.3963 12.4511
    endloop
  endfacet
  facet normal 0 0.914153 0.405369
    outer loop
      vertex 1.5 -13.3963 12.4511
      vertex 22.5 -13.1078 11.8005
      vertex 1.5 -13.1078 11.8005
    endloop
  endfacet
  facet normal 0 -0.975712 0.219057
    outer loop
      vertex 1.5 14.0655 14.4768
      vertex 22.5 14.2214 15.1712
      vertex 1.5 14.2214 15.1712
    endloop
  endfacet
  facet normal 0 -0.975712 0.219057
    outer loop
      vertex 22.5 14.2214 15.1712
      vertex 1.5 14.0655 14.4768
      vertex 22.5 14.0655 14.4768
    endloop
  endfacet
  facet normal 0 0.992484 0.122375
    outer loop
      vertex 22.5 -14.3431 15.8724
      vertex 1.5 -14.4302 16.5788
      vertex 22.5 -14.4302 16.5788
    endloop
  endfacet
  facet normal 0 0.992484 0.122375
    outer loop
      vertex 1.5 -14.4302 16.5788
      vertex 22.5 -14.3431 15.8724
      vertex 1.5 -14.3431 15.8724
    endloop
  endfacet
  facet normal 0 -0.817584 0.575809
    outer loop
      vertex 1.5 11.6465 9.36236
      vertex 22.5 12.0563 9.94423
      vertex 1.5 12.0563 9.94423
    endloop
  endfacet
  facet normal 0 -0.817584 0.575809
    outer loop
      vertex 22.5 12.0563 9.94423
      vertex 1.5 11.6465 9.36236
      vertex 22.5 11.6465 9.36236
    endloop
  endfacet
  facet normal 0 -0.8933 0.44946
    outer loop
      vertex 1.5 12.7879 11.1647
      vertex 22.5 13.1078 11.8005
      vertex 1.5 13.1078 11.8005
    endloop
  endfacet
  facet normal 0 -0.8933 0.44946
    outer loop
      vertex 22.5 13.1078 11.8005
      vertex 1.5 12.7879 11.1647
      vertex 22.5 12.7879 11.1647
    endloop
  endfacet
  facet normal 0 -0.949551 0.313613
    outer loop
      vertex 1.5 13.6524 13.1151
      vertex 22.5 13.8756 13.7909
      vertex 1.5 13.8756 13.7909
    endloop
  endfacet
  facet normal 0 -0.949551 0.313613
    outer loop
      vertex 22.5 13.8756 13.7909
      vertex 1.5 13.6524 13.1151
      vertex 22.5 13.6524 13.1151
    endloop
  endfacet
  facet normal -0 0.615239 0.788341
    outer loop
      vertex 1.5 -9 6.63628
      vertex 22.5 -9.1987 6.79135
      vertex 22.5 -9 6.63628
    endloop
  endfacet
  facet normal 0 0.615239 0.788341
    outer loop
      vertex 22.5 -9.1987 6.79135
      vertex 1.5 -9 6.63628
      vertex 1.5 -9.1987 6.79135
    endloop
  endfacet
  facet normal 0 0.997296 0.0734938
    outer loop
      vertex 22.5 -14.4302 16.5788
      vertex 1.5 -14.4825 17.2885
      vertex 22.5 -14.4825 17.2885
    endloop
  endfacet
  facet normal 0 0.997296 0.0734938
    outer loop
      vertex 1.5 -14.4825 17.2885
      vertex 22.5 -14.4302 16.5788
      vertex 1.5 -14.4302 16.5788
    endloop
  endfacet
  facet normal 0 0.817584 0.575809
    outer loop
      vertex 22.5 -11.6465 9.36236
      vertex 1.5 -12.0563 9.94423
      vertex 22.5 -12.0563 9.94423
    endloop
  endfacet
  facet normal 0 0.817584 0.575809
    outer loop
      vertex 1.5 -12.0563 9.94423
      vertex 22.5 -11.6465 9.36236
      vertex 1.5 -11.6465 9.36236
    endloop
  endfacet
  facet normal 0 0.87007 0.492927
    outer loop
      vertex 22.5 -12.4371 10.5455
      vertex 1.5 -12.7879 11.1647
      vertex 22.5 -12.7879 11.1647
    endloop
  endfacet
  facet normal 0 0.87007 0.492927
    outer loop
      vertex 1.5 -12.7879 11.1647
      vertex 22.5 -12.4371 10.5455
      vertex 1.5 -12.4371 10.5455
    endloop
  endfacet
  facet normal 0 -0.844822 0.535048
    outer loop
      vertex 1.5 12.0563 9.94423
      vertex 22.5 12.4371 10.5455
      vertex 1.5 12.4371 10.5455
    endloop
  endfacet
  facet normal 0 -0.844822 0.535048
    outer loop
      vertex 22.5 12.4371 10.5455
      vertex 1.5 12.0563 9.94423
      vertex 22.5 12.0563 9.94423
    endloop
  endfacet
  facet normal 0 -0.757186 0.653199
    outer loop
      vertex 1.5 10.7438 8.26239
      vertex 22.5 11.2087 8.8013
      vertex 1.5 11.2087 8.8013
    endloop
  endfacet
  facet normal 0 -0.757186 0.653199
    outer loop
      vertex 22.5 11.2087 8.8013
      vertex 1.5 10.7438 8.26239
      vertex 22.5 10.7438 8.26239
    endloop
  endfacet
  facet normal -0 0.689569 0.72422
    outer loop
      vertex 1.5 -9.7376 7.25621
      vertex 22.5 -10.253 7.74695
      vertex 22.5 -9.7376 7.25621
    endloop
  endfacet
  facet normal 0 0.689569 0.72422
    outer loop
      vertex 22.5 -10.253 7.74695
      vertex 1.5 -9.7376 7.25621
      vertex 1.5 -10.253 7.74695
    endloop
  endfacet
  facet normal 0 -0.615239 0.788341
    outer loop
      vertex 1.5 9.1987 6.79135
      vertex 22.5 9 6.63628
      vertex 22.5 9.1987 6.79135
    endloop
  endfacet
  facet normal 0 -0.615239 0.788341
    outer loop
      vertex 22.5 9 6.63628
      vertex 1.5 9.1987 6.79135
      vertex 1.5 9 6.63628
    endloop
  endfacet
  facet normal 0 0.999699 0.024537
    outer loop
      vertex 22.5 -14.4825 17.2885
      vertex 1.5 -14.4926 17.7
      vertex 22.5 -14.4926 17.7
    endloop
  endfacet
  facet normal 0 0.999699 0.024537
    outer loop
      vertex 1.5 -14.4926 17.7
      vertex 22.5 -14.4825 17.2885
      vertex 1.5 -14.4825 17.2885
    endloop
  endfacet
  facet normal 0 -0.963745 0.266825
    outer loop
      vertex 1.5 13.8756 13.7909
      vertex 22.5 14.0655 14.4768
      vertex 1.5 14.0655 14.4768
    endloop
  endfacet
  facet normal 0 -0.963745 0.266825
    outer loop
      vertex 22.5 14.0655 14.4768
      vertex 1.5 13.8756 13.7909
      vertex 22.5 13.8756 13.7909
    endloop
  endfacet
  facet normal 0 0.975712 0.219057
    outer loop
      vertex 22.5 -14.0655 14.4768
      vertex 1.5 -14.2214 15.1712
      vertex 22.5 -14.2214 15.1712
    endloop
  endfacet
  facet normal 0 0.975712 0.219057
    outer loop
      vertex 1.5 -14.2214 15.1712
      vertex 22.5 -14.0655 14.4768
      vertex 1.5 -14.0655 14.4768
    endloop
  endfacet
  facet normal -0 0.653174 0.757208
    outer loop
      vertex 1.5 -9.1987 6.79135
      vertex 22.5 -9.7376 7.25621
      vertex 22.5 -9.1987 6.79135
    endloop
  endfacet
  facet normal 0 0.653174 0.757208
    outer loop
      vertex 22.5 -9.7376 7.25621
      vertex 1.5 -9.1987 6.79135
      vertex 1.5 -9.7376 7.25621
    endloop
  endfacet
  facet normal 0 -0.87007 0.492927
    outer loop
      vertex 1.5 12.4371 10.5455
      vertex 22.5 12.7879 11.1647
      vertex 1.5 12.7879 11.1647
    endloop
  endfacet
  facet normal 0 -0.87007 0.492927
    outer loop
      vertex 22.5 12.7879 11.1647
      vertex 1.5 12.4371 10.5455
      vertex 22.5 12.4371 10.5455
    endloop
  endfacet
  facet normal 0 -0.997296 0.0734938
    outer loop
      vertex 1.5 14.4302 16.5788
      vertex 22.5 14.4825 17.2885
      vertex 1.5 14.4825 17.2885
    endloop
  endfacet
  facet normal 0 -0.997296 0.0734938
    outer loop
      vertex 22.5 14.4825 17.2885
      vertex 1.5 14.4302 16.5788
      vertex 22.5 14.4302 16.5788
    endloop
  endfacet
  facet normal 0 -0.724205 0.689585
    outer loop
      vertex 1.5 10.253 7.74695
      vertex 22.5 10.7438 8.26239
      vertex 1.5 10.7438 8.26239
    endloop
  endfacet
  facet normal 0 -0.724205 0.689585
    outer loop
      vertex 22.5 10.7438 8.26239
      vertex 1.5 10.253 7.74695
      vertex 22.5 10.253 7.74695
    endloop
  endfacet
  facet normal 0 -0.933008 0.359855
    outer loop
      vertex 1.5 13.3963 12.4511
      vertex 22.5 13.6524 13.1151
      vertex 1.5 13.6524 13.1151
    endloop
  endfacet
  facet normal 0 -0.933008 0.359855
    outer loop
      vertex 22.5 13.6524 13.1151
      vertex 1.5 13.3963 12.4511
      vertex 22.5 13.3963 12.4511
    endloop
  endfacet
  facet normal 0 -0.992484 0.122375
    outer loop
      vertex 1.5 14.3431 15.8724
      vertex 22.5 14.4302 16.5788
      vertex 1.5 14.4302 16.5788
    endloop
  endfacet
  facet normal 0 -0.992484 0.122375
    outer loop
      vertex 22.5 14.4302 16.5788
      vertex 1.5 14.3431 15.8724
      vertex 22.5 14.3431 15.8724
    endloop
  endfacet
  facet normal 0 -0.788384 0.615183
    outer loop
      vertex 1.5 11.2087 8.8013
      vertex 22.5 11.6465 9.36236
      vertex 1.5 11.6465 9.36236
    endloop
  endfacet
  facet normal 0 -0.788384 0.615183
    outer loop
      vertex 22.5 11.6465 9.36236
      vertex 1.5 11.2087 8.8013
      vertex 22.5 11.2087 8.8013
    endloop
  endfacet
  facet normal 0 0.724205 0.689585
    outer loop
      vertex 22.5 -10.253 7.74695
      vertex 1.5 -10.7438 8.26239
      vertex 22.5 -10.7438 8.26239
    endloop
  endfacet
  facet normal 0 0.724205 0.689585
    outer loop
      vertex 1.5 -10.7438 8.26239
      vertex 22.5 -10.253 7.74695
      vertex 1.5 -10.253 7.74695
    endloop
  endfacet
  facet normal 0 0.757186 0.653199
    outer loop
      vertex 22.5 -10.7438 8.26239
      vertex 1.5 -11.2087 8.8013
      vertex 22.5 -11.2087 8.8013
    endloop
  endfacet
  facet normal 0 0.757186 0.653199
    outer loop
      vertex 1.5 -11.2087 8.8013
      vertex 22.5 -10.7438 8.26239
      vertex 1.5 -10.7438 8.26239
    endloop
  endfacet
  facet normal 0 -0.999699 0.024537
    outer loop
      vertex 1.5 14.4825 17.2885
      vertex 22.5 14.4926 17.7
      vertex 1.5 14.4926 17.7
    endloop
  endfacet
  facet normal 0 -0.999699 0.024537
    outer loop
      vertex 22.5 14.4926 17.7
      vertex 1.5 14.4825 17.2885
      vertex 22.5 14.4825 17.2885
    endloop
  endfacet
  facet normal 0 0.844822 0.535048
    outer loop
      vertex 22.5 -12.0563 9.94423
      vertex 1.5 -12.4371 10.5455
      vertex 22.5 -12.4371 10.5455
    endloop
  endfacet
  facet normal 0 0.844822 0.535048
    outer loop
      vertex 1.5 -12.4371 10.5455
      vertex 22.5 -12.0563 9.94423
      vertex 1.5 -12.0563 9.94423
    endloop
  endfacet
  facet normal 0 0.949551 0.313613
    outer loop
      vertex 22.5 -13.6524 13.1151
      vertex 1.5 -13.8756 13.7909
      vertex 22.5 -13.8756 13.7909
    endloop
  endfacet
  facet normal 0 0.949551 0.313613
    outer loop
      vertex 1.5 -13.8756 13.7909
      vertex 22.5 -13.6524 13.1151
      vertex 1.5 -13.6524 13.1151
    endloop
  endfacet
  facet normal 0 0.98527 0.171003
    outer loop
      vertex 22.5 -14.2214 15.1712
      vertex 1.5 -14.3431 15.8724
      vertex 22.5 -14.3431 15.8724
    endloop
  endfacet
  facet normal 0 0.98527 0.171003
    outer loop
      vertex 1.5 -14.3431 15.8724
      vertex 22.5 -14.2214 15.1712
      vertex 1.5 -14.2214 15.1712
    endloop
  endfacet
  facet normal 0 0.963745 0.266825
    outer loop
      vertex 22.5 -13.8756 13.7909
      vertex 1.5 -14.0655 14.4768
      vertex 22.5 -14.0655 14.4768
    endloop
  endfacet
  facet normal 0 0.963745 0.266825
    outer loop
      vertex 1.5 -14.0655 14.4768
      vertex 22.5 -13.8756 13.7909
      vertex 1.5 -13.8756 13.7909
    endloop
  endfacet
  facet normal 0 0.8933 0.44946
    outer loop
      vertex 22.5 -12.7879 11.1647
      vertex 1.5 -13.1078 11.8005
      vertex 22.5 -13.1078 11.8005
    endloop
  endfacet
  facet normal 0 0.8933 0.44946
    outer loop
      vertex 1.5 -13.1078 11.8005
      vertex 22.5 -12.7879 11.1647
      vertex 1.5 -12.7879 11.1647
    endloop
  endfacet
  facet normal 0 -0.653174 0.757208
    outer loop
      vertex 1.5 9.7376 7.25621
      vertex 22.5 9.1987 6.79135
      vertex 22.5 9.7376 7.25621
    endloop
  endfacet
  facet normal 0 -0.653174 0.757208
    outer loop
      vertex 22.5 9.1987 6.79135
      vertex 1.5 9.7376 7.25621
      vertex 1.5 9.1987 6.79135
    endloop
  endfacet
  facet normal 0 0.933008 0.359855
    outer loop
      vertex 22.5 -13.3963 12.4511
      vertex 1.5 -13.6524 13.1151
      vertex 22.5 -13.6524 13.1151
    endloop
  endfacet
  facet normal 0 0.933008 0.359855
    outer loop
      vertex 1.5 -13.6524 13.1151
      vertex 22.5 -13.3963 12.4511
      vertex 1.5 -13.3963 12.4511
    endloop
  endfacet
  facet normal 0 0.788384 0.615183
    outer loop
      vertex 22.5 -11.2087 8.8013
      vertex 1.5 -11.6465 9.36236
      vertex 22.5 -11.6465 9.36236
    endloop
  endfacet
  facet normal 0 0.788384 0.615183
    outer loop
      vertex 1.5 -11.6465 9.36236
      vertex 22.5 -11.2087 8.8013
      vertex 1.5 -11.2087 8.8013
    endloop
  endfacet
  facet normal 0 0 1
    outer loop
      vertex 22.5 -14.4926 17.7
      vertex 16 -17.4926 17.7
      vertex 22.5 -17.4926 17.7
    endloop
  endfacet
  facet normal -0 0 1
    outer loop
      vertex 13.2008 -20.4803 17.7
      vertex 16 -21.2 17.7
      vertex 16 -17.4926 17.7
    endloop
  endfacet
  facet normal -0 -0 1
    outer loop
      vertex 13.2656 -20.6014 17.7
      vertex 16 -21.2 17.7
      vertex 13.2347 -20.54 17.7
    endloop
  endfacet
  facet normal -0 -0 1
    outer loop
      vertex 13.2934 -20.6642 17.7
      vertex 16 -21.2 17.7
      vertex 13.2656 -20.6014 17.7
    endloop
  endfacet
  facet normal -0 -0 1
    outer loop
      vertex 13.3397 -20.7936 17.7
      vertex 16 -21.2 17.7
      vertex 13.3182 -20.7284 17.7
    endloop
  endfacet
  facet normal -0 -0 1
    outer loop
      vertex 13.3731 -20.9269 17.7
      vertex 16 -21.2 17.7
      vertex 13.358 -20.8598 17.7
    endloop
  endfacet
  facet normal -0 -0 1
    outer loop
      vertex 13.3933 -21.0628 17.7
      vertex 16 -21.2 17.7
      vertex 13.3848 -20.9946 17.7
    endloop
  endfacet
  facet normal -0 -0 1
    outer loop
      vertex 13.3983 -21.1313 17.7
      vertex 16 -21.2 17.7
      vertex 13.3933 -21.0628 17.7
    endloop
  endfacet
  facet normal 0 0 1
    outer loop
      vertex 16 -21.2 17.7
      vertex 13.4 -21.2 17.7
      vertex 15.9952 -21.3963 17.7
    endloop
  endfacet
  facet normal 0 0 1
    outer loop
      vertex 15.9952 -21.3963 17.7
      vertex 13.3983 -21.2687 17.7
      vertex 15.9807 -21.5921 17.7
    endloop
  endfacet
  facet normal -0 0 1
    outer loop
      vertex 13.3933 -21.3372 17.7
      vertex 15.9807 -21.5921 17.7
      vertex 13.3983 -21.2687 17.7
    endloop
  endfacet
  facet normal -0 0 1
    outer loop
      vertex 13.3848 -21.4054 17.7
      vertex 15.9567 -21.7869 17.7
      vertex 13.3933 -21.3372 17.7
    endloop
  endfacet
  facet normal -0 0 1
    outer loop
      vertex 13.3731 -21.4731 17.7
      vertex 15.9231 -21.9804 17.7
      vertex 13.3848 -21.4054 17.7
    endloop
  endfacet
  facet normal 0 0 1
    outer loop
      vertex 15.9231 -21.9804 17.7
      vertex 13.3731 -21.4731 17.7
      vertex 15.8801 -22.1719 17.7
    endloop
  endfacet
  facet normal 0 0 1
    outer loop
      vertex 15.8801 -22.1719 17.7
      vertex 13.358 -21.5402 17.7
      vertex 15.8278 -22.3611 17.7
    endloop
  endfacet
  facet normal -0 0 1
    outer loop
      vertex 13.3397 -21.6064 17.7
      vertex 15.8278 -22.3611 17.7
      vertex 13.358 -21.5402 17.7
    endloop
  endfacet
  facet normal -0 0 1
    outer loop
      vertex 13.3182 -21.6716 17.7
      vertex 15.7662 -22.5476 17.7
      vertex 13.3397 -21.6064 17.7
    endloop
  endfacet
  facet normal -0 0 1
    outer loop
      vertex 13.2934 -21.7358 17.7
      vertex 15.6955 -22.7307 17.7
      vertex 13.3182 -21.6716 17.7
    endloop
  endfacet
  facet normal 0 0 1
    outer loop
      vertex 15.6955 -22.7307 17.7
      vertex 13.2934 -21.7358 17.7
      vertex 15.616 -22.9102 17.7
    endloop
  endfacet
  facet normal 0 0 1
    outer loop
      vertex 15.616 -22.9102 17.7
      vertex 13.2656 -21.7986 17.7
      vertex 15.5277 -23.0856 17.7
    endloop
  endfacet
  facet normal -0 0 1
    outer loop
      vertex 13.2347 -21.86 17.7
      vertex 15.5277 -23.0856 17.7
      vertex 13.2656 -21.7986 17.7
    endloop
  endfacet
  facet normal -0 0 1
    outer loop
      vertex 13.2008 -21.9197 17.7
      vertex 15.4309 -23.2564 17.7
      vertex 13.2347 -21.86 17.7
    endloop
  endfacet
  facet normal -0 0 1
    outer loop
      vertex 13.1641 -21.9778 17.7
      vertex 15.3259 -23.4223 17.7
      vertex 13.2008 -21.9197 17.7
    endloop
  endfacet
  facet normal 0 0 1
    outer loop
      vertex 15.3259 -23.4223 17.7
      vertex 13.1641 -21.9778 17.7
      vertex 15.2128 -23.5828 17.7
    endloop
  endfacet
  facet normal 0 0 1
    outer loop
      vertex 15.2128 -23.5828 17.7
      vertex 13.1245 -22.034 17.7
      vertex 15.092 -23.7376 17.7
    endloop
  endfacet
  facet normal -0 0 1
    outer loop
      vertex 13.2656 -21.7986 17.7
      vertex 15.616 -22.9102 17.7
      vertex 13.2934 -21.7358 17.7
    endloop
  endfacet
  facet normal 0 0 1
    outer loop
      vertex 15.7662 -22.5476 17.7
      vertex 13.3182 -21.6716 17.7
      vertex 15.6955 -22.7307 17.7
    endloop
  endfacet
  facet normal 0 0 1
    outer loop
      vertex 15.8278 -22.3611 17.7
      vertex 13.3397 -21.6064 17.7
      vertex 15.7662 -22.5476 17.7
    endloop
  endfacet
  facet normal -0 0 1
    outer loop
      vertex 13.358 -21.5402 17.7
      vertex 15.8801 -22.1719 17.7
      vertex 13.3731 -21.4731 17.7
    endloop
  endfacet
  facet normal 0 0 1
    outer loop
      vertex 15.9567 -21.7869 17.7
      vertex 13.3848 -21.4054 17.7
      vertex 15.9231 -21.9804 17.7
    endloop
  endfacet
  facet normal 0 0 1
    outer loop
      vertex 15.9807 -21.5921 17.7
      vertex 13.3933 -21.3372 17.7
      vertex 15.9567 -21.7869 17.7
    endloop
  endfacet
  facet normal -0 0 1
    outer loop
      vertex 13.3983 -21.2687 17.7
      vertex 15.9952 -21.3963 17.7
      vertex 13.4 -21.2 17.7
    endloop
  endfacet
  facet normal 0 -0 1
    outer loop
      vertex 13.4 -21.2 17.7
      vertex 16 -21.2 17.7
      vertex 13.3983 -21.1313 17.7
    endloop
  endfacet
  facet normal -0 -0 1
    outer loop
      vertex 13.3848 -20.9946 17.7
      vertex 16 -21.2 17.7
      vertex 13.3731 -20.9269 17.7
    endloop
  endfacet
  facet normal -0 -0 1
    outer loop
      vertex 13.358 -20.8598 17.7
      vertex 16 -21.2 17.7
      vertex 13.3397 -20.7936 17.7
    endloop
  endfacet
  facet normal -0 -0 1
    outer loop
      vertex 13.3182 -20.7284 17.7
      vertex 16 -21.2 17.7
      vertex 13.2934 -20.6642 17.7
    endloop
  endfacet
  facet normal 0 0 1
    outer loop
      vertex 16 -21.2 17.7
      vertex 13.2008 -20.4803 17.7
      vertex 13.2347 -20.54 17.7
    endloop
  endfacet
  facet normal 0 0 1
    outer loop
      vertex 16 -17.4926 17.7
      vertex 13.1641 -20.4222 17.7
      vertex 13.2008 -20.4803 17.7
    endloop
  endfacet
  facet normal 0 0 1
    outer loop
      vertex 16 -17.4926 17.7
      vertex 13.1245 -20.366 17.7
      vertex 13.1641 -20.4222 17.7
    endloop
  endfacet
  facet normal 0 0 1
    outer loop
      vertex 16 -17.4926 17.7
      vertex 13.0822 -20.3118 17.7
      vertex 13.1245 -20.366 17.7
    endloop
  endfacet
  facet normal 0 0 1
    outer loop
      vertex 16 -17.4926 17.7
      vertex 13.0373 -20.2598 17.7
      vertex 13.0822 -20.3118 17.7
    endloop
  endfacet
  facet normal 0 0 1
    outer loop
      vertex 16 -17.4926 17.7
      vertex 12.9899 -20.21 17.7
      vertex 13.0373 -20.2598 17.7
    endloop
  endfacet
  facet normal 0 0 1
    outer loop
      vertex 16 -17.4926 17.7
      vertex 12.9402 -20.1627 17.7
      vertex 12.9899 -20.21 17.7
    endloop
  endfacet
  facet normal 0 0 1
    outer loop
      vertex 16 -17.4926 17.7
      vertex 12.8882 -20.1178 17.7
      vertex 12.9402 -20.1627 17.7
    endloop
  endfacet
  facet normal 0 0 1
    outer loop
      vertex 16 -17.4926 17.7
      vertex 12.834 -20.0755 17.7
      vertex 12.8882 -20.1178 17.7
    endloop
  endfacet
  facet normal 0 0 1
    outer loop
      vertex 16 -17.4926 17.7
      vertex 12.7778 -20.0359 17.7
      vertex 12.834 -20.0755 17.7
    endloop
  endfacet
  facet normal 0 0 1
    outer loop
      vertex 16 -17.4926 17.7
      vertex 12.7197 -19.9992 17.7
      vertex 12.7778 -20.0359 17.7
    endloop
  endfacet
  facet normal 0 0 1
    outer loop
      vertex 16 -17.4926 17.7
      vertex 12.66 -19.9653 17.7
      vertex 12.7197 -19.9992 17.7
    endloop
  endfacet
  facet normal 0 0 1
    outer loop
      vertex 16 -17.4926 17.7
      vertex 12.5986 -19.9344 17.7
      vertex 12.66 -19.9653 17.7
    endloop
  endfacet
  facet normal 0 0 1
    outer loop
      vertex 16 -17.4926 17.7
      vertex 12.5358 -19.9066 17.7
      vertex 12.5986 -19.9344 17.7
    endloop
  endfacet
  facet normal 0 0 1
    outer loop
      vertex 16 -17.4926 17.7
      vertex 12.4716 -19.8818 17.7
      vertex 12.5358 -19.9066 17.7
    endloop
  endfacet
  facet normal 0 0 1
    outer loop
      vertex 16 -17.4926 17.7
      vertex 12.4064 -19.8603 17.7
      vertex 12.4716 -19.8818 17.7
    endloop
  endfacet
  facet normal 0 0 1
    outer loop
      vertex 16 -17.4926 17.7
      vertex 12.3402 -19.842 17.7
      vertex 12.4064 -19.8603 17.7
    endloop
  endfacet
  facet normal 0 0 1
    outer loop
      vertex 16 -17.4926 17.7
      vertex 12.2731 -19.8269 17.7
      vertex 12.3402 -19.842 17.7
    endloop
  endfacet
  facet normal 0 0 1
    outer loop
      vertex 16 -17.4926 17.7
      vertex 12.2054 -19.8152 17.7
      vertex 12.2731 -19.8269 17.7
    endloop
  endfacet
  facet normal 0 0 1
    outer loop
      vertex 16 -17.4926 17.7
      vertex 12.1372 -19.8067 17.7
      vertex 12.2054 -19.8152 17.7
    endloop
  endfacet
  facet normal 0 0 1
    outer loop
      vertex 16 -17.4926 17.7
      vertex 12.0687 -19.8017 17.7
      vertex 12.1372 -19.8067 17.7
    endloop
  endfacet
  facet normal 0 0 1
    outer loop
      vertex 16 -17.4926 17.7
      vertex 12 -19.8 17.7
      vertex 12.0687 -19.8017 17.7
    endloop
  endfacet
  facet normal -0 0 1
    outer loop
      vertex 8 -17.4926 17.7
      vertex 12 -19.8 17.7
      vertex 16 -17.4926 17.7
    endloop
  endfacet
  facet normal 0 0 1
    outer loop
      vertex 12 -19.8 17.7
      vertex 8 -17.4926 17.7
      vertex 11.9313 -19.8017 17.7
    endloop
  endfacet
  facet normal 0 0 1
    outer loop
      vertex 11.9313 -19.8017 17.7
      vertex 8 -17.4926 17.7
      vertex 11.8628 -19.8067 17.7
    endloop
  endfacet
  facet normal 0 0 1
    outer loop
      vertex 11.8628 -19.8067 17.7
      vertex 8 -17.4926 17.7
      vertex 11.7946 -19.8152 17.7
    endloop
  endfacet
  facet normal 0 0 1
    outer loop
      vertex 11.7946 -19.8152 17.7
      vertex 8 -17.4926 17.7
      vertex 11.7269 -19.8269 17.7
    endloop
  endfacet
  facet normal 0 0 1
    outer loop
      vertex 11.7269 -19.8269 17.7
      vertex 8 -17.4926 17.7
      vertex 11.6598 -19.842 17.7
    endloop
  endfacet
  facet normal 0 0 1
    outer loop
      vertex 11.6598 -19.842 17.7
      vertex 8 -17.4926 17.7
      vertex 11.5936 -19.8603 17.7
    endloop
  endfacet
  facet normal 0 0 1
    outer loop
      vertex 11.5936 -19.8603 17.7
      vertex 8 -17.4926 17.7
      vertex 11.5284 -19.8818 17.7
    endloop
  endfacet
  facet normal 0 0 1
    outer loop
      vertex 11.5284 -19.8818 17.7
      vertex 8 -17.4926 17.7
      vertex 11.4642 -19.9066 17.7
    endloop
  endfacet
  facet normal 0 0 1
    outer loop
      vertex 11.4642 -19.9066 17.7
      vertex 8 -17.4926 17.7
      vertex 11.4014 -19.9344 17.7
    endloop
  endfacet
  facet normal 0 0 1
    outer loop
      vertex 8 -21.2 17.7
      vertex 10.6 -21.2 17.7
      vertex 10.6017 -21.1313 17.7
    endloop
  endfacet
  facet normal 0 0 1
    outer loop
      vertex 10.6 -21.2 17.7
      vertex 10.2898 -24.816 17.7
      vertex 10.4693 -24.8955 17.7
    endloop
  endfacet
  facet normal 0 0 1
    outer loop
      vertex 8 -21.2 17.7
      vertex 10.6017 -21.1313 17.7
      vertex 10.6067 -21.0628 17.7
    endloop
  endfacet
  facet normal 0 0 1
    outer loop
      vertex 10.6 -21.2 17.7
      vertex 10.1144 -24.7277 17.7
      vertex 10.2898 -24.816 17.7
    endloop
  endfacet
  facet normal 0 0 1
    outer loop
      vertex 8 -21.2 17.7
      vertex 10.6067 -21.0628 17.7
      vertex 10.6152 -20.9946 17.7
    endloop
  endfacet
  facet normal 0 0 1
    outer loop
      vertex 10.6 -21.2 17.7
      vertex 9.94359 -24.6309 17.7
      vertex 10.1144 -24.7277 17.7
    endloop
  endfacet
  facet normal 0 0 1
    outer loop
      vertex 8 -21.2 17.7
      vertex 10.6152 -20.9946 17.7
      vertex 10.6269 -20.9269 17.7
    endloop
  endfacet
  facet normal 0 0 1
    outer loop
      vertex 10.6 -21.2 17.7
      vertex 9.77772 -24.5259 17.7
      vertex 9.94359 -24.6309 17.7
    endloop
  endfacet
  facet normal 0 0 1
    outer loop
      vertex 8 -21.2 17.7
      vertex 10.6269 -20.9269 17.7
      vertex 10.642 -20.8598 17.7
    endloop
  endfacet
  facet normal 0 0 1
    outer loop
      vertex 10.6 -21.2 17.7
      vertex 9.6172 -24.4128 17.7
      vertex 9.77772 -24.5259 17.7
    endloop
  endfacet
  facet normal 0 0 1
    outer loop
      vertex 8 -21.2 17.7
      vertex 10.642 -20.8598 17.7
      vertex 10.6603 -20.7936 17.7
    endloop
  endfacet
  facet normal 0 0 1
    outer loop
      vertex 10.6 -21.2 17.7
      vertex 9.46243 -24.292 17.7
      vertex 9.6172 -24.4128 17.7
    endloop
  endfacet
  facet normal 0 0 1
    outer loop
      vertex 8 -21.2 17.7
      vertex 10.6603 -20.7936 17.7
      vertex 10.6818 -20.7284 17.7
    endloop
  endfacet
  facet normal 0 0 1
    outer loop
      vertex 10.6 -21.2 17.7
      vertex 9.31376 -24.1638 17.7
      vertex 9.46243 -24.292 17.7
    endloop
  endfacet
  facet normal 0 0 1
    outer loop
      vertex 8 -21.2 17.7
      vertex 10.6818 -20.7284 17.7
      vertex 10.7066 -20.6642 17.7
    endloop
  endfacet
  facet normal 0 0 1
    outer loop
      vertex 10.6 -21.2 17.7
      vertex 9.17157 -24.0284 17.7
      vertex 9.31376 -24.1638 17.7
    endloop
  endfacet
  facet normal 0 0 1
    outer loop
      vertex 8 -21.2 17.7
      vertex 10.7066 -20.6642 17.7
      vertex 10.7344 -20.6014 17.7
    endloop
  endfacet
  facet normal 0 0 1
    outer loop
      vertex 10.6 -21.2 17.7
      vertex 9.03619 -23.8862 17.7
      vertex 9.17157 -24.0284 17.7
    endloop
  endfacet
  facet normal 0 0 1
    outer loop
      vertex 8 -21.2 17.7
      vertex 10.7344 -20.6014 17.7
      vertex 10.7653 -20.54 17.7
    endloop
  endfacet
  facet normal 0 0 1
    outer loop
      vertex 10.6 -21.2 17.7
      vertex 8.90796 -23.7376 17.7
      vertex 9.03619 -23.8862 17.7
    endloop
  endfacet
  facet normal 0 0 1
    outer loop
      vertex 8 -21.2 17.7
      vertex 10.7653 -20.54 17.7
      vertex 10.7992 -20.4803 17.7
    endloop
  endfacet
  facet normal 0 0 1
    outer loop
      vertex 10.6 -21.2 17.7
      vertex 8.78717 -23.5828 17.7
      vertex 8.90796 -23.7376 17.7
    endloop
  endfacet
  facet normal 0 0 1
    outer loop
      vertex 8 -17.4926 17.7
      vertex 10.7992 -20.4803 17.7
      vertex 10.8359 -20.4222 17.7
    endloop
  endfacet
  facet normal 0 0 1
    outer loop
      vertex 10.6 -21.2 17.7
      vertex 8.67412 -23.4223 17.7
      vertex 8.78717 -23.5828 17.7
    endloop
  endfacet
  facet normal 0 0 1
    outer loop
      vertex 8 -17.4926 17.7
      vertex 10.8359 -20.4222 17.7
      vertex 10.8755 -20.366 17.7
    endloop
  endfacet
  facet normal 0 0 1
    outer loop
      vertex 10.6 -21.2 17.7
      vertex 8.56909 -23.2564 17.7
      vertex 8.67412 -23.4223 17.7
    endloop
  endfacet
  facet normal 0 0 1
    outer loop
      vertex 8 -17.4926 17.7
      vertex 10.8755 -20.366 17.7
      vertex 10.9178 -20.3118 17.7
    endloop
  endfacet
  facet normal 0 0 1
    outer loop
      vertex 10.6 -21.2 17.7
      vertex 8.47231 -23.0856 17.7
      vertex 8.56909 -23.2564 17.7
    endloop
  endfacet
  facet normal 0 0 1
    outer loop
      vertex 8 -17.4926 17.7
      vertex 10.9178 -20.3118 17.7
      vertex 10.9627 -20.2598 17.7
    endloop
  endfacet
  facet normal 0 0 1
    outer loop
      vertex 10.6 -21.2 17.7
      vertex 8.38404 -22.9102 17.7
      vertex 8.47231 -23.0856 17.7
    endloop
  endfacet
  facet normal 0 0 1
    outer loop
      vertex 8 -17.4926 17.7
      vertex 10.9627 -20.2598 17.7
      vertex 11.01 -20.21 17.7
    endloop
  endfacet
  facet normal 0 0 1
    outer loop
      vertex 10.6 -21.2 17.7
      vertex 8.30448 -22.7307 17.7
      vertex 8.38404 -22.9102 17.7
    endloop
  endfacet
  facet normal 0 0 1
    outer loop
      vertex 8 -17.4926 17.7
      vertex 11.01 -20.21 17.7
      vertex 11.0598 -20.1627 17.7
    endloop
  endfacet
  facet normal 0 0 1
    outer loop
      vertex 10.6 -21.2 17.7
      vertex 8.23382 -22.5476 17.7
      vertex 8.30448 -22.7307 17.7
    endloop
  endfacet
  facet normal 0 0 1
    outer loop
      vertex 8 -17.4926 17.7
      vertex 11.0598 -20.1627 17.7
      vertex 11.1118 -20.1178 17.7
    endloop
  endfacet
  facet normal 0 0 1
    outer loop
      vertex 10.6 -21.2 17.7
      vertex 8.17224 -22.3611 17.7
      vertex 8.23382 -22.5476 17.7
    endloop
  endfacet
  facet normal 0 0 1
    outer loop
      vertex 8 -17.4926 17.7
      vertex 11.1118 -20.1178 17.7
      vertex 11.166 -20.0755 17.7
    endloop
  endfacet
  facet normal 0 0 1
    outer loop
      vertex 10.6 -21.2 17.7
      vertex 8.11987 -22.1719 17.7
      vertex 8.17224 -22.3611 17.7
    endloop
  endfacet
  facet normal 0 0 1
    outer loop
      vertex 8 -17.4926 17.7
      vertex 11.166 -20.0755 17.7
      vertex 11.2222 -20.0359 17.7
    endloop
  endfacet
  facet normal 0 0 1
    outer loop
      vertex 10.6 -21.2 17.7
      vertex 8.07686 -21.9804 17.7
      vertex 8.11987 -22.1719 17.7
    endloop
  endfacet
  facet normal 0 0 1
    outer loop
      vertex 8 -17.4926 17.7
      vertex 11.2222 -20.0359 17.7
      vertex 11.2803 -19.9992 17.7
    endloop
  endfacet
  facet normal 0 0 1
    outer loop
      vertex 10.6 -21.2 17.7
      vertex 8.04329 -21.7869 17.7
      vertex 8.07686 -21.9804 17.7
    endloop
  endfacet
  facet normal 0 0 1
    outer loop
      vertex 8 -17.4926 17.7
      vertex 11.2803 -19.9992 17.7
      vertex 11.34 -19.9653 17.7
    endloop
  endfacet
  facet normal 0 0 1
    outer loop
      vertex 10.6 -21.2 17.7
      vertex 8.01926 -21.5921 17.7
      vertex 8.04329 -21.7869 17.7
    endloop
  endfacet
  facet normal 0 0 1
    outer loop
      vertex 11.4014 -19.9344 17.7
      vertex 8 -17.4926 17.7
      vertex 11.34 -19.9653 17.7
    endloop
  endfacet
  facet normal 0 0 1
    outer loop
      vertex 10.6 -21.2 17.7
      vertex 8.00482 -21.3963 17.7
      vertex 8.01926 -21.5921 17.7
    endloop
  endfacet
  facet normal 0 0 1
    outer loop
      vertex 10.7992 -20.4803 17.7
      vertex 8 -17.4926 17.7
      vertex 8 -21.2 17.7
    endloop
  endfacet
  facet normal 0 0 1
    outer loop
      vertex 22.5 -14.4926 17.7
      vertex 8 -17.4926 17.7
      vertex 16 -17.4926 17.7
    endloop
  endfacet
  facet normal -0 0 1
    outer loop
      vertex 1.5 -14.4926 17.7
      vertex 8 -17.4926 17.7
      vertex 22.5 -14.4926 17.7
    endloop
  endfacet
  facet normal 0 0 1
    outer loop
      vertex 8 -17.4926 17.7
      vertex 1.5 -14.4926 17.7
      vertex 1.5 -17.4926 17.7
    endloop
  endfacet
  facet normal 0 0 1
    outer loop
      vertex 15.5277 -23.0856 17.7
      vertex 13.2347 -21.86 17.7
      vertex 15.4309 -23.2564 17.7
    endloop
  endfacet
  facet normal 0 0 1
    outer loop
      vertex 15.4309 -23.2564 17.7
      vertex 13.2008 -21.9197 17.7
      vertex 15.3259 -23.4223 17.7
    endloop
  endfacet
  facet normal -0 0 1
    outer loop
      vertex 13.1245 -22.034 17.7
      vertex 15.2128 -23.5828 17.7
      vertex 13.1641 -21.9778 17.7
    endloop
  endfacet
  facet normal -0 0 1
    outer loop
      vertex 13.0822 -22.0882 17.7
      vertex 15.092 -23.7376 17.7
      vertex 13.1245 -22.034 17.7
    endloop
  endfacet
  facet normal 0 0 1
    outer loop
      vertex 15.092 -23.7376 17.7
      vertex 13.0822 -22.0882 17.7
      vertex 14.9638 -23.8862 17.7
    endloop
  endfacet
  facet normal -0 0 1
    outer loop
      vertex 13.0373 -22.1402 17.7
      vertex 14.9638 -23.8862 17.7
      vertex 13.0822 -22.0882 17.7
    endloop
  endfacet
  facet normal 0 0 1
    outer loop
      vertex 14.9638 -23.8862 17.7
      vertex 13.0373 -22.1402 17.7
      vertex 14.8284 -24.0284 17.7
    endloop
  endfacet
  facet normal -0 0 1
    outer loop
      vertex 12.9899 -22.1899 17.7
      vertex 14.8284 -24.0284 17.7
      vertex 13.0373 -22.1402 17.7
    endloop
  endfacet
  facet normal 0 0 1
    outer loop
      vertex 14.8284 -24.0284 17.7
      vertex 12.9899 -22.1899 17.7
      vertex 14.6862 -24.1638 17.7
    endloop
  endfacet
  facet normal -0 0 1
    outer loop
      vertex 12.9402 -22.2373 17.7
      vertex 14.6862 -24.1638 17.7
      vertex 12.9899 -22.1899 17.7
    endloop
  endfacet
  facet normal 0 0 1
    outer loop
      vertex 14.6862 -24.1638 17.7
      vertex 12.9402 -22.2373 17.7
      vertex 14.5376 -24.292 17.7
    endloop
  endfacet
  facet normal -0 0 1
    outer loop
      vertex 12.8882 -22.2822 17.7
      vertex 14.5376 -24.292 17.7
      vertex 12.9402 -22.2373 17.7
    endloop
  endfacet
  facet normal 0 0 1
    outer loop
      vertex 14.5376 -24.292 17.7
      vertex 12.8882 -22.2822 17.7
      vertex 14.3828 -24.4128 17.7
    endloop
  endfacet
  facet normal -0 0 1
    outer loop
      vertex 12.834 -22.3245 17.7
      vertex 14.3828 -24.4128 17.7
      vertex 12.8882 -22.2822 17.7
    endloop
  endfacet
  facet normal 0 0 1
    outer loop
      vertex 14.3828 -24.4128 17.7
      vertex 12.834 -22.3245 17.7
      vertex 14.2223 -24.5259 17.7
    endloop
  endfacet
  facet normal -0 0 1
    outer loop
      vertex 12.7778 -22.3641 17.7
      vertex 14.2223 -24.5259 17.7
      vertex 12.834 -22.3245 17.7
    endloop
  endfacet
  facet normal 0 0 1
    outer loop
      vertex 14.2223 -24.5259 17.7
      vertex 12.7778 -22.3641 17.7
      vertex 14.0564 -24.6309 17.7
    endloop
  endfacet
  facet normal -0 0 1
    outer loop
      vertex 12.7197 -22.4008 17.7
      vertex 14.0564 -24.6309 17.7
      vertex 12.7778 -22.3641 17.7
    endloop
  endfacet
  facet normal 0 0 1
    outer loop
      vertex 14.0564 -24.6309 17.7
      vertex 12.7197 -22.4008 17.7
      vertex 13.8856 -24.7277 17.7
    endloop
  endfacet
  facet normal -0 0 1
    outer loop
      vertex 12.66 -22.4347 17.7
      vertex 13.8856 -24.7277 17.7
      vertex 12.7197 -22.4008 17.7
    endloop
  endfacet
  facet normal 0 0 1
    outer loop
      vertex 13.8856 -24.7277 17.7
      vertex 12.66 -22.4347 17.7
      vertex 13.7102 -24.816 17.7
    endloop
  endfacet
  facet normal -0 0 1
    outer loop
      vertex 12.5986 -22.4656 17.7
      vertex 13.7102 -24.816 17.7
      vertex 12.66 -22.4347 17.7
    endloop
  endfacet
  facet normal 0 0 1
    outer loop
      vertex 13.7102 -24.816 17.7
      vertex 12.5986 -22.4656 17.7
      vertex 13.5307 -24.8955 17.7
    endloop
  endfacet
  facet normal -0 0 1
    outer loop
      vertex 12.5358 -22.4934 17.7
      vertex 13.5307 -24.8955 17.7
      vertex 12.5986 -22.4656 17.7
    endloop
  endfacet
  facet normal 0 0 1
    outer loop
      vertex 13.5307 -24.8955 17.7
      vertex 12.5358 -22.4934 17.7
      vertex 13.3476 -24.9662 17.7
    endloop
  endfacet
  facet normal -0 0 1
    outer loop
      vertex 12.4716 -22.5182 17.7
      vertex 13.3476 -24.9662 17.7
      vertex 12.5358 -22.4934 17.7
    endloop
  endfacet
  facet normal 0 0 1
    outer loop
      vertex 13.3476 -24.9662 17.7
      vertex 12.4716 -22.5182 17.7
      vertex 13.1611 -25.0278 17.7
    endloop
  endfacet
  facet normal -0 0 1
    outer loop
      vertex 12.4064 -22.5397 17.7
      vertex 13.1611 -25.0278 17.7
      vertex 12.4716 -22.5182 17.7
    endloop
  endfacet
  facet normal 0 0 1
    outer loop
      vertex 13.1611 -25.0278 17.7
      vertex 12.4064 -22.5397 17.7
      vertex 12.9719 -25.0801 17.7
    endloop
  endfacet
  facet normal -0 0 1
    outer loop
      vertex 12.3402 -22.558 17.7
      vertex 12.9719 -25.0801 17.7
      vertex 12.4064 -22.5397 17.7
    endloop
  endfacet
  facet normal 0 0 1
    outer loop
      vertex 12.9719 -25.0801 17.7
      vertex 12.3402 -22.558 17.7
      vertex 12.7804 -25.1231 17.7
    endloop
  endfacet
  facet normal -0 0 1
    outer loop
      vertex 12.2731 -22.5731 17.7
      vertex 12.7804 -25.1231 17.7
      vertex 12.3402 -22.558 17.7
    endloop
  endfacet
  facet normal 0 0 1
    outer loop
      vertex 12.7804 -25.1231 17.7
      vertex 12.2731 -22.5731 17.7
      vertex 12.5869 -25.1567 17.7
    endloop
  endfacet
  facet normal -0 0 1
    outer loop
      vertex 12.2054 -22.5848 17.7
      vertex 12.5869 -25.1567 17.7
      vertex 12.2731 -22.5731 17.7
    endloop
  endfacet
  facet normal 0 0 1
    outer loop
      vertex 12.5869 -25.1567 17.7
      vertex 12.2054 -22.5848 17.7
      vertex 12.3921 -25.1807 17.7
    endloop
  endfacet
  facet normal -0 0 1
    outer loop
      vertex 12.1372 -22.5933 17.7
      vertex 12.3921 -25.1807 17.7
      vertex 12.2054 -22.5848 17.7
    endloop
  endfacet
  facet normal 0 0 1
    outer loop
      vertex 12.3921 -25.1807 17.7
      vertex 12.1372 -22.5933 17.7
      vertex 12.1963 -25.1952 17.7
    endloop
  endfacet
  facet normal -0 0 1
    outer loop
      vertex 12.0687 -22.5983 17.7
      vertex 12.1963 -25.1952 17.7
      vertex 12.1372 -22.5933 17.7
    endloop
  endfacet
  facet normal -0 0 1
    outer loop
      vertex 12 -22.6 17.7
      vertex 12.1963 -25.1952 17.7
      vertex 12.0687 -22.5983 17.7
    endloop
  endfacet
  facet normal 0 0 1
    outer loop
      vertex 12 -22.6 17.7
      vertex 12 -25.2 17.7
      vertex 12.1963 -25.1952 17.7
    endloop
  endfacet
  facet normal 0 0 1
    outer loop
      vertex 11.9313 -22.5983 17.7
      vertex 12 -25.2 17.7
      vertex 12 -22.6 17.7
    endloop
  endfacet
  facet normal 0 0 1
    outer loop
      vertex 11.8037 -25.1952 17.7
      vertex 11.9313 -22.5983 17.7
      vertex 11.8628 -22.5933 17.7
    endloop
  endfacet
  facet normal 0 0 1
    outer loop
      vertex 11.9313 -22.5983 17.7
      vertex 11.8037 -25.1952 17.7
      vertex 12 -25.2 17.7
    endloop
  endfacet
  facet normal 0 0 1
    outer loop
      vertex 11.6079 -25.1807 17.7
      vertex 11.8628 -22.5933 17.7
      vertex 11.7946 -22.5848 17.7
    endloop
  endfacet
  facet normal 0 0 1
    outer loop
      vertex 11.4131 -25.1567 17.7
      vertex 11.7946 -22.5848 17.7
      vertex 11.7269 -22.5731 17.7
    endloop
  endfacet
  facet normal 0 0 1
    outer loop
      vertex 11.2196 -25.1231 17.7
      vertex 11.7269 -22.5731 17.7
      vertex 11.6598 -22.558 17.7
    endloop
  endfacet
  facet normal 0 0 1
    outer loop
      vertex 11.8628 -22.5933 17.7
      vertex 11.6079 -25.1807 17.7
      vertex 11.8037 -25.1952 17.7
    endloop
  endfacet
  facet normal 0 0 1
    outer loop
      vertex 11.0281 -25.0801 17.7
      vertex 11.6598 -22.558 17.7
      vertex 11.5936 -22.5397 17.7
    endloop
  endfacet
  facet normal 0 0 1
    outer loop
      vertex 10.8389 -25.0278 17.7
      vertex 11.5936 -22.5397 17.7
      vertex 11.5284 -22.5182 17.7
    endloop
  endfacet
  facet normal 0 0 1
    outer loop
      vertex 10.6524 -24.9662 17.7
      vertex 11.5284 -22.5182 17.7
      vertex 11.4642 -22.4934 17.7
    endloop
  endfacet
  facet normal 0 0 1
    outer loop
      vertex 11.7946 -22.5848 17.7
      vertex 11.4131 -25.1567 17.7
      vertex 11.6079 -25.1807 17.7
    endloop
  endfacet
  facet normal 0 0 1
    outer loop
      vertex 10.4693 -24.8955 17.7
      vertex 11.4642 -22.4934 17.7
      vertex 11.4014 -22.4656 17.7
    endloop
  endfacet
  facet normal 0 0 1
    outer loop
      vertex 10.4693 -24.8955 17.7
      vertex 11.4014 -22.4656 17.7
      vertex 11.34 -22.4347 17.7
    endloop
  endfacet
  facet normal 0 0 1
    outer loop
      vertex 10.4693 -24.8955 17.7
      vertex 11.34 -22.4347 17.7
      vertex 11.2803 -22.4008 17.7
    endloop
  endfacet
  facet normal 0 0 1
    outer loop
      vertex 10.4693 -24.8955 17.7
      vertex 11.2803 -22.4008 17.7
      vertex 11.2222 -22.3641 17.7
    endloop
  endfacet
  facet normal 0 0 1
    outer loop
      vertex 11.7269 -22.5731 17.7
      vertex 11.2196 -25.1231 17.7
      vertex 11.4131 -25.1567 17.7
    endloop
  endfacet
  facet normal 0 0 1
    outer loop
      vertex 10.4693 -24.8955 17.7
      vertex 11.2222 -22.3641 17.7
      vertex 11.166 -22.3245 17.7
    endloop
  endfacet
  facet normal 0 0 1
    outer loop
      vertex 10.4693 -24.8955 17.7
      vertex 11.166 -22.3245 17.7
      vertex 11.1118 -22.2822 17.7
    endloop
  endfacet
  facet normal 0 0 1
    outer loop
      vertex 10.4693 -24.8955 17.7
      vertex 11.1118 -22.2822 17.7
      vertex 11.0598 -22.2373 17.7
    endloop
  endfacet
  facet normal 0 0 1
    outer loop
      vertex 11.6598 -22.558 17.7
      vertex 11.0281 -25.0801 17.7
      vertex 11.2196 -25.1231 17.7
    endloop
  endfacet
  facet normal 0 0 1
    outer loop
      vertex 10.4693 -24.8955 17.7
      vertex 11.0598 -22.2373 17.7
      vertex 11.01 -22.1899 17.7
    endloop
  endfacet
  facet normal 0 0 1
    outer loop
      vertex 10.4693 -24.8955 17.7
      vertex 11.01 -22.1899 17.7
      vertex 10.9627 -22.1402 17.7
    endloop
  endfacet
  facet normal 0 0 1
    outer loop
      vertex 10.4693 -24.8955 17.7
      vertex 10.9627 -22.1402 17.7
      vertex 10.9178 -22.0882 17.7
    endloop
  endfacet
  facet normal 0 0 1
    outer loop
      vertex 10.4693 -24.8955 17.7
      vertex 10.9178 -22.0882 17.7
      vertex 10.8755 -22.034 17.7
    endloop
  endfacet
  facet normal 0 0 1
    outer loop
      vertex 11.5936 -22.5397 17.7
      vertex 10.8389 -25.0278 17.7
      vertex 11.0281 -25.0801 17.7
    endloop
  endfacet
  facet normal 0 0 1
    outer loop
      vertex 10.4693 -24.8955 17.7
      vertex 10.8755 -22.034 17.7
      vertex 10.8359 -21.9778 17.7
    endloop
  endfacet
  facet normal 0 0 1
    outer loop
      vertex 10.4693 -24.8955 17.7
      vertex 10.8359 -21.9778 17.7
      vertex 10.7992 -21.9197 17.7
    endloop
  endfacet
  facet normal 0 0 1
    outer loop
      vertex 10.4693 -24.8955 17.7
      vertex 10.7992 -21.9197 17.7
      vertex 10.7653 -21.86 17.7
    endloop
  endfacet
  facet normal 0 0 1
    outer loop
      vertex 10.4693 -24.8955 17.7
      vertex 10.7653 -21.86 17.7
      vertex 10.7344 -21.7986 17.7
    endloop
  endfacet
  facet normal 0 0 1
    outer loop
      vertex 10.4693 -24.8955 17.7
      vertex 10.7344 -21.7986 17.7
      vertex 10.7066 -21.7358 17.7
    endloop
  endfacet
  facet normal 0 0 1
    outer loop
      vertex 10.4693 -24.8955 17.7
      vertex 10.7066 -21.7358 17.7
      vertex 10.6818 -21.6716 17.7
    endloop
  endfacet
  facet normal 0 0 1
    outer loop
      vertex 10.4693 -24.8955 17.7
      vertex 10.6818 -21.6716 17.7
      vertex 10.6603 -21.6064 17.7
    endloop
  endfacet
  facet normal 0 0 1
    outer loop
      vertex 11.5284 -22.5182 17.7
      vertex 10.6524 -24.9662 17.7
      vertex 10.8389 -25.0278 17.7
    endloop
  endfacet
  facet normal 0 0 1
    outer loop
      vertex 10.4693 -24.8955 17.7
      vertex 10.6603 -21.6064 17.7
      vertex 10.642 -21.5402 17.7
    endloop
  endfacet
  facet normal 0 0 1
    outer loop
      vertex 10.4693 -24.8955 17.7
      vertex 10.642 -21.5402 17.7
      vertex 10.6269 -21.4731 17.7
    endloop
  endfacet
  facet normal 0 0 1
    outer loop
      vertex 10.4693 -24.8955 17.7
      vertex 10.6269 -21.4731 17.7
      vertex 10.6152 -21.4054 17.7
    endloop
  endfacet
  facet normal 0 0 1
    outer loop
      vertex 10.4693 -24.8955 17.7
      vertex 10.6152 -21.4054 17.7
      vertex 10.6067 -21.3372 17.7
    endloop
  endfacet
  facet normal 0 0 1
    outer loop
      vertex 10.4693 -24.8955 17.7
      vertex 10.6067 -21.3372 17.7
      vertex 10.6017 -21.2687 17.7
    endloop
  endfacet
  facet normal 0 0 1
    outer loop
      vertex 10.4693 -24.8955 17.7
      vertex 10.6017 -21.2687 17.7
      vertex 10.6 -21.2 17.7
    endloop
  endfacet
  facet normal 0 0 1
    outer loop
      vertex 11.4642 -22.4934 17.7
      vertex 10.4693 -24.8955 17.7
      vertex 10.6524 -24.9662 17.7
    endloop
  endfacet
  facet normal 0 0 1
    outer loop
      vertex 10.6 -21.2 17.7
      vertex 8 -21.2 17.7
      vertex 8.00482 -21.3963 17.7
    endloop
  endfacet
  facet normal 0 0 1
    outer loop
      vertex 13.4 21.2 17.7
      vertex 16 21.2 17.7
      vertex 15.9952 21.3963 17.7
    endloop
  endfacet
  facet normal -0 0 1
    outer loop
      vertex 16 17.4926 17.7
      vertex 22.5 14.4926 17.7
      vertex 22.5 17.4926 17.7
    endloop
  endfacet
  facet normal 0 0 1
    outer loop
      vertex 13.3983 21.2687 17.7
      vertex 15.9952 21.3963 17.7
      vertex 15.9807 21.5921 17.7
    endloop
  endfacet
  facet normal 0 0 1
    outer loop
      vertex 13.3933 21.3372 17.7
      vertex 15.9807 21.5921 17.7
      vertex 15.9567 21.7869 17.7
    endloop
  endfacet
  facet normal 0 0 1
    outer loop
      vertex 13.3848 21.4054 17.7
      vertex 15.9567 21.7869 17.7
      vertex 15.9231 21.9804 17.7
    endloop
  endfacet
  facet normal 0 0 1
    outer loop
      vertex 13.3731 21.4731 17.7
      vertex 15.9231 21.9804 17.7
      vertex 15.8801 22.1719 17.7
    endloop
  endfacet
  facet normal 0 0 1
    outer loop
      vertex 13.358 21.5402 17.7
      vertex 15.8801 22.1719 17.7
      vertex 15.8278 22.3611 17.7
    endloop
  endfacet
  facet normal 0 0 1
    outer loop
      vertex 13.3397 21.6064 17.7
      vertex 15.8278 22.3611 17.7
      vertex 15.7662 22.5476 17.7
    endloop
  endfacet
  facet normal 0 0 1
    outer loop
      vertex 13.3182 21.6716 17.7
      vertex 15.7662 22.5476 17.7
      vertex 15.6955 22.7307 17.7
    endloop
  endfacet
  facet normal 0 0 1
    outer loop
      vertex 13.2934 21.7358 17.7
      vertex 15.6955 22.7307 17.7
      vertex 15.616 22.9102 17.7
    endloop
  endfacet
  facet normal 0 0 1
    outer loop
      vertex 13.2656 21.7986 17.7
      vertex 15.616 22.9102 17.7
      vertex 15.5277 23.0856 17.7
    endloop
  endfacet
  facet normal 0 0 1
    outer loop
      vertex 13.2347 21.86 17.7
      vertex 15.5277 23.0856 17.7
      vertex 15.4309 23.2564 17.7
    endloop
  endfacet
  facet normal 0 0 1
    outer loop
      vertex 13.2008 21.9197 17.7
      vertex 15.4309 23.2564 17.7
      vertex 15.3259 23.4223 17.7
    endloop
  endfacet
  facet normal 0 0 1
    outer loop
      vertex 13.1641 21.9778 17.7
      vertex 15.3259 23.4223 17.7
      vertex 15.2128 23.5828 17.7
    endloop
  endfacet
  facet normal 0 0 1
    outer loop
      vertex 13.1245 22.034 17.7
      vertex 15.2128 23.5828 17.7
      vertex 15.092 23.7376 17.7
    endloop
  endfacet
  facet normal 0 0 1
    outer loop
      vertex 13.0822 22.0882 17.7
      vertex 15.092 23.7376 17.7
      vertex 14.9638 23.8862 17.7
    endloop
  endfacet
  facet normal 0 0 1
    outer loop
      vertex 13.0373 22.1402 17.7
      vertex 14.9638 23.8862 17.7
      vertex 14.8284 24.0284 17.7
    endloop
  endfacet
  facet normal 0 0 1
    outer loop
      vertex 12.9899 22.1899 17.7
      vertex 14.8284 24.0284 17.7
      vertex 14.6862 24.1638 17.7
    endloop
  endfacet
  facet normal 0 0 1
    outer loop
      vertex 12.9402 22.2373 17.7
      vertex 14.6862 24.1638 17.7
      vertex 14.5376 24.292 17.7
    endloop
  endfacet
  facet normal 0 0 1
    outer loop
      vertex 12.8882 22.2822 17.7
      vertex 14.5376 24.292 17.7
      vertex 14.3828 24.4128 17.7
    endloop
  endfacet
  facet normal 0 0 1
    outer loop
      vertex 12.834 22.3245 17.7
      vertex 14.3828 24.4128 17.7
      vertex 14.2223 24.5259 17.7
    endloop
  endfacet
  facet normal 0 0 1
    outer loop
      vertex 12.7778 22.3641 17.7
      vertex 14.2223 24.5259 17.7
      vertex 14.0564 24.6309 17.7
    endloop
  endfacet
  facet normal 0 0 1
    outer loop
      vertex 12.7197 22.4008 17.7
      vertex 14.0564 24.6309 17.7
      vertex 13.8856 24.7277 17.7
    endloop
  endfacet
  facet normal 0 0 1
    outer loop
      vertex 12.66 22.4347 17.7
      vertex 13.8856 24.7277 17.7
      vertex 13.7102 24.816 17.7
    endloop
  endfacet
  facet normal 0 0 1
    outer loop
      vertex 12.5986 22.4656 17.7
      vertex 13.7102 24.816 17.7
      vertex 13.5307 24.8955 17.7
    endloop
  endfacet
  facet normal 0 0 1
    outer loop
      vertex 15.9231 21.9804 17.7
      vertex 13.3731 21.4731 17.7
      vertex 13.3848 21.4054 17.7
    endloop
  endfacet
  facet normal 0 0 1
    outer loop
      vertex 16 21.2 17.7
      vertex 13.3983 21.1313 17.7
      vertex 13.3933 21.0628 17.7
    endloop
  endfacet
  facet normal 0 0 1
    outer loop
      vertex 16 21.2 17.7
      vertex 13.3933 21.0628 17.7
      vertex 13.3848 20.9946 17.7
    endloop
  endfacet
  facet normal 0 0 1
    outer loop
      vertex 16 21.2 17.7
      vertex 13.3848 20.9946 17.7
      vertex 13.3731 20.9269 17.7
    endloop
  endfacet
  facet normal 0 0 1
    outer loop
      vertex 16 21.2 17.7
      vertex 13.3731 20.9269 17.7
      vertex 13.358 20.8598 17.7
    endloop
  endfacet
  facet normal 0 0 1
    outer loop
      vertex 16 21.2 17.7
      vertex 13.358 20.8598 17.7
      vertex 13.3397 20.7936 17.7
    endloop
  endfacet
  facet normal 0 0 1
    outer loop
      vertex 16 21.2 17.7
      vertex 13.3397 20.7936 17.7
      vertex 13.3182 20.7284 17.7
    endloop
  endfacet
  facet normal 0 0 1
    outer loop
      vertex 16 21.2 17.7
      vertex 13.3182 20.7284 17.7
      vertex 13.2934 20.6642 17.7
    endloop
  endfacet
  facet normal 0 0 1
    outer loop
      vertex 16 21.2 17.7
      vertex 13.2934 20.6642 17.7
      vertex 13.2656 20.6014 17.7
    endloop
  endfacet
  facet normal 0 0 1
    outer loop
      vertex 16 21.2 17.7
      vertex 13.2656 20.6014 17.7
      vertex 13.2347 20.54 17.7
    endloop
  endfacet
  facet normal 0 0 1
    outer loop
      vertex 13.2008 20.4803 17.7
      vertex 16 21.2 17.7
      vertex 13.2347 20.54 17.7
    endloop
  endfacet
  facet normal 0 0 1
    outer loop
      vertex 16 21.2 17.7
      vertex 13.2008 20.4803 17.7
      vertex 16 17.4926 17.7
    endloop
  endfacet
  facet normal -0 0 1
    outer loop
      vertex 13.1641 20.4222 17.7
      vertex 16 17.4926 17.7
      vertex 13.2008 20.4803 17.7
    endloop
  endfacet
  facet normal -0 0 1
    outer loop
      vertex 13.1245 20.366 17.7
      vertex 16 17.4926 17.7
      vertex 13.1641 20.4222 17.7
    endloop
  endfacet
  facet normal -0 0 1
    outer loop
      vertex 13.0822 20.3118 17.7
      vertex 16 17.4926 17.7
      vertex 13.1245 20.366 17.7
    endloop
  endfacet
  facet normal -0 0 1
    outer loop
      vertex 13.0373 20.2598 17.7
      vertex 16 17.4926 17.7
      vertex 13.0822 20.3118 17.7
    endloop
  endfacet
  facet normal -0 0 1
    outer loop
      vertex 12.9899 20.21 17.7
      vertex 16 17.4926 17.7
      vertex 13.0373 20.2598 17.7
    endloop
  endfacet
  facet normal -0 0 1
    outer loop
      vertex 12.9402 20.1627 17.7
      vertex 16 17.4926 17.7
      vertex 12.9899 20.21 17.7
    endloop
  endfacet
  facet normal -0 0 1
    outer loop
      vertex 12.8882 20.1178 17.7
      vertex 16 17.4926 17.7
      vertex 12.9402 20.1627 17.7
    endloop
  endfacet
  facet normal -0 0 1
    outer loop
      vertex 12.834 20.0755 17.7
      vertex 16 17.4926 17.7
      vertex 12.8882 20.1178 17.7
    endloop
  endfacet
  facet normal -0 0 1
    outer loop
      vertex 12.7778 20.0359 17.7
      vertex 16 17.4926 17.7
      vertex 12.834 20.0755 17.7
    endloop
  endfacet
  facet normal -0 0 1
    outer loop
      vertex 12.7197 19.9992 17.7
      vertex 16 17.4926 17.7
      vertex 12.7778 20.0359 17.7
    endloop
  endfacet
  facet normal -0 0 1
    outer loop
      vertex 12.66 19.9653 17.7
      vertex 16 17.4926 17.7
      vertex 12.7197 19.9992 17.7
    endloop
  endfacet
  facet normal -0 0 1
    outer loop
      vertex 12.5986 19.9344 17.7
      vertex 16 17.4926 17.7
      vertex 12.66 19.9653 17.7
    endloop
  endfacet
  facet normal -0 0 1
    outer loop
      vertex 12.5358 19.9066 17.7
      vertex 16 17.4926 17.7
      vertex 12.5986 19.9344 17.7
    endloop
  endfacet
  facet normal -0 0 1
    outer loop
      vertex 12.4716 19.8818 17.7
      vertex 16 17.4926 17.7
      vertex 12.5358 19.9066 17.7
    endloop
  endfacet
  facet normal -0 0 1
    outer loop
      vertex 12.4064 19.8603 17.7
      vertex 16 17.4926 17.7
      vertex 12.4716 19.8818 17.7
    endloop
  endfacet
  facet normal -0 0 1
    outer loop
      vertex 12.3402 19.842 17.7
      vertex 16 17.4926 17.7
      vertex 12.4064 19.8603 17.7
    endloop
  endfacet
  facet normal -0 0 1
    outer loop
      vertex 12.2731 19.8269 17.7
      vertex 16 17.4926 17.7
      vertex 12.3402 19.842 17.7
    endloop
  endfacet
  facet normal -0 0 1
    outer loop
      vertex 12.2054 19.8152 17.7
      vertex 16 17.4926 17.7
      vertex 12.2731 19.8269 17.7
    endloop
  endfacet
  facet normal -0 0 1
    outer loop
      vertex 12.1372 19.8067 17.7
      vertex 16 17.4926 17.7
      vertex 12.2054 19.8152 17.7
    endloop
  endfacet
  facet normal -0 0 1
    outer loop
      vertex 12.0687 19.8017 17.7
      vertex 16 17.4926 17.7
      vertex 12.1372 19.8067 17.7
    endloop
  endfacet
  facet normal -0 0 1
    outer loop
      vertex 12 19.8 17.7
      vertex 16 17.4926 17.7
      vertex 12.0687 19.8017 17.7
    endloop
  endfacet
  facet normal 0 0 1
    outer loop
      vertex 8 17.4926 17.7
      vertex 12 19.8 17.7
      vertex 11.9313 19.8017 17.7
    endloop
  endfacet
  facet normal 0 0 1
    outer loop
      vertex 8 17.4926 17.7
      vertex 11.9313 19.8017 17.7
      vertex 11.8628 19.8067 17.7
    endloop
  endfacet
  facet normal 0 0 1
    outer loop
      vertex 8 17.4926 17.7
      vertex 11.8628 19.8067 17.7
      vertex 11.7946 19.8152 17.7
    endloop
  endfacet
  facet normal 0 0 1
    outer loop
      vertex 8 17.4926 17.7
      vertex 11.7946 19.8152 17.7
      vertex 11.7269 19.8269 17.7
    endloop
  endfacet
  facet normal 0 0 1
    outer loop
      vertex 8 17.4926 17.7
      vertex 11.7269 19.8269 17.7
      vertex 11.6598 19.842 17.7
    endloop
  endfacet
  facet normal 0 0 1
    outer loop
      vertex 8 17.4926 17.7
      vertex 11.6598 19.842 17.7
      vertex 11.5936 19.8603 17.7
    endloop
  endfacet
  facet normal 0 0 1
    outer loop
      vertex 8 17.4926 17.7
      vertex 11.5936 19.8603 17.7
      vertex 11.5284 19.8818 17.7
    endloop
  endfacet
  facet normal 0 0 1
    outer loop
      vertex 8 17.4926 17.7
      vertex 11.5284 19.8818 17.7
      vertex 11.4642 19.9066 17.7
    endloop
  endfacet
  facet normal 0 0 1
    outer loop
      vertex 8 17.4926 17.7
      vertex 11.4642 19.9066 17.7
      vertex 11.4014 19.9344 17.7
    endloop
  endfacet
  facet normal 0 0 1
    outer loop
      vertex 8 17.4926 17.7
      vertex 11.4014 19.9344 17.7
      vertex 11.34 19.9653 17.7
    endloop
  endfacet
  facet normal 0 0 1
    outer loop
      vertex 10.8359 21.9778 17.7
      vertex 8.67412 23.4223 17.7
      vertex 10.7992 21.9197 17.7
    endloop
  endfacet
  facet normal -0 0 1
    outer loop
      vertex 8.56909 23.2564 17.7
      vertex 10.7992 21.9197 17.7
      vertex 8.67412 23.4223 17.7
    endloop
  endfacet
  facet normal 0 0 1
    outer loop
      vertex 10.7992 21.9197 17.7
      vertex 8.56909 23.2564 17.7
      vertex 10.7653 21.86 17.7
    endloop
  endfacet
  facet normal -0 0 1
    outer loop
      vertex 8.47231 23.0856 17.7
      vertex 10.7653 21.86 17.7
      vertex 8.56909 23.2564 17.7
    endloop
  endfacet
  facet normal 0 0 1
    outer loop
      vertex 10.7653 21.86 17.7
      vertex 8.47231 23.0856 17.7
      vertex 10.7344 21.7986 17.7
    endloop
  endfacet
  facet normal -0 0 1
    outer loop
      vertex 8.38404 22.9102 17.7
      vertex 10.7344 21.7986 17.7
      vertex 8.47231 23.0856 17.7
    endloop
  endfacet
  facet normal 0 0 1
    outer loop
      vertex 10.7344 21.7986 17.7
      vertex 8.38404 22.9102 17.7
      vertex 10.7066 21.7358 17.7
    endloop
  endfacet
  facet normal -0 0 1
    outer loop
      vertex 8.30448 22.7307 17.7
      vertex 10.7066 21.7358 17.7
      vertex 8.38404 22.9102 17.7
    endloop
  endfacet
  facet normal 0 0 1
    outer loop
      vertex 10.7066 21.7358 17.7
      vertex 8.30448 22.7307 17.7
      vertex 10.6818 21.6716 17.7
    endloop
  endfacet
  facet normal -0 0 1
    outer loop
      vertex 8.23382 22.5476 17.7
      vertex 10.6818 21.6716 17.7
      vertex 8.30448 22.7307 17.7
    endloop
  endfacet
  facet normal 0 0 1
    outer loop
      vertex 10.6818 21.6716 17.7
      vertex 8.23382 22.5476 17.7
      vertex 10.6603 21.6064 17.7
    endloop
  endfacet
  facet normal -0 0 1
    outer loop
      vertex 8.17224 22.3611 17.7
      vertex 10.6603 21.6064 17.7
      vertex 8.23382 22.5476 17.7
    endloop
  endfacet
  facet normal 0 0 1
    outer loop
      vertex 10.6603 21.6064 17.7
      vertex 8.17224 22.3611 17.7
      vertex 10.642 21.5402 17.7
    endloop
  endfacet
  facet normal -0 0 1
    outer loop
      vertex 8.11987 22.1719 17.7
      vertex 10.642 21.5402 17.7
      vertex 8.17224 22.3611 17.7
    endloop
  endfacet
  facet normal 0 0 1
    outer loop
      vertex 10.642 21.5402 17.7
      vertex 8.11987 22.1719 17.7
      vertex 10.6269 21.4731 17.7
    endloop
  endfacet
  facet normal -0 0 1
    outer loop
      vertex 8.07686 21.9804 17.7
      vertex 10.6269 21.4731 17.7
      vertex 8.11987 22.1719 17.7
    endloop
  endfacet
  facet normal 0 0 1
    outer loop
      vertex 10.6269 21.4731 17.7
      vertex 8.07686 21.9804 17.7
      vertex 10.6152 21.4054 17.7
    endloop
  endfacet
  facet normal -0 0 1
    outer loop
      vertex 8.04329 21.7869 17.7
      vertex 10.6152 21.4054 17.7
      vertex 8.07686 21.9804 17.7
    endloop
  endfacet
  facet normal 0 0 1
    outer loop
      vertex 10.6152 21.4054 17.7
      vertex 8.04329 21.7869 17.7
      vertex 10.6067 21.3372 17.7
    endloop
  endfacet
  facet normal -0 0 1
    outer loop
      vertex 8.01926 21.5921 17.7
      vertex 10.6067 21.3372 17.7
      vertex 8.04329 21.7869 17.7
    endloop
  endfacet
  facet normal 0 0 1
    outer loop
      vertex 10.6067 21.3372 17.7
      vertex 8.01926 21.5921 17.7
      vertex 10.6017 21.2687 17.7
    endloop
  endfacet
  facet normal -0 0 1
    outer loop
      vertex 8.00482 21.3963 17.7
      vertex 10.6017 21.2687 17.7
      vertex 8.01926 21.5921 17.7
    endloop
  endfacet
  facet normal 0 0 1
    outer loop
      vertex 10.6017 21.2687 17.7
      vertex 8.00482 21.3963 17.7
      vertex 10.6 21.2 17.7
    endloop
  endfacet
  facet normal 0 0 1
    outer loop
      vertex 8 21.2 17.7
      vertex 10.6 21.2 17.7
      vertex 8.00482 21.3963 17.7
    endloop
  endfacet
  facet normal 0 0 1
    outer loop
      vertex 10.6 21.2 17.7
      vertex 8 21.2 17.7
      vertex 10.6017 21.1313 17.7
    endloop
  endfacet
  facet normal 0 0 1
    outer loop
      vertex 10.6017 21.1313 17.7
      vertex 8 21.2 17.7
      vertex 10.6067 21.0628 17.7
    endloop
  endfacet
  facet normal 0 0 1
    outer loop
      vertex 10.6067 21.0628 17.7
      vertex 8 21.2 17.7
      vertex 10.6152 20.9946 17.7
    endloop
  endfacet
  facet normal 0 0 1
    outer loop
      vertex 10.6152 20.9946 17.7
      vertex 8 21.2 17.7
      vertex 10.6269 20.9269 17.7
    endloop
  endfacet
  facet normal 0 0 1
    outer loop
      vertex 10.6269 20.9269 17.7
      vertex 8 21.2 17.7
      vertex 10.642 20.8598 17.7
    endloop
  endfacet
  facet normal 0 0 1
    outer loop
      vertex 10.642 20.8598 17.7
      vertex 8 21.2 17.7
      vertex 10.6603 20.7936 17.7
    endloop
  endfacet
  facet normal 0 0 1
    outer loop
      vertex 10.6603 20.7936 17.7
      vertex 8 21.2 17.7
      vertex 10.6818 20.7284 17.7
    endloop
  endfacet
  facet normal 0 0 1
    outer loop
      vertex 10.6818 20.7284 17.7
      vertex 8 21.2 17.7
      vertex 10.7066 20.6642 17.7
    endloop
  endfacet
  facet normal 0 0 1
    outer loop
      vertex 10.7066 20.6642 17.7
      vertex 8 21.2 17.7
      vertex 10.7344 20.6014 17.7
    endloop
  endfacet
  facet normal 0 0 1
    outer loop
      vertex 10.7344 20.6014 17.7
      vertex 8 21.2 17.7
      vertex 10.7653 20.54 17.7
    endloop
  endfacet
  facet normal 0 0 1
    outer loop
      vertex 10.7653 20.54 17.7
      vertex 8 21.2 17.7
      vertex 10.7992 20.4803 17.7
    endloop
  endfacet
  facet normal 0 0 1
    outer loop
      vertex 8 17.4926 17.7
      vertex 10.7992 20.4803 17.7
      vertex 8 21.2 17.7
    endloop
  endfacet
  facet normal 0 0 1
    outer loop
      vertex 10.7992 20.4803 17.7
      vertex 8 17.4926 17.7
      vertex 10.8359 20.4222 17.7
    endloop
  endfacet
  facet normal 0 0 1
    outer loop
      vertex 10.8359 20.4222 17.7
      vertex 8 17.4926 17.7
      vertex 10.8755 20.366 17.7
    endloop
  endfacet
  facet normal 0 0 1
    outer loop
      vertex 10.8755 20.366 17.7
      vertex 8 17.4926 17.7
      vertex 10.9178 20.3118 17.7
    endloop
  endfacet
  facet normal 0 0 1
    outer loop
      vertex 10.9178 20.3118 17.7
      vertex 8 17.4926 17.7
      vertex 10.9627 20.2598 17.7
    endloop
  endfacet
  facet normal 0 0 1
    outer loop
      vertex 10.9627 20.2598 17.7
      vertex 8 17.4926 17.7
      vertex 11.01 20.21 17.7
    endloop
  endfacet
  facet normal 0 0 1
    outer loop
      vertex 11.01 20.21 17.7
      vertex 8 17.4926 17.7
      vertex 11.0598 20.1627 17.7
    endloop
  endfacet
  facet normal 0 0 1
    outer loop
      vertex 11.0598 20.1627 17.7
      vertex 8 17.4926 17.7
      vertex 11.1118 20.1178 17.7
    endloop
  endfacet
  facet normal 0 0 1
    outer loop
      vertex 11.1118 20.1178 17.7
      vertex 8 17.4926 17.7
      vertex 11.166 20.0755 17.7
    endloop
  endfacet
  facet normal 0 0 1
    outer loop
      vertex 11.166 20.0755 17.7
      vertex 8 17.4926 17.7
      vertex 11.2222 20.0359 17.7
    endloop
  endfacet
  facet normal 0 0 1
    outer loop
      vertex 11.2222 20.0359 17.7
      vertex 8 17.4926 17.7
      vertex 11.2803 19.9992 17.7
    endloop
  endfacet
  facet normal 0 0 1
    outer loop
      vertex 11.2803 19.9992 17.7
      vertex 8 17.4926 17.7
      vertex 11.34 19.9653 17.7
    endloop
  endfacet
  facet normal 0 0 1
    outer loop
      vertex 12 19.8 17.7
      vertex 8 17.4926 17.7
      vertex 16 17.4926 17.7
    endloop
  endfacet
  facet normal -0 0 1
    outer loop
      vertex 8 17.4926 17.7
      vertex 22.5 14.4926 17.7
      vertex 16 17.4926 17.7
    endloop
  endfacet
  facet normal 0 0 1
    outer loop
      vertex 1.5 14.4926 17.7
      vertex 8 17.4926 17.7
      vertex 1.5 17.4926 17.7
    endloop
  endfacet
  facet normal 0 0 1
    outer loop
      vertex 8 17.4926 17.7
      vertex 1.5 14.4926 17.7
      vertex 22.5 14.4926 17.7
    endloop
  endfacet
  facet normal 0 0 1
    outer loop
      vertex 16 21.2 17.7
      vertex 13.4 21.2 17.7
      vertex 13.3983 21.1313 17.7
    endloop
  endfacet
  facet normal 0 0 1
    outer loop
      vertex 15.9952 21.3963 17.7
      vertex 13.3983 21.2687 17.7
      vertex 13.4 21.2 17.7
    endloop
  endfacet
  facet normal 0 0 1
    outer loop
      vertex 15.9807 21.5921 17.7
      vertex 13.3933 21.3372 17.7
      vertex 13.3983 21.2687 17.7
    endloop
  endfacet
  facet normal 0 0 1
    outer loop
      vertex 15.9567 21.7869 17.7
      vertex 13.3848 21.4054 17.7
      vertex 13.3933 21.3372 17.7
    endloop
  endfacet
  facet normal 0 0 1
    outer loop
      vertex 15.8801 22.1719 17.7
      vertex 13.358 21.5402 17.7
      vertex 13.3731 21.4731 17.7
    endloop
  endfacet
  facet normal 0 0 1
    outer loop
      vertex 12.5358 22.4934 17.7
      vertex 13.5307 24.8955 17.7
      vertex 13.3476 24.9662 17.7
    endloop
  endfacet
  facet normal 0 0 1
    outer loop
      vertex 15.8278 22.3611 17.7
      vertex 13.3397 21.6064 17.7
      vertex 13.358 21.5402 17.7
    endloop
  endfacet
  facet normal 0 0 1
    outer loop
      vertex 15.7662 22.5476 17.7
      vertex 13.3182 21.6716 17.7
      vertex 13.3397 21.6064 17.7
    endloop
  endfacet
  facet normal 0 0 1
    outer loop
      vertex 15.6955 22.7307 17.7
      vertex 13.2934 21.7358 17.7
      vertex 13.3182 21.6716 17.7
    endloop
  endfacet
  facet normal 0 0 1
    outer loop
      vertex 15.616 22.9102 17.7
      vertex 13.2656 21.7986 17.7
      vertex 13.2934 21.7358 17.7
    endloop
  endfacet
  facet normal 0 0 1
    outer loop
      vertex 15.5277 23.0856 17.7
      vertex 13.2347 21.86 17.7
      vertex 13.2656 21.7986 17.7
    endloop
  endfacet
  facet normal 0 0 1
    outer loop
      vertex 15.4309 23.2564 17.7
      vertex 13.2008 21.9197 17.7
      vertex 13.2347 21.86 17.7
    endloop
  endfacet
  facet normal 0 0 1
    outer loop
      vertex 15.3259 23.4223 17.7
      vertex 13.1641 21.9778 17.7
      vertex 13.2008 21.9197 17.7
    endloop
  endfacet
  facet normal 0 0 1
    outer loop
      vertex 12.4716 22.5182 17.7
      vertex 13.3476 24.9662 17.7
      vertex 13.1611 25.0278 17.7
    endloop
  endfacet
  facet normal 0 0 1
    outer loop
      vertex 15.2128 23.5828 17.7
      vertex 13.1245 22.034 17.7
      vertex 13.1641 21.9778 17.7
    endloop
  endfacet
  facet normal 0 0 1
    outer loop
      vertex 15.092 23.7376 17.7
      vertex 13.0822 22.0882 17.7
      vertex 13.1245 22.034 17.7
    endloop
  endfacet
  facet normal 0 0 1
    outer loop
      vertex 14.9638 23.8862 17.7
      vertex 13.0373 22.1402 17.7
      vertex 13.0822 22.0882 17.7
    endloop
  endfacet
  facet normal 0 0 1
    outer loop
      vertex 14.8284 24.0284 17.7
      vertex 12.9899 22.1899 17.7
      vertex 13.0373 22.1402 17.7
    endloop
  endfacet
  facet normal 0 0 1
    outer loop
      vertex 12.4064 22.5397 17.7
      vertex 13.1611 25.0278 17.7
      vertex 12.9719 25.0801 17.7
    endloop
  endfacet
  facet normal 0 0 1
    outer loop
      vertex 14.6862 24.1638 17.7
      vertex 12.9402 22.2373 17.7
      vertex 12.9899 22.1899 17.7
    endloop
  endfacet
  facet normal 0 0 1
    outer loop
      vertex 14.5376 24.292 17.7
      vertex 12.8882 22.2822 17.7
      vertex 12.9402 22.2373 17.7
    endloop
  endfacet
  facet normal 0 0 1
    outer loop
      vertex 14.3828 24.4128 17.7
      vertex 12.834 22.3245 17.7
      vertex 12.8882 22.2822 17.7
    endloop
  endfacet
  facet normal 0 0 1
    outer loop
      vertex 12.3402 22.558 17.7
      vertex 12.9719 25.0801 17.7
      vertex 12.7804 25.1231 17.7
    endloop
  endfacet
  facet normal 0 0 1
    outer loop
      vertex 14.2223 24.5259 17.7
      vertex 12.7778 22.3641 17.7
      vertex 12.834 22.3245 17.7
    endloop
  endfacet
  facet normal 0 0 1
    outer loop
      vertex 14.0564 24.6309 17.7
      vertex 12.7197 22.4008 17.7
      vertex 12.7778 22.3641 17.7
    endloop
  endfacet
  facet normal 0 0 1
    outer loop
      vertex 13.8856 24.7277 17.7
      vertex 12.66 22.4347 17.7
      vertex 12.7197 22.4008 17.7
    endloop
  endfacet
  facet normal 0 0 1
    outer loop
      vertex 13.7102 24.816 17.7
      vertex 12.5986 22.4656 17.7
      vertex 12.66 22.4347 17.7
    endloop
  endfacet
  facet normal 0 0 1
    outer loop
      vertex 12.2731 22.5731 17.7
      vertex 12.7804 25.1231 17.7
      vertex 12.5869 25.1567 17.7
    endloop
  endfacet
  facet normal 0 0 1
    outer loop
      vertex 13.5307 24.8955 17.7
      vertex 12.5358 22.4934 17.7
      vertex 12.5986 22.4656 17.7
    endloop
  endfacet
  facet normal 0 0 1
    outer loop
      vertex 13.3476 24.9662 17.7
      vertex 12.4716 22.5182 17.7
      vertex 12.5358 22.4934 17.7
    endloop
  endfacet
  facet normal 0 0 1
    outer loop
      vertex 13.1611 25.0278 17.7
      vertex 12.4064 22.5397 17.7
      vertex 12.4716 22.5182 17.7
    endloop
  endfacet
  facet normal 0 0 1
    outer loop
      vertex 12.2054 22.5848 17.7
      vertex 12.5869 25.1567 17.7
      vertex 12.3921 25.1807 17.7
    endloop
  endfacet
  facet normal 0 0 1
    outer loop
      vertex 12.9719 25.0801 17.7
      vertex 12.3402 22.558 17.7
      vertex 12.4064 22.5397 17.7
    endloop
  endfacet
  facet normal 0 0 1
    outer loop
      vertex 12.7804 25.1231 17.7
      vertex 12.2731 22.5731 17.7
      vertex 12.3402 22.558 17.7
    endloop
  endfacet
  facet normal 0 0 1
    outer loop
      vertex 12.5869 25.1567 17.7
      vertex 12.2054 22.5848 17.7
      vertex 12.2731 22.5731 17.7
    endloop
  endfacet
  facet normal 0 0 1
    outer loop
      vertex 12.1372 22.5933 17.7
      vertex 12.3921 25.1807 17.7
      vertex 12.1963 25.1952 17.7
    endloop
  endfacet
  facet normal 0 0 1
    outer loop
      vertex 12.3921 25.1807 17.7
      vertex 12.1372 22.5933 17.7
      vertex 12.2054 22.5848 17.7
    endloop
  endfacet
  facet normal 0 0 1
    outer loop
      vertex 12.1963 25.1952 17.7
      vertex 12.0687 22.5983 17.7
      vertex 12.1372 22.5933 17.7
    endloop
  endfacet
  facet normal 0 0 1
    outer loop
      vertex 12 25.2 17.7
      vertex 12.0687 22.5983 17.7
      vertex 12.1963 25.1952 17.7
    endloop
  endfacet
  facet normal 0 0 1
    outer loop
      vertex 12 25.2 17.7
      vertex 12 22.6 17.7
      vertex 12.0687 22.5983 17.7
    endloop
  endfacet
  facet normal 0 0 1
    outer loop
      vertex 12 25.2 17.7
      vertex 11.9313 22.5983 17.7
      vertex 12 22.6 17.7
    endloop
  endfacet
  facet normal -0 0 1
    outer loop
      vertex 11.8037 25.1952 17.7
      vertex 11.9313 22.5983 17.7
      vertex 12 25.2 17.7
    endloop
  endfacet
  facet normal 0 0 1
    outer loop
      vertex 11.9313 22.5983 17.7
      vertex 11.8037 25.1952 17.7
      vertex 11.8628 22.5933 17.7
    endloop
  endfacet
  facet normal -0 0 1
    outer loop
      vertex 11.6079 25.1807 17.7
      vertex 11.8628 22.5933 17.7
      vertex 11.8037 25.1952 17.7
    endloop
  endfacet
  facet normal 0 0 1
    outer loop
      vertex 11.8628 22.5933 17.7
      vertex 11.6079 25.1807 17.7
      vertex 11.7946 22.5848 17.7
    endloop
  endfacet
  facet normal -0 0 1
    outer loop
      vertex 11.4131 25.1567 17.7
      vertex 11.7946 22.5848 17.7
      vertex 11.6079 25.1807 17.7
    endloop
  endfacet
  facet normal 0 0 1
    outer loop
      vertex 11.7946 22.5848 17.7
      vertex 11.4131 25.1567 17.7
      vertex 11.7269 22.5731 17.7
    endloop
  endfacet
  facet normal -0 0 1
    outer loop
      vertex 11.2196 25.1231 17.7
      vertex 11.7269 22.5731 17.7
      vertex 11.4131 25.1567 17.7
    endloop
  endfacet
  facet normal 0 0 1
    outer loop
      vertex 11.7269 22.5731 17.7
      vertex 11.2196 25.1231 17.7
      vertex 11.6598 22.558 17.7
    endloop
  endfacet
  facet normal -0 0 1
    outer loop
      vertex 11.0281 25.0801 17.7
      vertex 11.6598 22.558 17.7
      vertex 11.2196 25.1231 17.7
    endloop
  endfacet
  facet normal 0 0 1
    outer loop
      vertex 11.6598 22.558 17.7
      vertex 11.0281 25.0801 17.7
      vertex 11.5936 22.5397 17.7
    endloop
  endfacet
  facet normal -0 0 1
    outer loop
      vertex 10.8389 25.0278 17.7
      vertex 11.5936 22.5397 17.7
      vertex 11.0281 25.0801 17.7
    endloop
  endfacet
  facet normal 0 0 1
    outer loop
      vertex 11.5936 22.5397 17.7
      vertex 10.8389 25.0278 17.7
      vertex 11.5284 22.5182 17.7
    endloop
  endfacet
  facet normal -0 0 1
    outer loop
      vertex 10.6524 24.9662 17.7
      vertex 11.5284 22.5182 17.7
      vertex 10.8389 25.0278 17.7
    endloop
  endfacet
  facet normal 0 0 1
    outer loop
      vertex 11.5284 22.5182 17.7
      vertex 10.6524 24.9662 17.7
      vertex 11.4642 22.4934 17.7
    endloop
  endfacet
  facet normal -0 0 1
    outer loop
      vertex 10.4693 24.8955 17.7
      vertex 11.4642 22.4934 17.7
      vertex 10.6524 24.9662 17.7
    endloop
  endfacet
  facet normal 0 0 1
    outer loop
      vertex 11.4642 22.4934 17.7
      vertex 10.4693 24.8955 17.7
      vertex 11.4014 22.4656 17.7
    endloop
  endfacet
  facet normal -0 0 1
    outer loop
      vertex 10.2898 24.816 17.7
      vertex 11.4014 22.4656 17.7
      vertex 10.4693 24.8955 17.7
    endloop
  endfacet
  facet normal 0 0 1
    outer loop
      vertex 11.4014 22.4656 17.7
      vertex 10.2898 24.816 17.7
      vertex 11.34 22.4347 17.7
    endloop
  endfacet
  facet normal -0 0 1
    outer loop
      vertex 10.1144 24.7277 17.7
      vertex 11.34 22.4347 17.7
      vertex 10.2898 24.816 17.7
    endloop
  endfacet
  facet normal 0 0 1
    outer loop
      vertex 11.34 22.4347 17.7
      vertex 10.1144 24.7277 17.7
      vertex 11.2803 22.4008 17.7
    endloop
  endfacet
  facet normal -0 0 1
    outer loop
      vertex 9.94359 24.6309 17.7
      vertex 11.2803 22.4008 17.7
      vertex 10.1144 24.7277 17.7
    endloop
  endfacet
  facet normal 0 0 1
    outer loop
      vertex 11.2803 22.4008 17.7
      vertex 9.94359 24.6309 17.7
      vertex 11.2222 22.3641 17.7
    endloop
  endfacet
  facet normal -0 0 1
    outer loop
      vertex 9.77772 24.5259 17.7
      vertex 11.2222 22.3641 17.7
      vertex 9.94359 24.6309 17.7
    endloop
  endfacet
  facet normal 0 0 1
    outer loop
      vertex 11.2222 22.3641 17.7
      vertex 9.77772 24.5259 17.7
      vertex 11.166 22.3245 17.7
    endloop
  endfacet
  facet normal -0 0 1
    outer loop
      vertex 9.6172 24.4128 17.7
      vertex 11.166 22.3245 17.7
      vertex 9.77772 24.5259 17.7
    endloop
  endfacet
  facet normal 0 0 1
    outer loop
      vertex 11.166 22.3245 17.7
      vertex 9.6172 24.4128 17.7
      vertex 11.1118 22.2822 17.7
    endloop
  endfacet
  facet normal -0 0 1
    outer loop
      vertex 9.46243 24.292 17.7
      vertex 11.1118 22.2822 17.7
      vertex 9.6172 24.4128 17.7
    endloop
  endfacet
  facet normal 0 0 1
    outer loop
      vertex 11.1118 22.2822 17.7
      vertex 9.46243 24.292 17.7
      vertex 11.0598 22.2373 17.7
    endloop
  endfacet
  facet normal -0 0 1
    outer loop
      vertex 9.31376 24.1638 17.7
      vertex 11.0598 22.2373 17.7
      vertex 9.46243 24.292 17.7
    endloop
  endfacet
  facet normal 0 0 1
    outer loop
      vertex 11.0598 22.2373 17.7
      vertex 9.31376 24.1638 17.7
      vertex 11.01 22.1899 17.7
    endloop
  endfacet
  facet normal -0 0 1
    outer loop
      vertex 9.17157 24.0284 17.7
      vertex 11.01 22.1899 17.7
      vertex 9.31376 24.1638 17.7
    endloop
  endfacet
  facet normal 0 0 1
    outer loop
      vertex 11.01 22.1899 17.7
      vertex 9.17157 24.0284 17.7
      vertex 10.9627 22.1402 17.7
    endloop
  endfacet
  facet normal -0 0 1
    outer loop
      vertex 9.03619 23.8862 17.7
      vertex 10.9627 22.1402 17.7
      vertex 9.17157 24.0284 17.7
    endloop
  endfacet
  facet normal 0 0 1
    outer loop
      vertex 10.9627 22.1402 17.7
      vertex 9.03619 23.8862 17.7
      vertex 10.9178 22.0882 17.7
    endloop
  endfacet
  facet normal -0 0 1
    outer loop
      vertex 8.90796 23.7376 17.7
      vertex 10.9178 22.0882 17.7
      vertex 9.03619 23.8862 17.7
    endloop
  endfacet
  facet normal 0 0 1
    outer loop
      vertex 10.9178 22.0882 17.7
      vertex 8.90796 23.7376 17.7
      vertex 10.8755 22.034 17.7
    endloop
  endfacet
  facet normal -0 0 1
    outer loop
      vertex 8.78717 23.5828 17.7
      vertex 10.8755 22.034 17.7
      vertex 8.90796 23.7376 17.7
    endloop
  endfacet
  facet normal 0 0 1
    outer loop
      vertex 10.8755 22.034 17.7
      vertex 8.78717 23.5828 17.7
      vertex 10.8359 21.9778 17.7
    endloop
  endfacet
  facet normal -0 0 1
    outer loop
      vertex 8.67412 23.4223 17.7
      vertex 10.8359 21.9778 17.7
      vertex 8.78717 23.5828 17.7
    endloop
  endfacet
  facet normal 0.963853 0.266435 0
    outer loop
      vertex 15.8801 -20.2281 15
      vertex 15.8278 -20.0389 3.2
      vertex 15.8278 -20.0389 15
    endloop
  endfacet
  facet normal 0.963853 0.266435 0
    outer loop
      vertex 15.8278 -20.0389 3.2
      vertex 15.8801 -20.2281 15
      vertex 15.8801 -20.2281 3.2
    endloop
  endfacet
  facet normal 0.404957 -0.914336 0
    outer loop
      vertex 13.5307 -24.8955 3.2
      vertex 13.7102 -24.816 17.7
      vertex 13.5307 -24.8955 17.7
    endloop
  endfacet
  facet normal 0.404957 -0.914336 0
    outer loop
      vertex 13.7102 -24.816 17.7
      vertex 13.5307 -24.8955 3.2
      vertex 13.7102 -24.816 3.2
    endloop
  endfacet
  facet normal 0.31363 0.949545 -0
    outer loop
      vertex 13.3476 -17.4338 3.2
      vertex 13.1611 -17.3722 15
      vertex 13.3476 -17.4338 15
    endloop
  endfacet
  facet normal 0.31363 0.949545 0
    outer loop
      vertex 13.1611 -17.3722 15
      vertex 13.3476 -17.4338 3.2
      vertex 13.1611 -17.3722 3.2
    endloop
  endfacet
  facet normal 0.869993 -0.493064 0
    outer loop
      vertex 15.4309 -23.2564 17.7
      vertex 15.5277 -23.0856 3.2
      vertex 15.5277 -23.0856 17.7
    endloop
  endfacet
  facet normal 0.869993 -0.493064 0
    outer loop
      vertex 15.5277 -23.0856 3.2
      vertex 15.4309 -23.2564 17.7
      vertex 15.4309 -23.2564 3.2
    endloop
  endfacet
  facet normal 0.360208 0.932872 -0
    outer loop
      vertex 13.5307 -17.5045 3.2
      vertex 13.3476 -17.4338 15
      vertex 13.5307 -17.5045 15
    endloop
  endfacet
  facet normal 0.360208 0.932872 0
    outer loop
      vertex 13.3476 -17.4338 15
      vertex 13.5307 -17.5045 3.2
      vertex 13.3476 -17.4338 3.2
    endloop
  endfacet
  facet normal 0.122469 0.992472 -0.000398893
    outer loop
      vertex 12.5869 -17.2433 15
      vertex 12.3921 -17.2193 14.9059
      vertex 12.5245 -17.2356 15
    endloop
  endfacet
  facet normal 0.122279 0.992496 -0
    outer loop
      vertex 12.5869 -17.2433 3.2
      vertex 12.3921 -17.2193 14.9059
      vertex 12.5869 -17.2433 15
    endloop
  endfacet
  facet normal 0.122279 0.992496 0
    outer loop
      vertex 12.3921 -17.2193 14.9059
      vertex 12.5869 -17.2433 3.2
      vertex 12.3921 -17.2193 3.2
    endloop
  endfacet
  facet normal -0.689604 -0.724186 0
    outer loop
      vertex 9.17157 -24.0284 3.2
      vertex 9.31376 -24.1638 17.7
      vertex 9.17157 -24.0284 17.7
    endloop
  endfacet
  facet normal -0.689604 -0.724186 -0
    outer loop
      vertex 9.31376 -24.1638 17.7
      vertex 9.17157 -24.0284 3.2
      vertex 9.31376 -24.1638 3.2
    endloop
  endfacet
  facet normal -0.449656 0.893202 0
    outer loop
      vertex 10.2898 -17.584 3.2
      vertex 10.1144 -17.6723 15
      vertex 10.2898 -17.584 15
    endloop
  endfacet
  facet normal -0.449656 0.893202 0
    outer loop
      vertex 10.1144 -17.6723 15
      vertex 10.2898 -17.584 3.2
      vertex 10.1144 -17.6723 3.2
    endloop
  endfacet
  facet normal 0.817433 0.576023 0
    outer loop
      vertex 15.3259 -18.9777 15
      vertex 15.2128 -18.8172 3.2
      vertex 15.2128 -18.8172 15
    endloop
  endfacet
  facet normal 0.817433 0.576023 0
    outer loop
      vertex 15.2128 -18.8172 3.2
      vertex 15.3259 -18.9777 15
      vertex 15.3259 -18.9777 3.2
    endloop
  endfacet
  facet normal 0.788364 0.615209 0
    outer loop
      vertex 15.2128 -18.8172 15
      vertex 15.092 -18.6624 3.2
      vertex 15.092 -18.6624 15
    endloop
  endfacet
  facet normal 0.788364 0.615209 0
    outer loop
      vertex 15.092 -18.6624 3.2
      vertex 15.2128 -18.8172 15
      vertex 15.2128 -18.8172 3.2
    endloop
  endfacet
  facet normal -0.949576 0.313538 0
    outer loop
      vertex 8.17224 -20.0389 3.2
      vertex 8.23382 -19.8524 15
      vertex 8.23382 -19.8524 3.2
    endloop
  endfacet
  facet normal -0.949576 0.313538 0
    outer loop
      vertex 8.23382 -19.8524 15
      vertex 8.17224 -20.0389 3.2
      vertex 8.17224 -20.0389 15
    endloop
  endfacet
  facet normal 0.963853 -0.266435 0
    outer loop
      vertex 15.8278 -22.3611 17.7
      vertex 15.8801 -22.1719 3.2
      vertex 15.8801 -22.1719 17.7
    endloop
  endfacet
  facet normal 0.963853 -0.266435 0
    outer loop
      vertex 15.8801 -22.1719 3.2
      vertex 15.8278 -22.3611 17.7
      vertex 15.8278 -22.3611 3.2
    endloop
  endfacet
  facet normal 0.31363 -0.949545 0
    outer loop
      vertex 13.1611 -25.0278 3.2
      vertex 13.3476 -24.9662 17.7
      vertex 13.1611 -25.0278 17.7
    endloop
  endfacet
  facet normal 0.313856 -0.949471 -3.22343e-06
    outer loop
      vertex 13.2452 -25 3.2
      vertex 13.3476 -24.9662 17.7
      vertex 13.1611 -25.0278 3.2
    endloop
  endfacet
  facet normal 0.313444 -0.949607 0
    outer loop
      vertex 13.3476 -24.9662 17.7
      vertex 13.2452 -25 3.2
      vertex 13.3476 -24.9662 3.2
    endloop
  endfacet
  facet normal 0.576023 0.817433 -0
    outer loop
      vertex 14.3828 -17.9872 3.2
      vertex 14.2223 -17.8741 15
      vertex 14.3828 -17.9872 15
    endloop
  endfacet
  facet normal 0.576023 0.817433 0
    outer loop
      vertex 14.2223 -17.8741 15
      vertex 14.3828 -17.9872 3.2
      vertex 14.2223 -17.8741 3.2
    endloop
  endfacet
  facet normal 0.360208 -0.932872 0
    outer loop
      vertex 13.3476 -24.9662 3.2
      vertex 13.5307 -24.8955 17.7
      vertex 13.3476 -24.9662 17.7
    endloop
  endfacet
  facet normal 0.360208 -0.932872 0
    outer loop
      vertex 13.5307 -24.8955 17.7
      vertex 13.3476 -24.9662 3.2
      vertex 13.5307 -24.8955 3.2
    endloop
  endfacet
  facet normal 0.997269 0.0738529 0
    outer loop
      vertex 15.9952 -21.0037 15
      vertex 15.9807 -20.8079 3.2
      vertex 15.9807 -20.8079 15
    endloop
  endfacet
  facet normal 0.997269 0.0738529 0
    outer loop
      vertex 15.9807 -20.8079 3.2
      vertex 15.9952 -21.0037 15
      vertex 15.9952 -21.0037 3.2
    endloop
  endfacet
  facet normal -0.219088 0.975705 0
    outer loop
      vertex 11.2196 -17.2769 3.2
      vertex 11.0281 -17.3199 15
      vertex 11.2196 -17.2769 15
    endloop
  endfacet
  facet normal -0.219088 0.975705 0
    outer loop
      vertex 11.0281 -17.3199 15
      vertex 11.2196 -17.2769 3.2
      vertex 11.0281 -17.3199 3.2
    endloop
  endfacet
  facet normal 0.999701 -0.0244451 0
    outer loop
      vertex 15.9952 -21.3963 17.7
      vertex 16 -21.2 15
      vertex 16 -21.2 17.7
    endloop
  endfacet
  facet normal 0.999701 -0.0244451 0
    outer loop
      vertex 15.9952 -21.3963 3.2
      vertex 16 -21.2 15
      vertex 15.9952 -21.3963 17.7
    endloop
  endfacet
  facet normal 0.999701 -0.0244451 0
    outer loop
      vertex 16 -21.2 15
      vertex 15.9952 -21.3963 3.2
      vertex 16 -21.2 3.2
    endloop
  endfacet
  facet normal 0.949545 0.31363 0
    outer loop
      vertex 15.8278 -20.0389 15
      vertex 15.7662 -19.8524 3.2
      vertex 15.7662 -19.8524 15
    endloop
  endfacet
  facet normal 0.949545 0.31363 0
    outer loop
      vertex 15.7662 -19.8524 3.2
      vertex 15.8278 -20.0389 15
      vertex 15.8278 -20.0389 3.2
    endloop
  endfacet
  facet normal 0.493064 -0.869993 0
    outer loop
      vertex 13.8856 -24.7277 3.2
      vertex 14.0564 -24.6309 17.7
      vertex 13.8856 -24.7277 17.7
    endloop
  endfacet
  facet normal 0.493064 -0.869993 0
    outer loop
      vertex 14.0564 -24.6309 17.7
      vertex 13.8856 -24.7277 3.2
      vertex 14.0564 -24.6309 3.2
    endloop
  endfacet
  facet normal 0.757167 -0.653222 0
    outer loop
      vertex 14.9638 -23.8862 17.7
      vertex 15.092 -23.7376 3.2
      vertex 15.092 -23.7376 17.7
    endloop
  endfacet
  facet normal 0.757167 -0.653222 0
    outer loop
      vertex 15.092 -23.7376 3.2
      vertex 14.9638 -23.8862 17.7
      vertex 14.9638 -23.8862 3.2
    endloop
  endfacet
  facet normal 0.997269 -0.0738529 0
    outer loop
      vertex 15.9807 -21.5921 17.7
      vertex 15.9952 -21.3963 3.2
      vertex 15.9952 -21.3963 17.7
    endloop
  endfacet
  facet normal 0.997269 -0.0738529 0
    outer loop
      vertex 15.9952 -21.3963 3.2
      vertex 15.9807 -21.5921 17.7
      vertex 15.9807 -21.5921 3.2
    endloop
  endfacet
  facet normal 0.534798 0.84498 -0
    outer loop
      vertex 14.2223 -17.8741 3.2
      vertex 14.0564 -17.7691 15
      vertex 14.2223 -17.8741 15
    endloop
  endfacet
  facet normal 0.534798 0.84498 0
    outer loop
      vertex 14.0564 -17.7691 15
      vertex 14.2223 -17.8741 3.2
      vertex 14.0564 -17.7691 3.2
    endloop
  endfacet
  facet normal -0.534867 0.844936 0
    outer loop
      vertex 9.94359 -17.7691 3.2
      vertex 9.77772 -17.8741 15
      vertex 9.94359 -17.7691 15
    endloop
  endfacet
  facet normal -0.534867 0.844936 0
    outer loop
      vertex 9.77772 -17.8741 15
      vertex 9.94359 -17.7691 3.2
      vertex 9.77772 -17.8741 3.2
    endloop
  endfacet
  facet normal -0.724261 0.689525 0
    outer loop
      vertex 9.03619 -18.5138 3.2
      vertex 9.17157 -18.3716 15
      vertex 9.17157 -18.3716 3.2
    endloop
  endfacet
  facet normal -0.724261 0.689525 0
    outer loop
      vertex 9.17157 -18.3716 15
      vertex 9.03619 -18.5138 3.2
      vertex 9.03619 -18.5138 15
    endloop
  endfacet
  facet normal -0.171083 0.985257 0
    outer loop
      vertex 11.4131 -17.2433 3.2
      vertex 11.2196 -17.2769 15
      vertex 11.4131 -17.2433 15
    endloop
  endfacet
  facet normal -0.171083 0.985257 0
    outer loop
      vertex 11.2196 -17.2769 15
      vertex 11.4131 -17.2433 3.2
      vertex 11.2196 -17.2769 3.2
    endloop
  endfacet
  facet normal -0.122469 0.992472 -0.000398893
    outer loop
      vertex 11.6079 -17.2193 14.9059
      vertex 11.4131 -17.2433 15
      vertex 11.4755 -17.2356 15
    endloop
  endfacet
  facet normal -0.122279 0.992496 0
    outer loop
      vertex 11.4131 -17.2433 3.2
      vertex 11.6079 -17.2193 14.9059
      vertex 11.6079 -17.2193 3.2
    endloop
  endfacet
  facet normal -0.122279 0.992496 0
    outer loop
      vertex 11.6079 -17.2193 14.9059
      vertex 11.4131 -17.2433 3.2
      vertex 11.4131 -17.2433 15
    endloop
  endfacet
  facet normal -0.914223 -0.405212 0
    outer loop
      vertex 8.38404 -22.9102 3.2
      vertex 8.30448 -22.7307 17.7
      vertex 8.30448 -22.7307 3.2
    endloop
  endfacet
  facet normal -0.914223 -0.405212 0
    outer loop
      vertex 8.30448 -22.7307 17.7
      vertex 8.38404 -22.9102 3.2
      vertex 8.38404 -22.9102 17.7
    endloop
  endfacet
  facet normal 0.999701 0.0244451 0
    outer loop
      vertex 16 -21.2 15
      vertex 15.9952 -21.0037 3.2
      vertex 15.9952 -21.0037 15
    endloop
  endfacet
  facet normal 0.999701 0.0244451 0
    outer loop
      vertex 15.9952 -21.0037 3.2
      vertex 16 -21.2 15
      vertex 16 -21.2 3.2
    endloop
  endfacet
  facet normal -0.932941 -0.36003 0
    outer loop
      vertex 8.30448 -22.7307 3.2
      vertex 8.23382 -22.5476 17.7
      vertex 8.23382 -22.5476 3.2
    endloop
  endfacet
  facet normal -0.932941 -0.36003 0
    outer loop
      vertex 8.23382 -22.5476 17.7
      vertex 8.30448 -22.7307 3.2
      vertex 8.30448 -22.7307 17.7
    endloop
  endfacet
  facet normal -0.997292 -0.073549 0
    outer loop
      vertex 8.01926 -21.5921 3.2
      vertex 8.00482 -21.3963 17.7
      vertex 8.00482 -21.3963 3.2
    endloop
  endfacet
  facet normal -0.997292 -0.073549 0
    outer loop
      vertex 8.00482 -21.3963 17.7
      vertex 8.01926 -21.5921 3.2
      vertex 8.01926 -21.5921 17.7
    endloop
  endfacet
  facet normal -0.999699 0.0245469 0
    outer loop
      vertex 8 -21.2 3.2
      vertex 8.00482 -21.0037 15
      vertex 8.00482 -21.0037 3.2
    endloop
  endfacet
  facet normal -0.999699 0.0245469 0
    outer loop
      vertex 8.00482 -21.0037 15
      vertex 8 -21.2 3.2
      vertex 8 -21.2 15
    endloop
  endfacet
  facet normal 0.975705 -0.219088 0
    outer loop
      vertex 15.8801 -22.1719 17.7
      vertex 15.9231 -21.9804 3.2
      vertex 15.9231 -21.9804 17.7
    endloop
  endfacet
  facet normal 0.975705 -0.219088 0
    outer loop
      vertex 15.9231 -21.9804 3.2
      vertex 15.8801 -22.1719 17.7
      vertex 15.8801 -22.1719 3.2
    endloop
  endfacet
  facet normal -0.757091 0.653309 0
    outer loop
      vertex 8.90796 -18.6624 3.2
      vertex 9.03619 -18.5138 15
      vertex 9.03619 -18.5138 3.2
    endloop
  endfacet
  facet normal -0.757091 0.653309 0
    outer loop
      vertex 9.03619 -18.5138 15
      vertex 8.90796 -18.6624 3.2
      vertex 8.90796 -18.6624 15
    endloop
  endfacet
  facet normal 0.653222 -0.757167 0
    outer loop
      vertex 14.5376 -24.292 3.2
      vertex 14.6862 -24.1638 17.7
      vertex 14.5376 -24.292 17.7
    endloop
  endfacet
  facet normal 0.653222 -0.757167 0
    outer loop
      vertex 14.6862 -24.1638 17.7
      vertex 14.5376 -24.292 3.2
      vertex 14.6862 -24.1638 3.2
    endloop
  endfacet
  facet normal -0.985282 -0.170935 0
    outer loop
      vertex 8.07686 -21.9804 3.2
      vertex 8.04329 -21.7869 17.7
      vertex 8.04329 -21.7869 3.2
    endloop
  endfacet
  facet normal -0.985282 -0.170935 0
    outer loop
      vertex 8.04329 -21.7869 17.7
      vertex 8.07686 -21.9804 3.2
      vertex 8.07686 -21.9804 17.7
    endloop
  endfacet
  facet normal -0.689604 0.724186 0
    outer loop
      vertex 9.31376 -18.2362 3.2
      vertex 9.17157 -18.3716 15
      vertex 9.31376 -18.2362 15
    endloop
  endfacet
  facet normal -0.689604 0.724186 0
    outer loop
      vertex 9.17157 -18.3716 15
      vertex 9.31376 -18.2362 3.2
      vertex 9.17157 -18.3716 3.2
    endloop
  endfacet
  facet normal 0.992496 0.122279 0
    outer loop
      vertex 15.9807 -20.8079 15
      vertex 15.9567 -20.6131 3.2
      vertex 15.9567 -20.6131 15
    endloop
  endfacet
  facet normal 0.992496 0.122279 0
    outer loop
      vertex 15.9567 -20.6131 3.2
      vertex 15.9807 -20.8079 15
      vertex 15.9807 -20.8079 3.2
    endloop
  endfacet
  facet normal -0.914223 0.405212 0
    outer loop
      vertex 8.30448 -19.6693 3.2
      vertex 8.38404 -19.4898 15
      vertex 8.38404 -19.4898 3.2
    endloop
  endfacet
  facet normal -0.914223 0.405212 0
    outer loop
      vertex 8.38404 -19.4898 15
      vertex 8.30448 -19.6693 3.2
      vertex 8.30448 -19.6693 15
    endloop
  endfacet
  facet normal -0.0738529 0.997269 0
    outer loop
      vertex 11.6079 -17.2193 3.2
      vertex 11.8037 -17.2048 14.8226
      vertex 11.8037 -17.2048 3.2
    endloop
  endfacet
  facet normal -0.0738529 0.997269 0
    outer loop
      vertex 11.8037 -17.2048 14.8226
      vertex 11.6079 -17.2193 3.2
      vertex 11.6079 -17.2193 14.9059
    endloop
  endfacet
  facet normal -0.975694 -0.219136 0
    outer loop
      vertex 8.11987 -22.1719 3.2
      vertex 8.07686 -21.9804 17.7
      vertex 8.07686 -21.9804 3.2
    endloop
  endfacet
  facet normal -0.975694 -0.219136 0
    outer loop
      vertex 8.07686 -21.9804 17.7
      vertex 8.11987 -22.1719 3.2
      vertex 8.11987 -22.1719 17.7
    endloop
  endfacet
  facet normal 0.219088 -0.975705 0
    outer loop
      vertex 12.7804 -25.1231 3.2
      vertex 12.9719 -25.0801 17.7
      vertex 12.7804 -25.1231 17.7
    endloop
  endfacet
  facet normal 0.219088 -0.975705 0
    outer loop
      vertex 12.9719 -25.0801 17.7
      vertex 12.7804 -25.1231 3.2
      vertex 12.9719 -25.0801 3.2
    endloop
  endfacet
  facet normal 0.84498 -0.534798 0
    outer loop
      vertex 15.3259 -23.4223 17.7
      vertex 15.4309 -23.2564 3.2
      vertex 15.4309 -23.2564 17.7
    endloop
  endfacet
  facet normal 0.84498 -0.534798 0
    outer loop
      vertex 15.4309 -23.2564 3.2
      vertex 15.3259 -23.4223 17.7
      vertex 15.3259 -23.4223 3.2
    endloop
  endfacet
  facet normal 0.689579 0.724211 -0
    outer loop
      vertex 14.8284 -18.3716 3.2
      vertex 14.6862 -18.2362 15
      vertex 14.8284 -18.3716 15
    endloop
  endfacet
  facet normal 0.689579 0.724211 0
    outer loop
      vertex 14.6862 -18.2362 15
      vertex 14.8284 -18.3716 3.2
      vertex 14.6862 -18.2362 3.2
    endloop
  endfacet
  facet normal -0.575975 0.817467 0
    outer loop
      vertex 9.77772 -17.8741 3.2
      vertex 9.6172 -17.9872 15
      vertex 9.77772 -17.8741 15
    endloop
  endfacet
  facet normal -0.575975 0.817467 0
    outer loop
      vertex 9.6172 -17.9872 15
      vertex 9.77772 -17.8741 3.2
      vertex 9.6172 -17.9872 3.2
    endloop
  endfacet
  facet normal -0.893263 -0.449534 0
    outer loop
      vertex 8.47231 -23.0856 3.2
      vertex 8.38404 -22.9102 17.7
      vertex 8.38404 -22.9102 3.2
    endloop
  endfacet
  facet normal -0.893263 -0.449534 0
    outer loop
      vertex 8.38404 -22.9102 17.7
      vertex 8.47231 -23.0856 3.2
      vertex 8.47231 -23.0856 17.7
    endloop
  endfacet
  facet normal 0.266435 -0.963853 0
    outer loop
      vertex 12.9719 -25.0801 3.2
      vertex 13.1611 -25.0278 17.7
      vertex 12.9719 -25.0801 17.7
    endloop
  endfacet
  facet normal 0.266435 -0.963853 0
    outer loop
      vertex 13.1611 -25.0278 17.7
      vertex 12.9719 -25.0801 3.2
      vertex 13.1611 -25.0278 3.2
    endloop
  endfacet
  facet normal 0.932872 0.360208 0
    outer loop
      vertex 15.7662 -19.8524 15
      vertex 15.6955 -19.6693 3.2
      vertex 15.6955 -19.6693 15
    endloop
  endfacet
  facet normal 0.932872 0.360208 0
    outer loop
      vertex 15.6955 -19.6693 3.2
      vertex 15.7662 -19.8524 15
      vertex 15.7662 -19.8524 3.2
    endloop
  endfacet
  facet normal 0.992496 -0.122279 0
    outer loop
      vertex 15.9567 -21.7869 17.7
      vertex 15.9807 -21.5921 3.2
      vertex 15.9807 -21.5921 17.7
    endloop
  endfacet
  facet normal 0.992496 -0.122279 0
    outer loop
      vertex 15.9807 -21.5921 3.2
      vertex 15.9567 -21.7869 17.7
      vertex 15.9567 -21.7869 3.2
    endloop
  endfacet
  facet normal 0.534798 -0.84498 0
    outer loop
      vertex 14.0564 -24.6309 3.2
      vertex 14.2223 -24.5259 17.7
      vertex 14.0564 -24.6309 17.7
    endloop
  endfacet
  facet normal 0.534798 -0.84498 0
    outer loop
      vertex 14.2223 -24.5259 17.7
      vertex 14.0564 -24.6309 3.2
      vertex 14.2223 -24.5259 3.2
    endloop
  endfacet
  facet normal 0.615209 0.788364 -0
    outer loop
      vertex 14.5376 -18.108 3.2
      vertex 14.3828 -17.9872 15
      vertex 14.5376 -18.108 15
    endloop
  endfacet
  facet normal 0.615209 0.788364 0
    outer loop
      vertex 14.3828 -17.9872 15
      vertex 14.5376 -18.108 3.2
      vertex 14.3828 -17.9872 3.2
    endloop
  endfacet
  facet normal 0.84498 0.534798 0
    outer loop
      vertex 15.4309 -19.1436 15
      vertex 15.3259 -18.9777 3.2
      vertex 15.3259 -18.9777 15
    endloop
  endfacet
  facet normal 0.84498 0.534798 0
    outer loop
      vertex 15.3259 -18.9777 3.2
      vertex 15.4309 -19.1436 15
      vertex 15.4309 -19.1436 3.2
    endloop
  endfacet
  facet normal 0.949545 -0.31363 0
    outer loop
      vertex 15.7662 -22.5476 17.7
      vertex 15.8278 -22.3611 3.2
      vertex 15.8278 -22.3611 17.7
    endloop
  endfacet
  facet normal 0.949545 -0.31363 0
    outer loop
      vertex 15.8278 -22.3611 3.2
      vertex 15.7662 -22.5476 17.7
      vertex 15.7662 -22.5476 3.2
    endloop
  endfacet
  facet normal -0.870037 -0.492987 0
    outer loop
      vertex 8.56909 -23.2564 3.2
      vertex 8.47231 -23.0856 17.7
      vertex 8.47231 -23.0856 3.2
    endloop
  endfacet
  facet normal -0.870037 -0.492987 0
    outer loop
      vertex 8.47231 -23.0856 17.7
      vertex 8.56909 -23.2564 3.2
      vertex 8.56909 -23.2564 17.7
    endloop
  endfacet
  facet normal -0.449656 -0.893202 0
    outer loop
      vertex 10.1144 -24.7277 3.2
      vertex 10.2898 -24.816 17.7
      vertex 10.1144 -24.7277 17.7
    endloop
  endfacet
  facet normal -0.449656 -0.893202 -0
    outer loop
      vertex 10.2898 -24.816 17.7
      vertex 10.1144 -24.7277 3.2
      vertex 10.2898 -24.816 3.2
    endloop
  endfacet
  facet normal 0.404957 0.914336 -0
    outer loop
      vertex 13.7102 -17.584 3.2
      vertex 13.5307 -17.5045 15
      vertex 13.7102 -17.584 15
    endloop
  endfacet
  facet normal 0.404957 0.914336 0
    outer loop
      vertex 13.5307 -17.5045 15
      vertex 13.7102 -17.584 3.2
      vertex 13.5307 -17.5045 3.2
    endloop
  endfacet
  facet normal 0.0738529 0.997269 -0
    outer loop
      vertex 12.3921 -17.2193 3.2
      vertex 12.1963 -17.2048 14.8226
      vertex 12.3921 -17.2193 14.9059
    endloop
  endfacet
  facet normal 0.0738529 0.997269 0
    outer loop
      vertex 12.1963 -17.2048 14.8226
      vertex 12.3921 -17.2193 3.2
      vertex 12.1963 -17.2048 3.2
    endloop
  endfacet
  facet normal 0.975705 0.219088 0
    outer loop
      vertex 15.9231 -20.4196 15
      vertex 15.8801 -20.2281 3.2
      vertex 15.8801 -20.2281 15
    endloop
  endfacet
  facet normal 0.975705 0.219088 0
    outer loop
      vertex 15.8801 -20.2281 3.2
      vertex 15.9231 -20.4196 15
      vertex 15.9231 -20.4196 3.2
    endloop
  endfacet
  facet normal 0.985257 0.171083 0
    outer loop
      vertex 15.9567 -20.6131 15
      vertex 15.9231 -20.4196 3.2
      vertex 15.9231 -20.4196 15
    endloop
  endfacet
  facet normal 0.985257 0.171083 0
    outer loop
      vertex 15.9231 -20.4196 3.2
      vertex 15.9567 -20.6131 15
      vertex 15.9567 -20.6131 3.2
    endloop
  endfacet
  facet normal 0.788364 -0.615209 0
    outer loop
      vertex 15.092 -23.7376 17.7
      vertex 15.2128 -23.5828 3.2
      vertex 15.2128 -23.5828 17.7
    endloop
  endfacet
  facet normal 0.788364 -0.615209 0
    outer loop
      vertex 15.2128 -23.5828 3.2
      vertex 15.092 -23.7376 17.7
      vertex 15.092 -23.7376 3.2
    endloop
  endfacet
  facet normal 0.266435 0.963853 -0
    outer loop
      vertex 13.1611 -17.3722 3.2
      vertex 12.9719 -17.3199 15
      vertex 13.1611 -17.3722 15
    endloop
  endfacet
  facet normal 0.266435 0.963853 0
    outer loop
      vertex 12.9719 -17.3199 15
      vertex 13.1611 -17.3722 3.2
      vertex 12.9719 -17.3199 3.2
    endloop
  endfacet
  facet normal -0.122279 -0.992496 0
    outer loop
      vertex 11.4131 -25.1567 3.2
      vertex 11.6079 -25.1807 17.7
      vertex 11.4131 -25.1567 17.7
    endloop
  endfacet
  facet normal -0.122279 -0.992496 -0
    outer loop
      vertex 11.6079 -25.1807 17.7
      vertex 11.4131 -25.1567 3.2
      vertex 11.6079 -25.1807 3.2
    endloop
  endfacet
  facet normal -0.870037 0.492987 0
    outer loop
      vertex 8.47231 -19.3144 3.2
      vertex 8.56909 -19.1436 15
      vertex 8.56909 -19.1436 3.2
    endloop
  endfacet
  facet normal -0.870037 0.492987 0
    outer loop
      vertex 8.56909 -19.1436 15
      vertex 8.47231 -19.3144 3.2
      vertex 8.47231 -19.3144 15
    endloop
  endfacet
  facet normal -0.0244451 0.999701 0
    outer loop
      vertex 11.8037 -17.2048 3.2
      vertex 12 -17.2 14.7949
      vertex 12 -17.2 3.2
    endloop
  endfacet
  facet normal -0.0244451 0.999701 0
    outer loop
      vertex 12 -17.2 14.7949
      vertex 11.8037 -17.2048 3.2
      vertex 11.8037 -17.2048 14.8226
    endloop
  endfacet
  facet normal 0.914336 -0.404957 0
    outer loop
      vertex 15.616 -22.9102 17.7
      vertex 15.6955 -22.7307 3.2
      vertex 15.6955 -22.7307 17.7
    endloop
  endfacet
  facet normal 0.914336 -0.404957 0
    outer loop
      vertex 15.6955 -22.7307 3.2
      vertex 15.616 -22.9102 17.7
      vertex 15.616 -22.9102 3.2
    endloop
  endfacet
  facet normal 0.932872 -0.360208 0
    outer loop
      vertex 15.6955 -22.7307 17.7
      vertex 15.7662 -22.5476 3.2
      vertex 15.7662 -22.5476 17.7
    endloop
  endfacet
  facet normal 0.932872 -0.360208 0
    outer loop
      vertex 15.7662 -22.5476 3.2
      vertex 15.6955 -22.7307 17.7
      vertex 15.6955 -22.7307 3.2
    endloop
  endfacet
  facet normal 0.724211 0.689579 0
    outer loop
      vertex 14.9638 -18.5138 15
      vertex 14.8284 -18.3716 3.2
      vertex 14.8284 -18.3716 15
    endloop
  endfacet
  facet normal 0.724211 0.689579 0
    outer loop
      vertex 14.8284 -18.3716 3.2
      vertex 14.9638 -18.5138 15
      vertex 14.9638 -18.5138 3.2
    endloop
  endfacet
  facet normal -0.653045 -0.757319 0
    outer loop
      vertex 9.31376 -24.1638 3.2
      vertex 9.46243 -24.292 17.7
      vertex 9.31376 -24.1638 17.7
    endloop
  endfacet
  facet normal -0.653045 -0.757319 -0
    outer loop
      vertex 9.46243 -24.292 17.7
      vertex 9.31376 -24.1638 3.2
      vertex 9.46243 -24.292 3.2
    endloop
  endfacet
  facet normal 0.893202 0.449656 0
    outer loop
      vertex 15.616 -19.4898 15
      vertex 15.5277 -19.3144 3.2
      vertex 15.5277 -19.3144 15
    endloop
  endfacet
  facet normal 0.893202 0.449656 0
    outer loop
      vertex 15.5277 -19.3144 3.2
      vertex 15.616 -19.4898 15
      vertex 15.616 -19.4898 3.2
    endloop
  endfacet
  facet normal 0.869993 0.493064 0
    outer loop
      vertex 15.5277 -19.3144 15
      vertex 15.4309 -19.1436 3.2
      vertex 15.4309 -19.1436 15
    endloop
  endfacet
  facet normal 0.869993 0.493064 0
    outer loop
      vertex 15.4309 -19.1436 3.2
      vertex 15.5277 -19.3144 15
      vertex 15.5277 -19.3144 3.2
    endloop
  endfacet
  facet normal -0.985282 0.170935 0
    outer loop
      vertex 8.04329 -20.6131 3.2
      vertex 8.07686 -20.4196 15
      vertex 8.07686 -20.4196 3.2
    endloop
  endfacet
  facet normal -0.985282 0.170935 0
    outer loop
      vertex 8.07686 -20.4196 15
      vertex 8.04329 -20.6131 3.2
      vertex 8.04329 -20.6131 15
    endloop
  endfacet
  facet normal 0.0738529 -0.997269 0
    outer loop
      vertex 12.1963 -25.1952 3.2
      vertex 12.3921 -25.1807 17.7
      vertex 12.1963 -25.1952 17.7
    endloop
  endfacet
  facet normal 0.0738529 -0.997269 0
    outer loop
      vertex 12.3921 -25.1807 17.7
      vertex 12.1963 -25.1952 3.2
      vertex 12.3921 -25.1807 3.2
    endloop
  endfacet
  facet normal -0.844911 -0.534907 0
    outer loop
      vertex 8.67412 -23.4223 3.2
      vertex 8.56909 -23.2564 17.7
      vertex 8.56909 -23.2564 3.2
    endloop
  endfacet
  facet normal -0.844911 -0.534907 0
    outer loop
      vertex 8.56909 -23.2564 17.7
      vertex 8.67412 -23.4223 3.2
      vertex 8.67412 -23.4223 17.7
    endloop
  endfacet
  facet normal -0.615283 -0.788306 0
    outer loop
      vertex 9.46243 -24.292 3.2
      vertex 9.6172 -24.4128 17.7
      vertex 9.46243 -24.292 17.7
    endloop
  endfacet
  facet normal -0.615283 -0.788306 -0
    outer loop
      vertex 9.6172 -24.4128 17.7
      vertex 9.46243 -24.292 3.2
      vertex 9.6172 -24.4128 3.2
    endloop
  endfacet
  facet normal -0.615283 0.788306 0
    outer loop
      vertex 9.6172 -17.9872 3.2
      vertex 9.46243 -18.108 15
      vertex 9.6172 -17.9872 15
    endloop
  endfacet
  facet normal -0.615283 0.788306 0
    outer loop
      vertex 9.46243 -18.108 15
      vertex 9.6172 -17.9872 3.2
      vertex 9.46243 -18.108 3.2
    endloop
  endfacet
  facet normal -0.963761 0.266766 0
    outer loop
      vertex 8.11987 -20.2281 3.2
      vertex 8.17224 -20.0389 15
      vertex 8.17224 -20.0389 3.2
    endloop
  endfacet
  facet normal -0.963761 0.266766 0
    outer loop
      vertex 8.17224 -20.0389 15
      vertex 8.11987 -20.2281 3.2
      vertex 8.11987 -20.2281 15
    endloop
  endfacet
  facet normal 0.171083 0.985257 -0
    outer loop
      vertex 12.7804 -17.2769 3.2
      vertex 12.5869 -17.2433 15
      vertex 12.7804 -17.2769 15
    endloop
  endfacet
  facet normal 0.171083 0.985257 0
    outer loop
      vertex 12.5869 -17.2433 15
      vertex 12.7804 -17.2769 3.2
      vertex 12.5869 -17.2433 3.2
    endloop
  endfacet
  facet normal -0.653045 0.757319 0
    outer loop
      vertex 9.46243 -18.108 3.2
      vertex 9.31376 -18.2362 15
      vertex 9.46243 -18.108 15
    endloop
  endfacet
  facet normal -0.653045 0.757319 0
    outer loop
      vertex 9.31376 -18.2362 15
      vertex 9.46243 -18.108 3.2
      vertex 9.31376 -18.2362 3.2
    endloop
  endfacet
  facet normal -0.404957 0.914336 0
    outer loop
      vertex 10.4693 -17.5045 3.2
      vertex 10.2898 -17.584 15
      vertex 10.4693 -17.5045 15
    endloop
  endfacet
  facet normal -0.404957 0.914336 0
    outer loop
      vertex 10.2898 -17.584 15
      vertex 10.4693 -17.5045 3.2
      vertex 10.2898 -17.584 3.2
    endloop
  endfacet
  facet normal -0.992477 -0.122429 0
    outer loop
      vertex 8.04329 -21.7869 3.2
      vertex 8.01926 -21.5921 17.7
      vertex 8.01926 -21.5921 3.2
    endloop
  endfacet
  facet normal -0.992477 -0.122429 0
    outer loop
      vertex 8.01926 -21.5921 17.7
      vertex 8.04329 -21.7869 3.2
      vertex 8.04329 -21.7869 17.7
    endloop
  endfacet
  facet normal -0.932941 0.36003 0
    outer loop
      vertex 8.23382 -19.8524 3.2
      vertex 8.30448 -19.6693 15
      vertex 8.30448 -19.6693 3.2
    endloop
  endfacet
  facet normal -0.932941 0.36003 0
    outer loop
      vertex 8.30448 -19.6693 15
      vertex 8.23382 -19.8524 3.2
      vertex 8.23382 -19.8524 15
    endloop
  endfacet
  facet normal -0.757091 -0.653309 0
    outer loop
      vertex 9.03619 -23.8862 3.2
      vertex 8.90796 -23.7376 17.7
      vertex 8.90796 -23.7376 3.2
    endloop
  endfacet
  facet normal -0.757091 -0.653309 0
    outer loop
      vertex 8.90796 -23.7376 17.7
      vertex 9.03619 -23.8862 3.2
      vertex 9.03619 -23.8862 17.7
    endloop
  endfacet
  facet normal -0.949576 -0.313538 0
    outer loop
      vertex 8.23382 -22.5476 3.2
      vertex 8.17224 -22.3611 17.7
      vertex 8.17224 -22.3611 3.2
    endloop
  endfacet
  facet normal -0.949576 -0.313538 0
    outer loop
      vertex 8.17224 -22.3611 17.7
      vertex 8.23382 -22.5476 3.2
      vertex 8.23382 -22.5476 17.7
    endloop
  endfacet
  facet normal 0.653222 0.757167 -0
    outer loop
      vertex 14.6862 -18.2362 3.2
      vertex 14.5376 -18.108 15
      vertex 14.6862 -18.2362 15
    endloop
  endfacet
  facet normal 0.653222 0.757167 0
    outer loop
      vertex 14.5376 -18.108 15
      vertex 14.6862 -18.2362 3.2
      vertex 14.5376 -18.108 3.2
    endloop
  endfacet
  facet normal -0.575975 -0.817467 0
    outer loop
      vertex 9.6172 -24.4128 3.2
      vertex 9.77772 -24.5259 17.7
      vertex 9.6172 -24.4128 17.7
    endloop
  endfacet
  facet normal -0.575975 -0.817467 -0
    outer loop
      vertex 9.77772 -24.5259 17.7
      vertex 9.6172 -24.4128 3.2
      vertex 9.77772 -24.5259 3.2
    endloop
  endfacet
  facet normal 0.724211 -0.689579 0
    outer loop
      vertex 14.8284 -24.0284 17.7
      vertex 14.9638 -23.8862 3.2
      vertex 14.9638 -23.8862 17.7
    endloop
  endfacet
  facet normal 0.724211 -0.689579 0
    outer loop
      vertex 14.9638 -23.8862 3.2
      vertex 14.8284 -24.0284 17.7
      vertex 14.8284 -24.0284 3.2
    endloop
  endfacet
  facet normal -0.963761 -0.266766 0
    outer loop
      vertex 8.17224 -22.3611 3.2
      vertex 8.11987 -22.1719 17.7
      vertex 8.11987 -22.1719 3.2
    endloop
  endfacet
  facet normal -0.963761 -0.266766 0
    outer loop
      vertex 8.11987 -22.1719 17.7
      vertex 8.17224 -22.3611 3.2
      vertex 8.17224 -22.3611 17.7
    endloop
  endfacet
  facet normal 0.817433 -0.576023 0
    outer loop
      vertex 15.2128 -23.5828 17.7
      vertex 15.3259 -23.4223 3.2
      vertex 15.3259 -23.4223 17.7
    endloop
  endfacet
  facet normal 0.817433 -0.576023 0
    outer loop
      vertex 15.3259 -23.4223 3.2
      vertex 15.2128 -23.5828 17.7
      vertex 15.2128 -23.5828 3.2
    endloop
  endfacet
  facet normal -0.975694 0.219136 0
    outer loop
      vertex 8.07686 -20.4196 3.2
      vertex 8.11987 -20.2281 15
      vertex 8.11987 -20.2281 3.2
    endloop
  endfacet
  facet normal -0.975694 0.219136 0
    outer loop
      vertex 8.11987 -20.2281 15
      vertex 8.07686 -20.4196 3.2
      vertex 8.07686 -20.4196 15
    endloop
  endfacet
  facet normal -0.360208 0.932872 0
    outer loop
      vertex 10.6524 -17.4338 3.2
      vertex 10.4693 -17.5045 15
      vertex 10.6524 -17.4338 15
    endloop
  endfacet
  facet normal -0.360208 0.932872 0
    outer loop
      vertex 10.4693 -17.5045 15
      vertex 10.6524 -17.4338 3.2
      vertex 10.4693 -17.5045 3.2
    endloop
  endfacet
  facet normal -0.0244451 -0.999701 0
    outer loop
      vertex 11.8037 -25.1952 3.2
      vertex 12 -25.2 17.7
      vertex 11.8037 -25.1952 17.7
    endloop
  endfacet
  facet normal -0.0244451 -0.999701 -0
    outer loop
      vertex 12 -25.2 17.7
      vertex 11.8037 -25.1952 3.2
      vertex 12 -25.2 3.2
    endloop
  endfacet
  facet normal 0.0244451 -0.999701 0
    outer loop
      vertex 12 -25.2 3.2
      vertex 12.1963 -25.1952 17.7
      vertex 12 -25.2 17.7
    endloop
  endfacet
  facet normal 0.0244451 -0.999701 0
    outer loop
      vertex 12.1963 -25.1952 17.7
      vertex 12 -25.2 3.2
      vertex 12.1963 -25.1952 3.2
    endloop
  endfacet
  facet normal 0.219088 0.975705 -0
    outer loop
      vertex 12.9719 -17.3199 3.2
      vertex 12.7804 -17.2769 15
      vertex 12.9719 -17.3199 15
    endloop
  endfacet
  facet normal 0.219088 0.975705 0
    outer loop
      vertex 12.7804 -17.2769 15
      vertex 12.9719 -17.3199 3.2
      vertex 12.7804 -17.2769 3.2
    endloop
  endfacet
  facet normal 0.985257 -0.171083 0
    outer loop
      vertex 15.9231 -21.9804 17.7
      vertex 15.9567 -21.7869 3.2
      vertex 15.9567 -21.7869 17.7
    endloop
  endfacet
  facet normal 0.985257 -0.171083 0
    outer loop
      vertex 15.9567 -21.7869 3.2
      vertex 15.9231 -21.9804 17.7
      vertex 15.9231 -21.9804 3.2
    endloop
  endfacet
  facet normal -0.999699 -0.0245469 0
    outer loop
      vertex 8.00482 -21.3963 3.2
      vertex 8 -21.2 15
      vertex 8 -21.2 3.2
    endloop
  endfacet
  facet normal -0.999699 -0.0245469 -0
    outer loop
      vertex 8.00482 -21.3963 17.7
      vertex 8 -21.2 15
      vertex 8.00482 -21.3963 3.2
    endloop
  endfacet
  facet normal -0.999699 -0.0245469 0
    outer loop
      vertex 8 -21.2 15
      vertex 8.00482 -21.3963 17.7
      vertex 8 -21.2 17.7
    endloop
  endfacet
  facet normal 0.449656 -0.893202 0
    outer loop
      vertex 13.7102 -24.816 3.2
      vertex 13.8856 -24.7277 17.7
      vertex 13.7102 -24.816 17.7
    endloop
  endfacet
  facet normal 0.449656 -0.893202 0
    outer loop
      vertex 13.8856 -24.7277 17.7
      vertex 13.7102 -24.816 3.2
      vertex 13.8856 -24.7277 3.2
    endloop
  endfacet
  facet normal 0.914336 0.404957 0
    outer loop
      vertex 15.6955 -19.6693 15
      vertex 15.616 -19.4898 3.2
      vertex 15.616 -19.4898 15
    endloop
  endfacet
  facet normal 0.914336 0.404957 0
    outer loop
      vertex 15.616 -19.4898 3.2
      vertex 15.6955 -19.6693 15
      vertex 15.6955 -19.6693 3.2
    endloop
  endfacet
  facet normal -0.817553 -0.575853 0
    outer loop
      vertex 8.78717 -23.5828 3.2
      vertex 8.67412 -23.4223 17.7
      vertex 8.67412 -23.4223 3.2
    endloop
  endfacet
  facet normal -0.817553 -0.575853 0
    outer loop
      vertex 8.67412 -23.4223 17.7
      vertex 8.78717 -23.5828 3.2
      vertex 8.78717 -23.5828 17.7
    endloop
  endfacet
  facet normal 0.757167 0.653222 0
    outer loop
      vertex 15.092 -18.6624 15
      vertex 14.9638 -18.5138 3.2
      vertex 14.9638 -18.5138 15
    endloop
  endfacet
  facet normal 0.757167 0.653222 0
    outer loop
      vertex 14.9638 -18.5138 3.2
      vertex 15.092 -18.6624 15
      vertex 15.092 -18.6624 3.2
    endloop
  endfacet
  facet normal 0.122279 -0.992496 0
    outer loop
      vertex 12.3921 -25.1807 3.2
      vertex 12.5869 -25.1567 17.7
      vertex 12.3921 -25.1807 17.7
    endloop
  endfacet
  facet normal 0.122279 -0.992496 0
    outer loop
      vertex 12.5869 -25.1567 17.7
      vertex 12.3921 -25.1807 3.2
      vertex 12.5869 -25.1567 3.2
    endloop
  endfacet
  facet normal 0.893202 -0.449656 0
    outer loop
      vertex 15.5277 -23.0856 17.7
      vertex 15.616 -22.9102 3.2
      vertex 15.616 -22.9102 17.7
    endloop
  endfacet
  facet normal 0.893202 -0.449656 0
    outer loop
      vertex 15.616 -22.9102 3.2
      vertex 15.5277 -23.0856 17.7
      vertex 15.5277 -23.0856 3.2
    endloop
  endfacet
  facet normal 0.171083 -0.985257 0
    outer loop
      vertex 12.5869 -25.1567 3.2
      vertex 12.7804 -25.1231 17.7
      vertex 12.5869 -25.1567 17.7
    endloop
  endfacet
  facet normal 0.171083 -0.985257 0
    outer loop
      vertex 12.7804 -25.1231 17.7
      vertex 12.5869 -25.1567 3.2
      vertex 12.7804 -25.1231 3.2
    endloop
  endfacet
  facet normal -0.788389 0.615177 0
    outer loop
      vertex 8.78717 -18.8172 3.2
      vertex 8.90796 -18.6624 15
      vertex 8.90796 -18.6624 3.2
    endloop
  endfacet
  facet normal -0.788389 0.615177 0
    outer loop
      vertex 8.90796 -18.6624 15
      vertex 8.78717 -18.8172 3.2
      vertex 8.78717 -18.8172 15
    endloop
  endfacet
  facet normal -0.266435 0.963853 0
    outer loop
      vertex 11.0281 -17.3199 3.2
      vertex 10.8389 -17.3722 15
      vertex 11.0281 -17.3199 15
    endloop
  endfacet
  facet normal -0.266435 0.963853 0
    outer loop
      vertex 10.8389 -17.3722 15
      vertex 11.0281 -17.3199 3.2
      vertex 10.8389 -17.3722 3.2
    endloop
  endfacet
  facet normal -0.360208 -0.932872 0
    outer loop
      vertex 10.4693 -24.8955 3.2
      vertex 10.6524 -24.9662 17.7
      vertex 10.4693 -24.8955 17.7
    endloop
  endfacet
  facet normal -0.360208 -0.932872 -0
    outer loop
      vertex 10.6524 -24.9662 17.7
      vertex 10.4693 -24.8955 3.2
      vertex 10.6524 -24.9662 3.2
    endloop
  endfacet
  facet normal -0.724261 -0.689525 0
    outer loop
      vertex 9.17157 -24.0284 3.2
      vertex 9.03619 -23.8862 17.7
      vertex 9.03619 -23.8862 3.2
    endloop
  endfacet
  facet normal -0.724261 -0.689525 0
    outer loop
      vertex 9.03619 -23.8862 17.7
      vertex 9.17157 -24.0284 3.2
      vertex 9.17157 -24.0284 17.7
    endloop
  endfacet
  facet normal 0.449656 0.893202 -0
    outer loop
      vertex 13.8856 -17.6723 3.2
      vertex 13.7102 -17.584 15
      vertex 13.8856 -17.6723 15
    endloop
  endfacet
  facet normal 0.449656 0.893202 0
    outer loop
      vertex 13.7102 -17.584 15
      vertex 13.8856 -17.6723 3.2
      vertex 13.7102 -17.584 3.2
    endloop
  endfacet
  facet normal 0.493064 0.869993 -0
    outer loop
      vertex 14.0564 -17.7691 3.2
      vertex 13.8856 -17.6723 15
      vertex 14.0564 -17.7691 15
    endloop
  endfacet
  facet normal 0.493064 0.869993 0
    outer loop
      vertex 13.8856 -17.6723 15
      vertex 14.0564 -17.7691 3.2
      vertex 13.8856 -17.6723 3.2
    endloop
  endfacet
  facet normal -0.493042 0.870005 0
    outer loop
      vertex 10.1144 -17.6723 3.2
      vertex 9.94359 -17.7691 15
      vertex 10.1144 -17.6723 15
    endloop
  endfacet
  facet normal -0.493042 0.870005 0
    outer loop
      vertex 9.94359 -17.7691 15
      vertex 10.1144 -17.6723 3.2
      vertex 9.94359 -17.7691 3.2
    endloop
  endfacet
  facet normal 0.0244451 0.999701 -0
    outer loop
      vertex 12.1963 -17.2048 3.2
      vertex 12 -17.2 14.7949
      vertex 12.1963 -17.2048 14.8226
    endloop
  endfacet
  facet normal 0.0244451 0.999701 0
    outer loop
      vertex 12 -17.2 14.7949
      vertex 12.1963 -17.2048 3.2
      vertex 12 -17.2 3.2
    endloop
  endfacet
  facet normal -0.992477 0.122429 0
    outer loop
      vertex 8.01926 -20.8079 3.2
      vertex 8.04329 -20.6131 15
      vertex 8.04329 -20.6131 3.2
    endloop
  endfacet
  facet normal -0.992477 0.122429 0
    outer loop
      vertex 8.04329 -20.6131 15
      vertex 8.01926 -20.8079 3.2
      vertex 8.01926 -20.8079 15
    endloop
  endfacet
  facet normal -0.997292 0.073549 0
    outer loop
      vertex 8.00482 -21.0037 3.2
      vertex 8.01926 -20.8079 15
      vertex 8.01926 -20.8079 3.2
    endloop
  endfacet
  facet normal -0.997292 0.073549 0
    outer loop
      vertex 8.01926 -20.8079 15
      vertex 8.00482 -21.0037 3.2
      vertex 8.00482 -21.0037 15
    endloop
  endfacet
  facet normal 0.576023 -0.817433 0
    outer loop
      vertex 14.2223 -24.5259 3.2
      vertex 14.3828 -24.4128 17.7
      vertex 14.2223 -24.5259 17.7
    endloop
  endfacet
  facet normal 0.576023 -0.817433 0
    outer loop
      vertex 14.3828 -24.4128 17.7
      vertex 14.2223 -24.5259 3.2
      vertex 14.3828 -24.4128 3.2
    endloop
  endfacet
  facet normal 0.615209 -0.788364 0
    outer loop
      vertex 14.3828 -24.4128 3.2
      vertex 14.5376 -24.292 17.7
      vertex 14.3828 -24.4128 17.7
    endloop
  endfacet
  facet normal 0.615209 -0.788364 0
    outer loop
      vertex 14.5376 -24.292 17.7
      vertex 14.3828 -24.4128 3.2
      vertex 14.5376 -24.292 3.2
    endloop
  endfacet
  facet normal 0.689579 -0.724211 0
    outer loop
      vertex 14.6862 -24.1638 3.2
      vertex 14.8284 -24.0284 17.7
      vertex 14.6862 -24.1638 17.7
    endloop
  endfacet
  facet normal 0.689579 -0.724211 0
    outer loop
      vertex 14.8284 -24.0284 17.7
      vertex 14.6862 -24.1638 3.2
      vertex 14.8284 -24.0284 3.2
    endloop
  endfacet
  facet normal -0.31363 0.949545 0
    outer loop
      vertex 10.8389 -17.3722 3.2
      vertex 10.6524 -17.4338 15
      vertex 10.8389 -17.3722 15
    endloop
  endfacet
  facet normal -0.31363 0.949545 0
    outer loop
      vertex 10.6524 -17.4338 15
      vertex 10.8389 -17.3722 3.2
      vertex 10.6524 -17.4338 3.2
    endloop
  endfacet
  facet normal -0.0738529 -0.997269 0
    outer loop
      vertex 11.6079 -25.1807 3.2
      vertex 11.8037 -25.1952 17.7
      vertex 11.6079 -25.1807 17.7
    endloop
  endfacet
  facet normal -0.0738529 -0.997269 -0
    outer loop
      vertex 11.8037 -25.1952 17.7
      vertex 11.6079 -25.1807 3.2
      vertex 11.8037 -25.1952 3.2
    endloop
  endfacet
  facet normal -0.171083 -0.985257 0
    outer loop
      vertex 11.2196 -25.1231 3.2
      vertex 11.4131 -25.1567 17.7
      vertex 11.2196 -25.1231 17.7
    endloop
  endfacet
  facet normal -0.171083 -0.985257 -0
    outer loop
      vertex 11.4131 -25.1567 17.7
      vertex 11.2196 -25.1231 3.2
      vertex 11.4131 -25.1567 3.2
    endloop
  endfacet
  facet normal -0.219088 -0.975705 0
    outer loop
      vertex 11.0281 -25.0801 3.2
      vertex 11.2196 -25.1231 17.7
      vertex 11.0281 -25.0801 17.7
    endloop
  endfacet
  facet normal -0.219088 -0.975705 -0
    outer loop
      vertex 11.2196 -25.1231 17.7
      vertex 11.0281 -25.0801 3.2
      vertex 11.2196 -25.1231 3.2
    endloop
  endfacet
  facet normal -0.493042 -0.870005 0
    outer loop
      vertex 9.94359 -24.6309 3.2
      vertex 10.1144 -24.7277 17.7
      vertex 9.94359 -24.6309 17.7
    endloop
  endfacet
  facet normal -0.493042 -0.870005 -0
    outer loop
      vertex 10.1144 -24.7277 17.7
      vertex 9.94359 -24.6309 3.2
      vertex 10.1144 -24.7277 3.2
    endloop
  endfacet
  facet normal -0.844911 0.534907 0
    outer loop
      vertex 8.56909 -19.1436 3.2
      vertex 8.67412 -18.9777 15
      vertex 8.67412 -18.9777 3.2
    endloop
  endfacet
  facet normal -0.844911 0.534907 0
    outer loop
      vertex 8.67412 -18.9777 15
      vertex 8.56909 -19.1436 3.2
      vertex 8.56909 -19.1436 15
    endloop
  endfacet
  facet normal 0 0 1
    outer loop
      vertex -0.37327 20.8155 3.2
      vertex 8 21.2 3.2
      vertex 8.00482 21.3963 3.2
    endloop
  endfacet
  facet normal 0 0 1
    outer loop
      vertex -0.391312 20.9194 3.2
      vertex 8.00482 21.3963 3.2
      vertex 8.01926 21.5921 3.2
    endloop
  endfacet
  facet normal 0 0 1
    outer loop
      vertex -0.414433 21.0224 3.2
      vertex 8.01926 21.5921 3.2
      vertex 8.04329 21.7869 3.2
    endloop
  endfacet
  facet normal 0 0 1
    outer loop
      vertex -0.475679 21.2243 3.2
      vertex 8.04329 21.7869 3.2
      vertex 8.07686 21.9804 3.2
    endloop
  endfacet
  facet normal 0 0 1
    outer loop
      vertex -0.513659 21.3228 3.2
      vertex 8.07686 21.9804 3.2
      vertex 8.11987 22.1719 3.2
    endloop
  endfacet
  facet normal 0 0 1
    outer loop
      vertex -0.556422 21.4192 3.2
      vertex 8.11987 22.1719 3.2
      vertex 8.17224 22.3611 3.2
    endloop
  endfacet
  facet normal 0 0 1
    outer loop
      vertex -0.603868 21.5135 3.2
      vertex 8.17224 22.3611 3.2
      vertex 8.23382 22.5476 3.2
    endloop
  endfacet
  facet normal 0 0 1
    outer loop
      vertex -0.712339 21.6945 3.2
      vertex 8.23382 22.5476 3.2
      vertex 8.30448 22.7307 3.2
    endloop
  endfacet
  facet normal 0 0 1
    outer loop
      vertex -0.773104 21.7808 3.2
      vertex 8.30448 22.7307 3.2
      vertex 8.38404 22.9102 3.2
    endloop
  endfacet
  facet normal 0 0 1
    outer loop
      vertex -0.838027 21.8639 3.2
      vertex 8.38404 22.9102 3.2
      vertex 8.47231 23.0856 3.2
    endloop
  endfacet
  facet normal 0 0 1
    outer loop
      vertex 1.5 9.32882 3.2
      vertex 0.5 9 3.2
      vertex 1.5 9 3.2
    endloop
  endfacet
  facet normal 0 0 1
    outer loop
      vertex 8 21.2 3.2
      vertex -0.655883 19.3947 3.2
      vertex -0.712339 19.3055 3.2
    endloop
  endfacet
  facet normal 0 0 1
    outer loop
      vertex 8 21.2 3.2
      vertex -0.35259 20.3945 3.2
      vertex -0.360353 20.2893 3.2
    endloop
  endfacet
  facet normal 0 0 1
    outer loop
      vertex 8 21.2 3.2
      vertex -0.349999 20.5 3.2
      vertex -0.35259 20.3945 3.2
    endloop
  endfacet
  facet normal 0 0 1
    outer loop
      vertex -0.906955 21.9439 3.2
      vertex 8.47231 23.0856 3.2
      vertex 8.56909 23.2564 3.2
    endloop
  endfacet
  facet normal 0 0 1
    outer loop
      vertex -1.05615 22.093 3.2
      vertex 8.56909 23.2564 3.2
      vertex 8.67412 23.4223 3.2
    endloop
  endfacet
  facet normal 0 0 1
    outer loop
      vertex -1.13605 22.162 3.2
      vertex 8.67412 23.4223 3.2
      vertex 8.78717 23.5828 3.2
    endloop
  endfacet
  facet normal 0 0 1
    outer loop
      vertex -1.21925 22.2269 3.2
      vertex 8.78717 23.5828 3.2
      vertex 8.90796 23.7376 3.2
    endloop
  endfacet
  facet normal 0 0 1
    outer loop
      vertex -1.30552 22.2877 3.2
      vertex 8.90796 23.7376 3.2
      vertex 9.03619 23.8862 3.2
    endloop
  endfacet
  facet normal 0 0 1
    outer loop
      vertex -1.39468 22.3441 3.2
      vertex 9.03619 23.8862 3.2
      vertex 9.17157 24.0284 3.2
    endloop
  endfacet
  facet normal 0 0 1
    outer loop
      vertex -1.58076 22.4436 3.2
      vertex 9.17157 24.0284 3.2
      vertex 9.31376 24.1638 3.2
    endloop
  endfacet
  facet normal 0 0 1
    outer loop
      vertex -1.67723 22.4863 3.2
      vertex 9.31376 24.1638 3.2
      vertex 9.46243 24.292 3.2
    endloop
  endfacet
  facet normal 0 0 1
    outer loop
      vertex -1.77569 22.5243 3.2
      vertex 9.46243 24.292 3.2
      vertex 9.6172 24.4128 3.2
    endloop
  endfacet
  facet normal 0 0 1
    outer loop
      vertex -6 25 3.2
      vertex 9.6172 24.4128 3.2
      vertex 9.77772 24.5259 3.2
    endloop
  endfacet
  facet normal 0 0 1
    outer loop
      vertex -6 25 3.2
      vertex 9.77772 24.5259 3.2
      vertex 9.94359 24.6309 3.2
    endloop
  endfacet
  facet normal 0 0 1
    outer loop
      vertex -6 25 3.2
      vertex 9.94359 24.6309 3.2
      vertex 10.1144 24.7277 3.2
    endloop
  endfacet
  facet normal 0 0 1
    outer loop
      vertex -6 25 3.2
      vertex 10.1144 24.7277 3.2
      vertex 10.2898 24.816 3.2
    endloop
  endfacet
  facet normal 0 0 1
    outer loop
      vertex -6 25 3.2
      vertex 10.2898 24.816 3.2
      vertex 10.4693 24.8955 3.2
    endloop
  endfacet
  facet normal 0 0 1
    outer loop
      vertex 8 21.2 3.2
      vertex -0.35259 20.6055 3.2
      vertex -0.349999 20.5 3.2
    endloop
  endfacet
  facet normal 0 0 1
    outer loop
      vertex 8 21.2 3.2
      vertex -0.360353 20.7107 3.2
      vertex -0.35259 20.6055 3.2
    endloop
  endfacet
  facet normal 0 0 1
    outer loop
      vertex 8 21.2 3.2
      vertex -0.37327 20.8155 3.2
      vertex -0.360353 20.7107 3.2
    endloop
  endfacet
  facet normal 0 0 1
    outer loop
      vertex -6 25 3.2
      vertex 10.4693 24.8955 3.2
      vertex 10.6524 24.9662 3.2
    endloop
  endfacet
  facet normal 0 0 1
    outer loop
      vertex 8.00482 21.3963 3.2
      vertex -0.391312 20.9194 3.2
      vertex -0.37327 20.8155 3.2
    endloop
  endfacet
  facet normal 0 0 1
    outer loop
      vertex 8.01926 21.5921 3.2
      vertex -0.414433 21.0224 3.2
      vertex -0.391312 20.9194 3.2
    endloop
  endfacet
  facet normal 0 0 1
    outer loop
      vertex 8.04329 21.7869 3.2
      vertex -0.442577 21.1241 3.2
      vertex -0.414433 21.0224 3.2
    endloop
  endfacet
  facet normal 0 0 1
    outer loop
      vertex 8.04329 21.7869 3.2
      vertex -0.475679 21.2243 3.2
      vertex -0.442577 21.1241 3.2
    endloop
  endfacet
  facet normal 0 0 1
    outer loop
      vertex 8.07686 21.9804 3.2
      vertex -0.513659 21.3228 3.2
      vertex -0.475679 21.2243 3.2
    endloop
  endfacet
  facet normal -0 0 1
    outer loop
      vertex -6 25 3.2
      vertex 10.6524 24.9662 3.2
      vertex 10.7548 25 3.2
    endloop
  endfacet
  facet normal 0 0 1
    outer loop
      vertex 8.11987 22.1719 3.2
      vertex -0.556422 21.4192 3.2
      vertex -0.513659 21.3228 3.2
    endloop
  endfacet
  facet normal 0 0 1
    outer loop
      vertex 8.17224 22.3611 3.2
      vertex -0.603868 21.5135 3.2
      vertex -0.556422 21.4192 3.2
    endloop
  endfacet
  facet normal 0 0 1
    outer loop
      vertex 8.23382 22.5476 3.2
      vertex -0.655883 21.6053 3.2
      vertex -0.603868 21.5135 3.2
    endloop
  endfacet
  facet normal 0 0 1
    outer loop
      vertex 8.23382 22.5476 3.2
      vertex -0.712339 21.6945 3.2
      vertex -0.655883 21.6053 3.2
    endloop
  endfacet
  facet normal 0 0 1
    outer loop
      vertex 8.30448 22.7307 3.2
      vertex -0.773104 21.7808 3.2
      vertex -0.712339 21.6945 3.2
    endloop
  endfacet
  facet normal 0 0 1
    outer loop
      vertex 8.38404 22.9102 3.2
      vertex -0.838027 21.8639 3.2
      vertex -0.773104 21.7808 3.2
    endloop
  endfacet
  facet normal 0 0 1
    outer loop
      vertex 8.47231 23.0856 3.2
      vertex -0.906955 21.9439 3.2
      vertex -0.838027 21.8639 3.2
    endloop
  endfacet
  facet normal 0 0 1
    outer loop
      vertex 8.56909 23.2564 3.2
      vertex -0.97972 22.0203 3.2
      vertex -0.906955 21.9439 3.2
    endloop
  endfacet
  facet normal 0 0 1
    outer loop
      vertex 8.56909 23.2564 3.2
      vertex -1.05615 22.093 3.2
      vertex -0.97972 22.0203 3.2
    endloop
  endfacet
  facet normal 0 0 1
    outer loop
      vertex 8.67412 23.4223 3.2
      vertex -1.13605 22.162 3.2
      vertex -1.05615 22.093 3.2
    endloop
  endfacet
  facet normal 0 0 1
    outer loop
      vertex 8.78717 23.5828 3.2
      vertex -1.21925 22.2269 3.2
      vertex -1.13605 22.162 3.2
    endloop
  endfacet
  facet normal 0 0 1
    outer loop
      vertex 8.90796 23.7376 3.2
      vertex -1.30552 22.2877 3.2
      vertex -1.21925 22.2269 3.2
    endloop
  endfacet
  facet normal 0 0 1
    outer loop
      vertex 9.03619 23.8862 3.2
      vertex -1.39468 22.3441 3.2
      vertex -1.30552 22.2877 3.2
    endloop
  endfacet
  facet normal 0 0 1
    outer loop
      vertex 9.17157 24.0284 3.2
      vertex -1.4865 22.3961 3.2
      vertex -1.39468 22.3441 3.2
    endloop
  endfacet
  facet normal 0 0 1
    outer loop
      vertex 9.17157 24.0284 3.2
      vertex -1.58076 22.4436 3.2
      vertex -1.4865 22.3961 3.2
    endloop
  endfacet
  facet normal 0 0 1
    outer loop
      vertex 9.31376 24.1638 3.2
      vertex -1.67723 22.4863 3.2
      vertex -1.58076 22.4436 3.2
    endloop
  endfacet
  facet normal 0 0 1
    outer loop
      vertex 9.46243 24.292 3.2
      vertex -1.77569 22.5243 3.2
      vertex -1.67723 22.4863 3.2
    endloop
  endfacet
  facet normal 0 0 1
    outer loop
      vertex 9.6172 24.4128 3.2
      vertex -6 25 3.2
      vertex -1.77569 22.5243 3.2
    endloop
  endfacet
  facet normal 0 0 1
    outer loop
      vertex -1.77569 22.5243 3.2
      vertex -6 25 3.2
      vertex -1.87589 22.5574 3.2
    endloop
  endfacet
  facet normal 0 0 1
    outer loop
      vertex -1.87589 22.5574 3.2
      vertex -6 25 3.2
      vertex -1.97759 22.5856 3.2
    endloop
  endfacet
  facet normal 0 0 1
    outer loop
      vertex -1.97759 22.5856 3.2
      vertex -6 25 3.2
      vertex -2.08055 22.6087 3.2
    endloop
  endfacet
  facet normal 0 0 1
    outer loop
      vertex -2.08055 22.6087 3.2
      vertex -6 25 3.2
      vertex -2.18453 22.6267 3.2
    endloop
  endfacet
  facet normal 0 0 1
    outer loop
      vertex -2.18453 22.6267 3.2
      vertex -6 25 3.2
      vertex -2.28926 22.6396 3.2
    endloop
  endfacet
  facet normal 0 0 1
    outer loop
      vertex -2.28926 22.6396 3.2
      vertex -6 25 3.2
      vertex -2.3945 22.6474 3.2
    endloop
  endfacet
  facet normal 0 0 1
    outer loop
      vertex -2.3945 22.6474 3.2
      vertex -6 25 3.2
      vertex -2.5 22.65 3.2
    endloop
  endfacet
  facet normal 0 0 1
    outer loop
      vertex -2.5 22.65 3.2
      vertex -6 25 3.2
      vertex -2.6055 22.6474 3.2
    endloop
  endfacet
  facet normal 0 0 1
    outer loop
      vertex -2.6055 22.6474 3.2
      vertex -6 25 3.2
      vertex -2.71074 22.6396 3.2
    endloop
  endfacet
  facet normal 0 0 1
    outer loop
      vertex -2.71074 22.6396 3.2
      vertex -6 25 3.2
      vertex -2.81547 22.6267 3.2
    endloop
  endfacet
  facet normal 0 0 1
    outer loop
      vertex -4.63965 -20.2893 3.2
      vertex -6 -25 3.2
      vertex -4.64741 -20.3945 3.2
    endloop
  endfacet
  facet normal 0 0 1
    outer loop
      vertex -4.64741 20.6055 3.2
      vertex -6 25 3.2
      vertex -4.65 20.5 3.2
    endloop
  endfacet
  facet normal 0 0 1
    outer loop
      vertex -4.63965 20.7107 3.2
      vertex -6 25 3.2
      vertex -4.64741 20.6055 3.2
    endloop
  endfacet
  facet normal 0 0 1
    outer loop
      vertex -4.62673 20.8155 3.2
      vertex -6 25 3.2
      vertex -4.63965 20.7107 3.2
    endloop
  endfacet
  facet normal 0 0 1
    outer loop
      vertex -4.60869 20.9194 3.2
      vertex -6 25 3.2
      vertex -4.62673 20.8155 3.2
    endloop
  endfacet
  facet normal 0 0 1
    outer loop
      vertex -4.58557 21.0224 3.2
      vertex -6 25 3.2
      vertex -4.60869 20.9194 3.2
    endloop
  endfacet
  facet normal 0 0 1
    outer loop
      vertex -4.55742 21.1241 3.2
      vertex -6 25 3.2
      vertex -4.58557 21.0224 3.2
    endloop
  endfacet
  facet normal 0 0 1
    outer loop
      vertex -4.52432 21.2243 3.2
      vertex -6 25 3.2
      vertex -4.55742 21.1241 3.2
    endloop
  endfacet
  facet normal 0 0 1
    outer loop
      vertex -4.48634 21.3228 3.2
      vertex -6 25 3.2
      vertex -4.52432 21.2243 3.2
    endloop
  endfacet
  facet normal 0 0 1
    outer loop
      vertex -4.44358 21.4192 3.2
      vertex -6 25 3.2
      vertex -4.48634 21.3228 3.2
    endloop
  endfacet
  facet normal 0 0 1
    outer loop
      vertex -4.39613 21.5135 3.2
      vertex -6 25 3.2
      vertex -4.44358 21.4192 3.2
    endloop
  endfacet
  facet normal 0 0 1
    outer loop
      vertex -4.34412 21.6053 3.2
      vertex -6 25 3.2
      vertex -4.39613 21.5135 3.2
    endloop
  endfacet
  facet normal 0 0 1
    outer loop
      vertex -4.28766 21.6945 3.2
      vertex -6 25 3.2
      vertex -4.34412 21.6053 3.2
    endloop
  endfacet
  facet normal 0 0 1
    outer loop
      vertex -4.2269 21.7808 3.2
      vertex -6 25 3.2
      vertex -4.28766 21.6945 3.2
    endloop
  endfacet
  facet normal 0 0 1
    outer loop
      vertex -4.16197 21.8639 3.2
      vertex -6 25 3.2
      vertex -4.2269 21.7808 3.2
    endloop
  endfacet
  facet normal 0 0 1
    outer loop
      vertex -4.09304 21.9439 3.2
      vertex -6 25 3.2
      vertex -4.16197 21.8639 3.2
    endloop
  endfacet
  facet normal 0 0 1
    outer loop
      vertex -4.02028 22.0203 3.2
      vertex -6 25 3.2
      vertex -4.09304 21.9439 3.2
    endloop
  endfacet
  facet normal 0 0 1
    outer loop
      vertex -3.94385 22.093 3.2
      vertex -6 25 3.2
      vertex -4.02028 22.0203 3.2
    endloop
  endfacet
  facet normal 0 0 1
    outer loop
      vertex -3.86395 22.162 3.2
      vertex -6 25 3.2
      vertex -3.94385 22.093 3.2
    endloop
  endfacet
  facet normal 0 0 1
    outer loop
      vertex -3.78075 22.2269 3.2
      vertex -6 25 3.2
      vertex -3.86395 22.162 3.2
    endloop
  endfacet
  facet normal 0 0 1
    outer loop
      vertex -3.69448 22.2877 3.2
      vertex -6 25 3.2
      vertex -3.78075 22.2269 3.2
    endloop
  endfacet
  facet normal 0 0 1
    outer loop
      vertex -3.60532 22.3441 3.2
      vertex -6 25 3.2
      vertex -3.69448 22.2877 3.2
    endloop
  endfacet
  facet normal 0 0 1
    outer loop
      vertex -3.5135 22.3961 3.2
      vertex -6 25 3.2
      vertex -3.60532 22.3441 3.2
    endloop
  endfacet
  facet normal 0 0 1
    outer loop
      vertex -3.41924 22.4436 3.2
      vertex -6 25 3.2
      vertex -3.5135 22.3961 3.2
    endloop
  endfacet
  facet normal 0 0 1
    outer loop
      vertex -3.32277 22.4863 3.2
      vertex -6 25 3.2
      vertex -3.41924 22.4436 3.2
    endloop
  endfacet
  facet normal 0 0 1
    outer loop
      vertex -3.22431 22.5243 3.2
      vertex -6 25 3.2
      vertex -3.32277 22.4863 3.2
    endloop
  endfacet
  facet normal 0 0 1
    outer loop
      vertex -3.12411 22.5574 3.2
      vertex -6 25 3.2
      vertex -3.22431 22.5243 3.2
    endloop
  endfacet
  facet normal 0 0 1
    outer loop
      vertex -3.02241 22.5856 3.2
      vertex -6 25 3.2
      vertex -3.12411 22.5574 3.2
    endloop
  endfacet
  facet normal 0 0 1
    outer loop
      vertex -2.91944 22.6087 3.2
      vertex -6 25 3.2
      vertex -3.02241 22.5856 3.2
    endloop
  endfacet
  facet normal 0 0 1
    outer loop
      vertex -2.81547 22.6267 3.2
      vertex -6 25 3.2
      vertex -2.91944 22.6087 3.2
    endloop
  endfacet
  facet normal 0 0 1
    outer loop
      vertex 23.3604 -20.7107 3.2
      vertex 15.9952 -21.0037 3.2
      vertex 16 -21.2 3.2
    endloop
  endfacet
  facet normal 0 0 1
    outer loop
      vertex 23.838 -19.1361 3.2
      vertex 15.9807 -20.8079 3.2
      vertex 15.9952 -21.0037 3.2
    endloop
  endfacet
  facet normal 0 0 1
    outer loop
      vertex 23.838 -19.1361 3.2
      vertex 15.9567 -20.6131 3.2
      vertex 15.9807 -20.8079 3.2
    endloop
  endfacet
  facet normal 0 0 1
    outer loop
      vertex 23.838 -19.1361 3.2
      vertex 15.9231 -20.4196 3.2
      vertex 15.9567 -20.6131 3.2
    endloop
  endfacet
  facet normal 0 0 1
    outer loop
      vertex 23.838 -19.1361 3.2
      vertex 15.8801 -20.2281 3.2
      vertex 15.9231 -20.4196 3.2
    endloop
  endfacet
  facet normal 0 0 1
    outer loop
      vertex 23.838 -19.1361 3.2
      vertex 15.8278 -20.0389 3.2
      vertex 15.8801 -20.2281 3.2
    endloop
  endfacet
  facet normal 0 0 1
    outer loop
      vertex 23.838 -19.1361 3.2
      vertex 15.7662 -19.8524 3.2
      vertex 15.8278 -20.0389 3.2
    endloop
  endfacet
  facet normal 0 0 1
    outer loop
      vertex 23.838 -19.1361 3.2
      vertex 15.6955 -19.6693 3.2
      vertex 15.7662 -19.8524 3.2
    endloop
  endfacet
  facet normal 0 0 1
    outer loop
      vertex 23.838 -19.1361 3.2
      vertex 15.616 -19.4898 3.2
      vertex 15.6955 -19.6693 3.2
    endloop
  endfacet
  facet normal 0 0 1
    outer loop
      vertex 23.838 -19.1361 3.2
      vertex 15.5277 -19.3144 3.2
      vertex 15.616 -19.4898 3.2
    endloop
  endfacet
  facet normal 0 0 1
    outer loop
      vertex 23.838 -19.1361 3.2
      vertex 15.4309 -19.1436 3.2
      vertex 15.5277 -19.3144 3.2
    endloop
  endfacet
  facet normal 0 0 1
    outer loop
      vertex 23.838 -19.1361 3.2
      vertex 15.3259 -18.9777 3.2
      vertex 15.4309 -19.1436 3.2
    endloop
  endfacet
  facet normal 0 0 1
    outer loop
      vertex 23.838 -19.1361 3.2
      vertex 15.2128 -18.8172 3.2
      vertex 15.3259 -18.9777 3.2
    endloop
  endfacet
  facet normal 0 0 1
    outer loop
      vertex 23.907 -19.0561 3.2
      vertex 15.2128 -18.8172 3.2
      vertex 23.838 -19.1361 3.2
    endloop
  endfacet
  facet normal 0 0 1
    outer loop
      vertex 22.5 -9.32882 3.2
      vertex 14.9638 -18.5138 3.2
      vertex 15.092 -18.6624 3.2
    endloop
  endfacet
  facet normal 0 0 1
    outer loop
      vertex 22.5 -9.32882 3.2
      vertex 14.8284 -18.3716 3.2
      vertex 14.9638 -18.5138 3.2
    endloop
  endfacet
  facet normal 0 0 1
    outer loop
      vertex 22.5 -9.32882 3.2
      vertex 14.6862 -18.2362 3.2
      vertex 14.8284 -18.3716 3.2
    endloop
  endfacet
  facet normal 0 0 1
    outer loop
      vertex 22.5 -9.32882 3.2
      vertex 14.5376 -18.108 3.2
      vertex 14.6862 -18.2362 3.2
    endloop
  endfacet
  facet normal 0 0 1
    outer loop
      vertex 22.5 -9.32882 3.2
      vertex 14.3828 -17.9872 3.2
      vertex 14.5376 -18.108 3.2
    endloop
  endfacet
  facet normal 0 0 1
    outer loop
      vertex 22.5 -9.32882 3.2
      vertex 14.2223 -17.8741 3.2
      vertex 14.3828 -17.9872 3.2
    endloop
  endfacet
  facet normal 0 0 1
    outer loop
      vertex 22.5 -9.32882 3.2
      vertex 14.0564 -17.7691 3.2
      vertex 14.2223 -17.8741 3.2
    endloop
  endfacet
  facet normal 0 0 1
    outer loop
      vertex 22.5 -9.32882 3.2
      vertex 13.8856 -17.6723 3.2
      vertex 14.0564 -17.7691 3.2
    endloop
  endfacet
  facet normal 0 0 1
    outer loop
      vertex 22.5 -9.32882 3.2
      vertex 13.7102 -17.584 3.2
      vertex 13.8856 -17.6723 3.2
    endloop
  endfacet
  facet normal 0 0 1
    outer loop
      vertex 22.5 -9.32882 3.2
      vertex 13.5307 -17.5045 3.2
      vertex 13.7102 -17.584 3.2
    endloop
  endfacet
  facet normal 0 0 1
    outer loop
      vertex 22.5 -9.32882 3.2
      vertex 13.3476 -17.4338 3.2
      vertex 13.5307 -17.5045 3.2
    endloop
  endfacet
  facet normal 0 0 1
    outer loop
      vertex 22.5 -9.32882 3.2
      vertex 13.1611 -17.3722 3.2
      vertex 13.3476 -17.4338 3.2
    endloop
  endfacet
  facet normal 0 0 1
    outer loop
      vertex 22.5 -9.32882 3.2
      vertex 12.9719 -17.3199 3.2
      vertex 13.1611 -17.3722 3.2
    endloop
  endfacet
  facet normal 0 0 1
    outer loop
      vertex 22.5 -9.32882 3.2
      vertex 12.7804 -17.2769 3.2
      vertex 12.9719 -17.3199 3.2
    endloop
  endfacet
  facet normal 0 0 1
    outer loop
      vertex 22.5 -9.32882 3.2
      vertex 12.5869 -17.2433 3.2
      vertex 12.7804 -17.2769 3.2
    endloop
  endfacet
  facet normal 0 0 1
    outer loop
      vertex 22.5 -9.32882 3.2
      vertex 12.3921 -17.2193 3.2
      vertex 12.5869 -17.2433 3.2
    endloop
  endfacet
  facet normal 0 0 1
    outer loop
      vertex 22.5 -9.32882 3.2
      vertex 12.1963 -17.2048 3.2
      vertex 12.3921 -17.2193 3.2
    endloop
  endfacet
  facet normal 0 0 1
    outer loop
      vertex 22.5 -9.32882 3.2
      vertex 12 -17.2 3.2
      vertex 12.1963 -17.2048 3.2
    endloop
  endfacet
  facet normal -0 0 1
    outer loop
      vertex 1.5 -9.32882 3.2
      vertex 12 -17.2 3.2
      vertex 22.5 -9.32882 3.2
    endloop
  endfacet
  facet normal 0 0 1
    outer loop
      vertex 12 -17.2 3.2
      vertex 1.5 -9.32882 3.2
      vertex 11.8037 -17.2048 3.2
    endloop
  endfacet
  facet normal 0 0 1
    outer loop
      vertex 11.8037 -17.2048 3.2
      vertex 1.5 -9.32882 3.2
      vertex 11.6079 -17.2193 3.2
    endloop
  endfacet
  facet normal 0 0 1
    outer loop
      vertex 11.6079 -17.2193 3.2
      vertex 1.5 -9.32882 3.2
      vertex 11.4131 -17.2433 3.2
    endloop
  endfacet
  facet normal 0 0 1
    outer loop
      vertex 11.4131 -17.2433 3.2
      vertex 1.5 -9.32882 3.2
      vertex 11.2196 -17.2769 3.2
    endloop
  endfacet
  facet normal 0 0 1
    outer loop
      vertex 11.2196 -17.2769 3.2
      vertex 1.5 -9.32882 3.2
      vertex 11.0281 -17.3199 3.2
    endloop
  endfacet
  facet normal 0 0 1
    outer loop
      vertex 11.0281 -17.3199 3.2
      vertex 1.5 -9.32882 3.2
      vertex 10.8389 -17.3722 3.2
    endloop
  endfacet
  facet normal 0 0 1
    outer loop
      vertex 10.8389 -17.3722 3.2
      vertex 1.5 -9.32882 3.2
      vertex 10.6524 -17.4338 3.2
    endloop
  endfacet
  facet normal 0 0 1
    outer loop
      vertex 10.6524 -17.4338 3.2
      vertex 1.5 -9.32882 3.2
      vertex 10.4693 -17.5045 3.2
    endloop
  endfacet
  facet normal 0 0 1
    outer loop
      vertex 10.4693 -17.5045 3.2
      vertex 1.5 -9.32882 3.2
      vertex 10.2898 -17.584 3.2
    endloop
  endfacet
  facet normal 0 0 1
    outer loop
      vertex 10.2898 -17.584 3.2
      vertex 1.5 -9.32882 3.2
      vertex 10.1144 -17.6723 3.2
    endloop
  endfacet
  facet normal 0 0 1
    outer loop
      vertex 10.1144 -17.6723 3.2
      vertex 1.5 -9.32882 3.2
      vertex 9.94359 -17.7691 3.2
    endloop
  endfacet
  facet normal -0 -0 1
    outer loop
      vertex -0.475679 -19.7757 3.2
      vertex 8.23382 -19.8524 3.2
      vertex -0.513659 -19.6772 3.2
    endloop
  endfacet
  facet normal 0 0 1
    outer loop
      vertex 8.30448 -19.6693 3.2
      vertex -0.513659 -19.6772 3.2
      vertex 8.23382 -19.8524 3.2
    endloop
  endfacet
  facet normal 0 -0 1
    outer loop
      vertex -0.513659 -19.6772 3.2
      vertex 8.30448 -19.6693 3.2
      vertex -0.556422 -19.5808 3.2
    endloop
  endfacet
  facet normal 0 0 1
    outer loop
      vertex 8.38404 -19.4898 3.2
      vertex -0.556422 -19.5808 3.2
      vertex 8.30448 -19.6693 3.2
    endloop
  endfacet
  facet normal 0 -0 1
    outer loop
      vertex -0.556422 -19.5808 3.2
      vertex 8.38404 -19.4898 3.2
      vertex -0.603868 -19.4865 3.2
    endloop
  endfacet
  facet normal 0 0 1
    outer loop
      vertex 8.47231 -19.3144 3.2
      vertex -0.603868 -19.4865 3.2
      vertex 8.38404 -19.4898 3.2
    endloop
  endfacet
  facet normal 0 -0 1
    outer loop
      vertex -0.603868 -19.4865 3.2
      vertex 8.47231 -19.3144 3.2
      vertex -0.655883 -19.3947 3.2
    endloop
  endfacet
  facet normal 0 0 1
    outer loop
      vertex 8.56909 -19.1436 3.2
      vertex -0.655883 -19.3947 3.2
      vertex 8.47231 -19.3144 3.2
    endloop
  endfacet
  facet normal 0 -0 1
    outer loop
      vertex -0.655883 -19.3947 3.2
      vertex 8.56909 -19.1436 3.2
      vertex -0.712339 -19.3055 3.2
    endloop
  endfacet
  facet normal 0 -0 1
    outer loop
      vertex -0.712339 -19.3055 3.2
      vertex 8.56909 -19.1436 3.2
      vertex -0.773104 -19.2192 3.2
    endloop
  endfacet
  facet normal 0 0 1
    outer loop
      vertex 8.67412 -18.9777 3.2
      vertex -0.773104 -19.2192 3.2
      vertex 8.56909 -19.1436 3.2
    endloop
  endfacet
  facet normal 0 0 1
    outer loop
      vertex 8.78717 -18.8172 3.2
      vertex -0.773104 -19.2192 3.2
      vertex 8.67412 -18.9777 3.2
    endloop
  endfacet
  facet normal 0 0 1
    outer loop
      vertex -0.773104 -19.2192 3.2
      vertex 8.78717 -18.8172 3.2
      vertex 1.5 -9.32882 3.2
    endloop
  endfacet
  facet normal 0 0 1
    outer loop
      vertex 8.90796 -18.6624 3.2
      vertex 1.5 -9.32882 3.2
      vertex 8.78717 -18.8172 3.2
    endloop
  endfacet
  facet normal 0 0 1
    outer loop
      vertex 9.03619 -18.5138 3.2
      vertex 1.5 -9.32882 3.2
      vertex 8.90796 -18.6624 3.2
    endloop
  endfacet
  facet normal 0 0 1
    outer loop
      vertex 9.17157 -18.3716 3.2
      vertex 1.5 -9.32882 3.2
      vertex 9.03619 -18.5138 3.2
    endloop
  endfacet
  facet normal 0 0 1
    outer loop
      vertex 9.31376 -18.2362 3.2
      vertex 1.5 -9.32882 3.2
      vertex 9.17157 -18.3716 3.2
    endloop
  endfacet
  facet normal 0 0 1
    outer loop
      vertex 9.46243 -18.108 3.2
      vertex 1.5 -9.32882 3.2
      vertex 9.31376 -18.2362 3.2
    endloop
  endfacet
  facet normal 0 0 1
    outer loop
      vertex 9.6172 -17.9872 3.2
      vertex 1.5 -9.32882 3.2
      vertex 9.46243 -18.108 3.2
    endloop
  endfacet
  facet normal 0 0 1
    outer loop
      vertex 9.77772 -17.8741 3.2
      vertex 1.5 -9.32882 3.2
      vertex 9.6172 -17.9872 3.2
    endloop
  endfacet
  facet normal 0 0 1
    outer loop
      vertex 9.94359 -17.7691 3.2
      vertex 1.5 -9.32882 3.2
      vertex 9.77772 -17.8741 3.2
    endloop
  endfacet
  facet normal 0 0 1
    outer loop
      vertex 15.6955 19.6693 3.2
      vertex 23.5137 19.6772 3.2
      vertex 15.7662 19.8524 3.2
    endloop
  endfacet
  facet normal 0 0 1
    outer loop
      vertex 23.5137 19.6772 3.2
      vertex 15.6955 19.6693 3.2
      vertex 23.5564 19.5808 3.2
    endloop
  endfacet
  facet normal 0 0 1
    outer loop
      vertex 15.616 19.4898 3.2
      vertex 23.5564 19.5808 3.2
      vertex 15.6955 19.6693 3.2
    endloop
  endfacet
  facet normal 0 0 1
    outer loop
      vertex 23.5564 19.5808 3.2
      vertex 15.616 19.4898 3.2
      vertex 23.6039 19.4865 3.2
    endloop
  endfacet
  facet normal 0 0 1
    outer loop
      vertex 15.5277 19.3144 3.2
      vertex 23.6039 19.4865 3.2
      vertex 15.616 19.4898 3.2
    endloop
  endfacet
  facet normal 0 0 1
    outer loop
      vertex 23.6039 19.4865 3.2
      vertex 15.5277 19.3144 3.2
      vertex 23.6559 19.3947 3.2
    endloop
  endfacet
  facet normal 0 0 1
    outer loop
      vertex 15.4309 19.1436 3.2
      vertex 23.6559 19.3947 3.2
      vertex 15.5277 19.3144 3.2
    endloop
  endfacet
  facet normal 0 0 1
    outer loop
      vertex 23.6559 19.3947 3.2
      vertex 15.4309 19.1436 3.2
      vertex 23.7123 19.3055 3.2
    endloop
  endfacet
  facet normal 0 0 1
    outer loop
      vertex 23.7123 19.3055 3.2
      vertex 15.4309 19.1436 3.2
      vertex 23.7731 19.2192 3.2
    endloop
  endfacet
  facet normal 0 0 1
    outer loop
      vertex 15.3259 18.9777 3.2
      vertex 23.7731 19.2192 3.2
      vertex 15.4309 19.1436 3.2
    endloop
  endfacet
  facet normal 0 0 1
    outer loop
      vertex 23.7731 19.2192 3.2
      vertex 15.3259 18.9777 3.2
      vertex 23.838 19.1361 3.2
    endloop
  endfacet
  facet normal 0 0 1
    outer loop
      vertex 15.2128 18.8172 3.2
      vertex 23.838 19.1361 3.2
      vertex 15.3259 18.9777 3.2
    endloop
  endfacet
  facet normal 0 0 1
    outer loop
      vertex 15.092 18.6624 3.2
      vertex 23.838 19.1361 3.2
      vertex 15.2128 18.8172 3.2
    endloop
  endfacet
  facet normal 0 0 1
    outer loop
      vertex 23.838 19.1361 3.2
      vertex 15.092 18.6624 3.2
      vertex 22.5 9.32882 3.2
    endloop
  endfacet
  facet normal -0 0 1
    outer loop
      vertex 14.9638 18.5138 3.2
      vertex 22.5 9.32882 3.2
      vertex 15.092 18.6624 3.2
    endloop
  endfacet
  facet normal -0 0 1
    outer loop
      vertex 14.8284 18.3716 3.2
      vertex 22.5 9.32882 3.2
      vertex 14.9638 18.5138 3.2
    endloop
  endfacet
  facet normal -0 0 1
    outer loop
      vertex 14.6862 18.2362 3.2
      vertex 22.5 9.32882 3.2
      vertex 14.8284 18.3716 3.2
    endloop
  endfacet
  facet normal -0 0 1
    outer loop
      vertex 14.5376 18.108 3.2
      vertex 22.5 9.32882 3.2
      vertex 14.6862 18.2362 3.2
    endloop
  endfacet
  facet normal -0 0 1
    outer loop
      vertex 14.3828 17.9872 3.2
      vertex 22.5 9.32882 3.2
      vertex 14.5376 18.108 3.2
    endloop
  endfacet
  facet normal -0 0 1
    outer loop
      vertex 14.2223 17.8741 3.2
      vertex 22.5 9.32882 3.2
      vertex 14.3828 17.9872 3.2
    endloop
  endfacet
  facet normal -0 0 1
    outer loop
      vertex 14.0564 17.7691 3.2
      vertex 22.5 9.32882 3.2
      vertex 14.2223 17.8741 3.2
    endloop
  endfacet
  facet normal -0 0 1
    outer loop
      vertex 13.8856 17.6723 3.2
      vertex 22.5 9.32882 3.2
      vertex 14.0564 17.7691 3.2
    endloop
  endfacet
  facet normal -0 0 1
    outer loop
      vertex 13.7102 17.584 3.2
      vertex 22.5 9.32882 3.2
      vertex 13.8856 17.6723 3.2
    endloop
  endfacet
  facet normal -0 0 1
    outer loop
      vertex 13.5307 17.5045 3.2
      vertex 22.5 9.32882 3.2
      vertex 13.7102 17.584 3.2
    endloop
  endfacet
  facet normal -0 0 1
    outer loop
      vertex 13.3476 17.4338 3.2
      vertex 22.5 9.32882 3.2
      vertex 13.5307 17.5045 3.2
    endloop
  endfacet
  facet normal -0 0 1
    outer loop
      vertex 13.1611 17.3722 3.2
      vertex 22.5 9.32882 3.2
      vertex 13.3476 17.4338 3.2
    endloop
  endfacet
  facet normal -0 0 1
    outer loop
      vertex 12.9719 17.3199 3.2
      vertex 22.5 9.32882 3.2
      vertex 13.1611 17.3722 3.2
    endloop
  endfacet
  facet normal -0 0 1
    outer loop
      vertex 12.7804 17.2769 3.2
      vertex 22.5 9.32882 3.2
      vertex 12.9719 17.3199 3.2
    endloop
  endfacet
  facet normal -0 0 1
    outer loop
      vertex 12.5869 17.2433 3.2
      vertex 22.5 9.32882 3.2
      vertex 12.7804 17.2769 3.2
    endloop
  endfacet
  facet normal -0 0 1
    outer loop
      vertex 12.3921 17.2193 3.2
      vertex 22.5 9.32882 3.2
      vertex 12.5869 17.2433 3.2
    endloop
  endfacet
  facet normal -0 0 1
    outer loop
      vertex 12.1963 17.2048 3.2
      vertex 22.5 9.32882 3.2
      vertex 12.3921 17.2193 3.2
    endloop
  endfacet
  facet normal -0 0 1
    outer loop
      vertex 12 17.2 3.2
      vertex 22.5 9.32882 3.2
      vertex 12.1963 17.2048 3.2
    endloop
  endfacet
  facet normal 0 0 1
    outer loop
      vertex 1.5 9.32882 3.2
      vertex 12 17.2 3.2
      vertex 11.8037 17.2048 3.2
    endloop
  endfacet
  facet normal 0 0 1
    outer loop
      vertex 1.5 9.32882 3.2
      vertex 11.8037 17.2048 3.2
      vertex 11.6079 17.2193 3.2
    endloop
  endfacet
  facet normal 0 0 1
    outer loop
      vertex 1.5 9.32882 3.2
      vertex 11.6079 17.2193 3.2
      vertex 11.4131 17.2433 3.2
    endloop
  endfacet
  facet normal 0 0 1
    outer loop
      vertex 1.5 9.32882 3.2
      vertex 11.4131 17.2433 3.2
      vertex 11.2196 17.2769 3.2
    endloop
  endfacet
  facet normal 0 0 1
    outer loop
      vertex 1.5 9.32882 3.2
      vertex 11.2196 17.2769 3.2
      vertex 11.0281 17.3199 3.2
    endloop
  endfacet
  facet normal 0 0 1
    outer loop
      vertex 1.5 9.32882 3.2
      vertex 11.0281 17.3199 3.2
      vertex 10.8389 17.3722 3.2
    endloop
  endfacet
  facet normal 0 0 1
    outer loop
      vertex 1.5 9.32882 3.2
      vertex 10.8389 17.3722 3.2
      vertex 10.6524 17.4338 3.2
    endloop
  endfacet
  facet normal 0 0 1
    outer loop
      vertex 1.5 9.32882 3.2
      vertex 10.6524 17.4338 3.2
      vertex 10.4693 17.5045 3.2
    endloop
  endfacet
  facet normal 0 0 1
    outer loop
      vertex 1.5 9.32882 3.2
      vertex 10.4693 17.5045 3.2
      vertex 10.2898 17.584 3.2
    endloop
  endfacet
  facet normal 0 0 1
    outer loop
      vertex 1.5 9.32882 3.2
      vertex 10.2898 17.584 3.2
      vertex 10.1144 17.6723 3.2
    endloop
  endfacet
  facet normal 0 0 1
    outer loop
      vertex 1.5 9.32882 3.2
      vertex 10.1144 17.6723 3.2
      vertex 9.94359 17.7691 3.2
    endloop
  endfacet
  facet normal 0 0 1
    outer loop
      vertex 1.5 9.32882 3.2
      vertex 9.94359 17.7691 3.2
      vertex 9.77772 17.8741 3.2
    endloop
  endfacet
  facet normal 0 0 1
    outer loop
      vertex 12 17.2 3.2
      vertex 1.5 9.32882 3.2
      vertex 22.5 9.32882 3.2
    endloop
  endfacet
  facet normal 0 0 1
    outer loop
      vertex 9.6172 17.9872 3.2
      vertex 1.5 9.32882 3.2
      vertex 9.77772 17.8741 3.2
    endloop
  endfacet
  facet normal 0 0 1
    outer loop
      vertex 9.46243 18.108 3.2
      vertex 1.5 9.32882 3.2
      vertex 9.6172 17.9872 3.2
    endloop
  endfacet
  facet normal 0 0 1
    outer loop
      vertex 9.31376 18.2362 3.2
      vertex 1.5 9.32882 3.2
      vertex 9.46243 18.108 3.2
    endloop
  endfacet
  facet normal 0 0 1
    outer loop
      vertex 9.17157 18.3716 3.2
      vertex 1.5 9.32882 3.2
      vertex 9.31376 18.2362 3.2
    endloop
  endfacet
  facet normal 0 0 1
    outer loop
      vertex 9.03619 18.5138 3.2
      vertex 1.5 9.32882 3.2
      vertex 9.17157 18.3716 3.2
    endloop
  endfacet
  facet normal 0 0 1
    outer loop
      vertex 8.90796 18.6624 3.2
      vertex 1.5 9.32882 3.2
      vertex 9.03619 18.5138 3.2
    endloop
  endfacet
  facet normal 0 0 1
    outer loop
      vertex 8.78717 18.8172 3.2
      vertex 1.5 9.32882 3.2
      vertex 8.90796 18.6624 3.2
    endloop
  endfacet
  facet normal 0 0 1
    outer loop
      vertex 8.67412 18.9777 3.2
      vertex 1.5 9.32882 3.2
      vertex 8.78717 18.8172 3.2
    endloop
  endfacet
  facet normal 0 0 1
    outer loop
      vertex 8.56909 19.1436 3.2
      vertex 1.5 9.32882 3.2
      vertex 8.67412 18.9777 3.2
    endloop
  endfacet
  facet normal 0 0 1
    outer loop
      vertex 8.47231 19.3144 3.2
      vertex 1.5 9.32882 3.2
      vertex 8.56909 19.1436 3.2
    endloop
  endfacet
  facet normal 0 0 1
    outer loop
      vertex 8.38404 19.4898 3.2
      vertex 1.5 9.32882 3.2
      vertex 8.47231 19.3144 3.2
    endloop
  endfacet
  facet normal 0 0 1
    outer loop
      vertex 8.30448 19.6693 3.2
      vertex 1.5 9.32882 3.2
      vertex 8.38404 19.4898 3.2
    endloop
  endfacet
  facet normal 0 0 1
    outer loop
      vertex 8.23382 19.8524 3.2
      vertex 1.5 9.32882 3.2
      vertex 8.30448 19.6693 3.2
    endloop
  endfacet
  facet normal 0 0 1
    outer loop
      vertex 8.17224 20.0389 3.2
      vertex 1.5 9.32882 3.2
      vertex 8.23382 19.8524 3.2
    endloop
  endfacet
  facet normal 0 0 1
    outer loop
      vertex 8.11987 20.2281 3.2
      vertex 1.5 9.32882 3.2
      vertex 8.17224 20.0389 3.2
    endloop
  endfacet
  facet normal 0 0 1
    outer loop
      vertex 8.07686 20.4196 3.2
      vertex 1.5 9.32882 3.2
      vertex 8.11987 20.2281 3.2
    endloop
  endfacet
  facet normal 0 0 1
    outer loop
      vertex 8.04329 20.6131 3.2
      vertex 1.5 9.32882 3.2
      vertex 8.07686 20.4196 3.2
    endloop
  endfacet
  facet normal 0 0 1
    outer loop
      vertex 8.01926 20.8079 3.2
      vertex 1.5 9.32882 3.2
      vertex 8.04329 20.6131 3.2
    endloop
  endfacet
  facet normal 0 0 1
    outer loop
      vertex 8.00482 21.0037 3.2
      vertex 1.5 9.32882 3.2
      vertex 8.01926 20.8079 3.2
    endloop
  endfacet
  facet normal 0 0 1
    outer loop
      vertex 1.5 9.32882 3.2
      vertex 8.00482 21.0037 3.2
      vertex 8 21.2 3.2
    endloop
  endfacet
  facet normal 0 -0 1
    outer loop
      vertex -0.442577 -19.8759 3.2
      vertex 8.23382 -19.8524 3.2
      vertex -0.475679 -19.7757 3.2
    endloop
  endfacet
  facet normal -0 -0 1
    outer loop
      vertex -0.414433 -19.9776 3.2
      vertex 8.17224 -20.0389 3.2
      vertex -0.442577 -19.8759 3.2
    endloop
  endfacet
  facet normal 0 0 1
    outer loop
      vertex 8.17224 -20.0389 3.2
      vertex -0.414433 -19.9776 3.2
      vertex 8.11987 -20.2281 3.2
    endloop
  endfacet
  facet normal -0 -0 1
    outer loop
      vertex -0.391312 -20.0806 3.2
      vertex 8.11987 -20.2281 3.2
      vertex -0.414433 -19.9776 3.2
    endloop
  endfacet
  facet normal 0 0 1
    outer loop
      vertex 8.11987 -20.2281 3.2
      vertex -0.391312 -20.0806 3.2
      vertex 8.07686 -20.4196 3.2
    endloop
  endfacet
  facet normal -0 -0 1
    outer loop
      vertex -0.360353 -20.2893 3.2
      vertex 8.07686 -20.4196 3.2
      vertex -0.37327 -20.1845 3.2
    endloop
  endfacet
  facet normal 0 0 1
    outer loop
      vertex 8.07686 -20.4196 3.2
      vertex -0.360353 -20.2893 3.2
      vertex 8.04329 -20.6131 3.2
    endloop
  endfacet
  facet normal -0 -0 1
    outer loop
      vertex -0.35259 -20.3945 3.2
      vertex 8.04329 -20.6131 3.2
      vertex -0.360353 -20.2893 3.2
    endloop
  endfacet
  facet normal 0 0 1
    outer loop
      vertex 8.04329 -20.6131 3.2
      vertex -0.35259 -20.3945 3.2
      vertex 8.01926 -20.8079 3.2
    endloop
  endfacet
  facet normal -0 -0 1
    outer loop
      vertex -0.349999 -20.5 3.2
      vertex 8.01926 -20.8079 3.2
      vertex -0.35259 -20.3945 3.2
    endloop
  endfacet
  facet normal 0 0 1
    outer loop
      vertex -1.87589 -18.4426 3.2
      vertex 1.5 -9.32882 3.2
      vertex 0.5 -9 3.2
    endloop
  endfacet
  facet normal 0 0 1
    outer loop
      vertex 8 21.2 3.2
      vertex -0.360353 20.2893 3.2
      vertex -0.37327 20.1845 3.2
    endloop
  endfacet
  facet normal -0 0 1
    outer loop
      vertex -0.442577 -21.1241 3.2
      vertex 8.04329 -21.7869 3.2
      vertex -0.414433 -21.0224 3.2
    endloop
  endfacet
  facet normal 0 0 1
    outer loop
      vertex 8.04329 -21.7869 3.2
      vertex -0.475679 -21.2243 3.2
      vertex 8.07686 -21.9804 3.2
    endloop
  endfacet
  facet normal -0 0 1
    outer loop
      vertex -0.513659 -21.3228 3.2
      vertex 8.07686 -21.9804 3.2
      vertex -0.475679 -21.2243 3.2
    endloop
  endfacet
  facet normal 0 0 1
    outer loop
      vertex 8.07686 -21.9804 3.2
      vertex -0.513659 -21.3228 3.2
      vertex 8.11987 -22.1719 3.2
    endloop
  endfacet
  facet normal -0 0 1
    outer loop
      vertex -0.556422 -21.4192 3.2
      vertex 8.11987 -22.1719 3.2
      vertex -0.513659 -21.3228 3.2
    endloop
  endfacet
  facet normal 0 0 1
    outer loop
      vertex 8.11987 -22.1719 3.2
      vertex -0.556422 -21.4192 3.2
      vertex 8.17224 -22.3611 3.2
    endloop
  endfacet
  facet normal -0 0 1
    outer loop
      vertex -0.603868 -21.5135 3.2
      vertex 8.17224 -22.3611 3.2
      vertex -0.556422 -21.4192 3.2
    endloop
  endfacet
  facet normal 0 0 1
    outer loop
      vertex 8.17224 -22.3611 3.2
      vertex -0.603868 -21.5135 3.2
      vertex 8.23382 -22.5476 3.2
    endloop
  endfacet
  facet normal -0 0 1
    outer loop
      vertex -0.655883 -21.6053 3.2
      vertex 8.23382 -22.5476 3.2
      vertex -0.603868 -21.5135 3.2
    endloop
  endfacet
  facet normal -0 0 1
    outer loop
      vertex -0.712339 -21.6945 3.2
      vertex 8.23382 -22.5476 3.2
      vertex -0.655883 -21.6053 3.2
    endloop
  endfacet
  facet normal 0 0 1
    outer loop
      vertex 8.23382 -22.5476 3.2
      vertex -0.712339 -21.6945 3.2
      vertex 8.30448 -22.7307 3.2
    endloop
  endfacet
  facet normal -0 0 1
    outer loop
      vertex -0.773104 -21.7808 3.2
      vertex 8.30448 -22.7307 3.2
      vertex -0.712339 -21.6945 3.2
    endloop
  endfacet
  facet normal 0 0 1
    outer loop
      vertex 8.30448 -22.7307 3.2
      vertex -0.773104 -21.7808 3.2
      vertex 8.38404 -22.9102 3.2
    endloop
  endfacet
  facet normal -0 0 1
    outer loop
      vertex -0.838027 -21.8639 3.2
      vertex 8.38404 -22.9102 3.2
      vertex -0.773104 -21.7808 3.2
    endloop
  endfacet
  facet normal 0 0 1
    outer loop
      vertex 8.38404 -22.9102 3.2
      vertex -0.838027 -21.8639 3.2
      vertex 8.47231 -23.0856 3.2
    endloop
  endfacet
  facet normal -0 0 1
    outer loop
      vertex -0.906955 -21.9439 3.2
      vertex 8.47231 -23.0856 3.2
      vertex -0.838027 -21.8639 3.2
    endloop
  endfacet
  facet normal 0 0 1
    outer loop
      vertex 8.47231 -23.0856 3.2
      vertex -0.906955 -21.9439 3.2
      vertex 8.56909 -23.2564 3.2
    endloop
  endfacet
  facet normal -0 0 1
    outer loop
      vertex -0.97972 -22.0203 3.2
      vertex 8.56909 -23.2564 3.2
      vertex -0.906955 -21.9439 3.2
    endloop
  endfacet
  facet normal -0 0 1
    outer loop
      vertex -1.05615 -22.093 3.2
      vertex 8.56909 -23.2564 3.2
      vertex -0.97972 -22.0203 3.2
    endloop
  endfacet
  facet normal 0 0 1
    outer loop
      vertex 8.56909 -23.2564 3.2
      vertex -1.05615 -22.093 3.2
      vertex 8.67412 -23.4223 3.2
    endloop
  endfacet
  facet normal -0 0 1
    outer loop
      vertex -1.13605 -22.162 3.2
      vertex 8.67412 -23.4223 3.2
      vertex -1.05615 -22.093 3.2
    endloop
  endfacet
  facet normal 0 0 1
    outer loop
      vertex 8.67412 -23.4223 3.2
      vertex -1.13605 -22.162 3.2
      vertex 8.78717 -23.5828 3.2
    endloop
  endfacet
  facet normal -0 0 1
    outer loop
      vertex -1.21925 -22.2269 3.2
      vertex 8.78717 -23.5828 3.2
      vertex -1.13605 -22.162 3.2
    endloop
  endfacet
  facet normal 0 0 1
    outer loop
      vertex 8.78717 -23.5828 3.2
      vertex -1.21925 -22.2269 3.2
      vertex 8.90796 -23.7376 3.2
    endloop
  endfacet
  facet normal -0 0 1
    outer loop
      vertex -1.30552 -22.2877 3.2
      vertex 8.90796 -23.7376 3.2
      vertex -1.21925 -22.2269 3.2
    endloop
  endfacet
  facet normal 0 0 1
    outer loop
      vertex 8.90796 -23.7376 3.2
      vertex -1.30552 -22.2877 3.2
      vertex 9.03619 -23.8862 3.2
    endloop
  endfacet
  facet normal -0 0 1
    outer loop
      vertex -1.39468 -22.3441 3.2
      vertex 9.03619 -23.8862 3.2
      vertex -1.30552 -22.2877 3.2
    endloop
  endfacet
  facet normal 0 0 1
    outer loop
      vertex 9.03619 -23.8862 3.2
      vertex -1.39468 -22.3441 3.2
      vertex 9.17157 -24.0284 3.2
    endloop
  endfacet
  facet normal -0 0 1
    outer loop
      vertex -1.4865 -22.3961 3.2
      vertex 9.17157 -24.0284 3.2
      vertex -1.39468 -22.3441 3.2
    endloop
  endfacet
  facet normal -0 0 1
    outer loop
      vertex -1.58076 -22.4436 3.2
      vertex 9.17157 -24.0284 3.2
      vertex -1.4865 -22.3961 3.2
    endloop
  endfacet
  facet normal 0 0 1
    outer loop
      vertex 9.17157 -24.0284 3.2
      vertex -1.58076 -22.4436 3.2
      vertex 9.31376 -24.1638 3.2
    endloop
  endfacet
  facet normal -0 0 1
    outer loop
      vertex -1.67723 -22.4863 3.2
      vertex 9.31376 -24.1638 3.2
      vertex -1.58076 -22.4436 3.2
    endloop
  endfacet
  facet normal 0 0 1
    outer loop
      vertex 9.31376 -24.1638 3.2
      vertex -1.67723 -22.4863 3.2
      vertex 9.46243 -24.292 3.2
    endloop
  endfacet
  facet normal -0 0 1
    outer loop
      vertex -1.77569 -22.5243 3.2
      vertex 9.46243 -24.292 3.2
      vertex -1.67723 -22.4863 3.2
    endloop
  endfacet
  facet normal 0 0 1
    outer loop
      vertex 9.46243 -24.292 3.2
      vertex -1.77569 -22.5243 3.2
      vertex 9.6172 -24.4128 3.2
    endloop
  endfacet
  facet normal 0 0 1
    outer loop
      vertex -6 -25 3.2
      vertex 9.6172 -24.4128 3.2
      vertex -1.77569 -22.5243 3.2
    endloop
  endfacet
  facet normal 0 0 1
    outer loop
      vertex 9.6172 -24.4128 3.2
      vertex -6 -25 3.2
      vertex 9.77772 -24.5259 3.2
    endloop
  endfacet
  facet normal 0 0 1
    outer loop
      vertex 9.77772 -24.5259 3.2
      vertex -6 -25 3.2
      vertex 9.94359 -24.6309 3.2
    endloop
  endfacet
  facet normal 0 0 1
    outer loop
      vertex 9.94359 -24.6309 3.2
      vertex -6 -25 3.2
      vertex 10.1144 -24.7277 3.2
    endloop
  endfacet
  facet normal 0 0 1
    outer loop
      vertex 10.1144 -24.7277 3.2
      vertex -6 -25 3.2
      vertex 10.2898 -24.816 3.2
    endloop
  endfacet
  facet normal 0 0 1
    outer loop
      vertex 10.2898 -24.816 3.2
      vertex -6 -25 3.2
      vertex 10.4693 -24.8955 3.2
    endloop
  endfacet
  facet normal 0 0 1
    outer loop
      vertex 10.4693 -24.8955 3.2
      vertex -6 -25 3.2
      vertex 10.6524 -24.9662 3.2
    endloop
  endfacet
  facet normal 0 0 1
    outer loop
      vertex -6 -25 3.2
      vertex -1.77569 -22.5243 3.2
      vertex -1.87589 -22.5574 3.2
    endloop
  endfacet
  facet normal 0 0 1
    outer loop
      vertex -6 -25 3.2
      vertex -1.87589 -22.5574 3.2
      vertex -1.97759 -22.5856 3.2
    endloop
  endfacet
  facet normal 0 0 1
    outer loop
      vertex -6 -25 3.2
      vertex -1.97759 -22.5856 3.2
      vertex -2.08055 -22.6087 3.2
    endloop
  endfacet
  facet normal 0 0 1
    outer loop
      vertex -6 -25 3.2
      vertex -2.08055 -22.6087 3.2
      vertex -2.18453 -22.6267 3.2
    endloop
  endfacet
  facet normal 0 0 1
    outer loop
      vertex -6 -25 3.2
      vertex -2.18453 -22.6267 3.2
      vertex -2.28926 -22.6396 3.2
    endloop
  endfacet
  facet normal 0 0 1
    outer loop
      vertex -6 -25 3.2
      vertex -2.28926 -22.6396 3.2
      vertex -2.3945 -22.6474 3.2
    endloop
  endfacet
  facet normal 0 0 1
    outer loop
      vertex -6 -25 3.2
      vertex -2.3945 -22.6474 3.2
      vertex -2.5 -22.65 3.2
    endloop
  endfacet
  facet normal 0 0 1
    outer loop
      vertex -6 -25 3.2
      vertex -2.5 -22.65 3.2
      vertex -2.6055 -22.6474 3.2
    endloop
  endfacet
  facet normal 0 0 1
    outer loop
      vertex -6 -25 3.2
      vertex -2.6055 -22.6474 3.2
      vertex -2.71074 -22.6396 3.2
    endloop
  endfacet
  facet normal 0 0 1
    outer loop
      vertex -6 -25 3.2
      vertex -2.71074 -22.6396 3.2
      vertex -2.81547 -22.6267 3.2
    endloop
  endfacet
  facet normal 0 0 1
    outer loop
      vertex -6 -25 3.2
      vertex -2.81547 -22.6267 3.2
      vertex -2.91944 -22.6087 3.2
    endloop
  endfacet
  facet normal 0 0 1
    outer loop
      vertex -4.64741 -20.3945 3.2
      vertex -6 -25 3.2
      vertex -4.65 -20.5 3.2
    endloop
  endfacet
  facet normal 0 0 1
    outer loop
      vertex 10.6524 -24.9662 3.2
      vertex -6 -25 3.2
      vertex 10.7548 -25 3.2
    endloop
  endfacet
  facet normal 0 0 1
    outer loop
      vertex -3.02241 -22.5856 3.2
      vertex -6 -25 3.2
      vertex -2.91944 -22.6087 3.2
    endloop
  endfacet
  facet normal 0 0 1
    outer loop
      vertex -3.12411 -22.5574 3.2
      vertex -6 -25 3.2
      vertex -3.02241 -22.5856 3.2
    endloop
  endfacet
  facet normal 0 0 1
    outer loop
      vertex -3.22431 -22.5243 3.2
      vertex -6 -25 3.2
      vertex -3.12411 -22.5574 3.2
    endloop
  endfacet
  facet normal 0 0 1
    outer loop
      vertex -3.32277 -22.4863 3.2
      vertex -6 -25 3.2
      vertex -3.22431 -22.5243 3.2
    endloop
  endfacet
  facet normal 0 0 1
    outer loop
      vertex -3.41924 -22.4436 3.2
      vertex -6 -25 3.2
      vertex -3.32277 -22.4863 3.2
    endloop
  endfacet
  facet normal 0 0 1
    outer loop
      vertex -3.5135 -22.3961 3.2
      vertex -6 -25 3.2
      vertex -3.41924 -22.4436 3.2
    endloop
  endfacet
  facet normal 0 0 1
    outer loop
      vertex -3.60532 -22.3441 3.2
      vertex -6 -25 3.2
      vertex -3.5135 -22.3961 3.2
    endloop
  endfacet
  facet normal 0 0 1
    outer loop
      vertex -3.69448 -22.2877 3.2
      vertex -6 -25 3.2
      vertex -3.60532 -22.3441 3.2
    endloop
  endfacet
  facet normal 0 0 1
    outer loop
      vertex -3.78075 -22.2269 3.2
      vertex -6 -25 3.2
      vertex -3.69448 -22.2877 3.2
    endloop
  endfacet
  facet normal 0 0 1
    outer loop
      vertex -3.86395 -22.162 3.2
      vertex -6 -25 3.2
      vertex -3.78075 -22.2269 3.2
    endloop
  endfacet
  facet normal 0 0 1
    outer loop
      vertex -3.94385 -22.093 3.2
      vertex -6 -25 3.2
      vertex -3.86395 -22.162 3.2
    endloop
  endfacet
  facet normal 0 0 1
    outer loop
      vertex -4.02028 -22.0203 3.2
      vertex -6 -25 3.2
      vertex -3.94385 -22.093 3.2
    endloop
  endfacet
  facet normal 0 0 1
    outer loop
      vertex -4.09304 -21.9439 3.2
      vertex -6 -25 3.2
      vertex -4.02028 -22.0203 3.2
    endloop
  endfacet
  facet normal 0 0 1
    outer loop
      vertex -4.16197 -21.8639 3.2
      vertex -6 -25 3.2
      vertex -4.09304 -21.9439 3.2
    endloop
  endfacet
  facet normal 0 0 1
    outer loop
      vertex -4.2269 -21.7808 3.2
      vertex -6 -25 3.2
      vertex -4.16197 -21.8639 3.2
    endloop
  endfacet
  facet normal 0 0 1
    outer loop
      vertex -4.28766 -21.6945 3.2
      vertex -6 -25 3.2
      vertex -4.2269 -21.7808 3.2
    endloop
  endfacet
  facet normal 0 0 1
    outer loop
      vertex -4.34412 -21.6053 3.2
      vertex -6 -25 3.2
      vertex -4.28766 -21.6945 3.2
    endloop
  endfacet
  facet normal 0 0 1
    outer loop
      vertex -4.39613 -21.5135 3.2
      vertex -6 -25 3.2
      vertex -4.34412 -21.6053 3.2
    endloop
  endfacet
  facet normal 0 0 1
    outer loop
      vertex -4.44358 -21.4192 3.2
      vertex -6 -25 3.2
      vertex -4.39613 -21.5135 3.2
    endloop
  endfacet
  facet normal 0 0 1
    outer loop
      vertex -4.48634 -21.3228 3.2
      vertex -6 -25 3.2
      vertex -4.44358 -21.4192 3.2
    endloop
  endfacet
  facet normal 0 0 1
    outer loop
      vertex -4.52432 -21.2243 3.2
      vertex -6 -25 3.2
      vertex -4.48634 -21.3228 3.2
    endloop
  endfacet
  facet normal 0 0 1
    outer loop
      vertex -4.55742 -21.1241 3.2
      vertex -6 -25 3.2
      vertex -4.52432 -21.2243 3.2
    endloop
  endfacet
  facet normal 0 0 1
    outer loop
      vertex -4.58557 -21.0224 3.2
      vertex -6 -25 3.2
      vertex -4.55742 -21.1241 3.2
    endloop
  endfacet
  facet normal 0 0 1
    outer loop
      vertex -4.60869 -20.9194 3.2
      vertex -6 -25 3.2
      vertex -4.58557 -21.0224 3.2
    endloop
  endfacet
  facet normal 0 0 1
    outer loop
      vertex -4.62673 -20.8155 3.2
      vertex -6 -25 3.2
      vertex -4.60869 -20.9194 3.2
    endloop
  endfacet
  facet normal 0 0 1
    outer loop
      vertex -4.63965 -20.7107 3.2
      vertex -6 -25 3.2
      vertex -4.62673 -20.8155 3.2
    endloop
  endfacet
  facet normal 0 0 1
    outer loop
      vertex -4.64741 -20.6055 3.2
      vertex -6 -25 3.2
      vertex -4.63965 -20.7107 3.2
    endloop
  endfacet
  facet normal 0 0 1
    outer loop
      vertex -4.65 -20.5 3.2
      vertex -6 -25 3.2
      vertex -4.64741 -20.6055 3.2
    endloop
  endfacet
  facet normal 0 0 1
    outer loop
      vertex 8 21.2 3.2
      vertex -0.37327 20.1845 3.2
      vertex -0.391312 20.0806 3.2
    endloop
  endfacet
  facet normal -0 0 1
    outer loop
      vertex -0.475679 -21.2243 3.2
      vertex 8.04329 -21.7869 3.2
      vertex -0.442577 -21.1241 3.2
    endloop
  endfacet
  facet normal 0 0 1
    outer loop
      vertex 8 21.2 3.2
      vertex -0.391312 20.0806 3.2
      vertex -0.414433 19.9776 3.2
    endloop
  endfacet
  facet normal 0 0 1
    outer loop
      vertex 8.01926 -21.5921 3.2
      vertex -0.414433 -21.0224 3.2
      vertex 8.04329 -21.7869 3.2
    endloop
  endfacet
  facet normal 0 0 1
    outer loop
      vertex 8 21.2 3.2
      vertex -0.414433 19.9776 3.2
      vertex -0.442577 19.8759 3.2
    endloop
  endfacet
  facet normal -0 0 1
    outer loop
      vertex -0.414433 -21.0224 3.2
      vertex 8.01926 -21.5921 3.2
      vertex -0.391312 -20.9194 3.2
    endloop
  endfacet
  facet normal 0 0 1
    outer loop
      vertex 8 21.2 3.2
      vertex -0.442577 19.8759 3.2
      vertex -0.475679 19.7757 3.2
    endloop
  endfacet
  facet normal 0 0 1
    outer loop
      vertex 8.00482 -21.3963 3.2
      vertex -0.391312 -20.9194 3.2
      vertex 8.01926 -21.5921 3.2
    endloop
  endfacet
  facet normal 0 0 1
    outer loop
      vertex 8 21.2 3.2
      vertex -0.475679 19.7757 3.2
      vertex -0.513659 19.6772 3.2
    endloop
  endfacet
  facet normal -0 0 1
    outer loop
      vertex -0.391312 -20.9194 3.2
      vertex 8.00482 -21.3963 3.2
      vertex -0.37327 -20.8155 3.2
    endloop
  endfacet
  facet normal 0 0 1
    outer loop
      vertex 8 21.2 3.2
      vertex -0.513659 19.6772 3.2
      vertex -0.556422 19.5808 3.2
    endloop
  endfacet
  facet normal 0 0 1
    outer loop
      vertex 8 -21.2 3.2
      vertex -0.37327 -20.8155 3.2
      vertex 8.00482 -21.3963 3.2
    endloop
  endfacet
  facet normal 0 0 1
    outer loop
      vertex 8 21.2 3.2
      vertex -0.556422 19.5808 3.2
      vertex -0.603868 19.4865 3.2
    endloop
  endfacet
  facet normal -0 0 1
    outer loop
      vertex -0.37327 -20.8155 3.2
      vertex 8 -21.2 3.2
      vertex -0.360353 -20.7107 3.2
    endloop
  endfacet
  facet normal 0 0 1
    outer loop
      vertex 8 21.2 3.2
      vertex -0.603868 19.4865 3.2
      vertex -0.655883 19.3947 3.2
    endloop
  endfacet
  facet normal -0 0 1
    outer loop
      vertex -0.360353 -20.7107 3.2
      vertex 8 -21.2 3.2
      vertex -0.35259 -20.6055 3.2
    endloop
  endfacet
  facet normal 0 0 1
    outer loop
      vertex -0.773104 19.2192 3.2
      vertex 8 21.2 3.2
      vertex -0.712339 19.3055 3.2
    endloop
  endfacet
  facet normal 0 0 1
    outer loop
      vertex 8.00482 -21.0037 3.2
      vertex -0.35259 -20.6055 3.2
      vertex 8 -21.2 3.2
    endloop
  endfacet
  facet normal 0 0 1
    outer loop
      vertex 8 21.2 3.2
      vertex -0.773104 19.2192 3.2
      vertex 1.5 9.32882 3.2
    endloop
  endfacet
  facet normal -0 0 1
    outer loop
      vertex -0.35259 -20.6055 3.2
      vertex 8.00482 -21.0037 3.2
      vertex -0.349999 -20.5 3.2
    endloop
  endfacet
  facet normal -0 0 1
    outer loop
      vertex -0.838027 19.1361 3.2
      vertex 1.5 9.32882 3.2
      vertex -0.773104 19.2192 3.2
    endloop
  endfacet
  facet normal 0 0 1
    outer loop
      vertex 8.01926 -20.8079 3.2
      vertex -0.349999 -20.5 3.2
      vertex 8.00482 -21.0037 3.2
    endloop
  endfacet
  facet normal -0 0 1
    outer loop
      vertex -0.906955 19.0561 3.2
      vertex 1.5 9.32882 3.2
      vertex -0.838027 19.1361 3.2
    endloop
  endfacet
  facet normal -0 -0 1
    outer loop
      vertex -0.37327 -20.1845 3.2
      vertex 8.07686 -20.4196 3.2
      vertex -0.391312 -20.0806 3.2
    endloop
  endfacet
  facet normal -0 0 1
    outer loop
      vertex -0.97972 18.9797 3.2
      vertex 1.5 9.32882 3.2
      vertex -0.906955 19.0561 3.2
    endloop
  endfacet
  facet normal 0 0 1
    outer loop
      vertex 8.23382 -19.8524 3.2
      vertex -0.442577 -19.8759 3.2
      vertex 8.17224 -20.0389 3.2
    endloop
  endfacet
  facet normal -0 0 1
    outer loop
      vertex -1.05615 18.907 3.2
      vertex 1.5 9.32882 3.2
      vertex -0.97972 18.9797 3.2
    endloop
  endfacet
  facet normal 0 0 1
    outer loop
      vertex 1.5 -9.32882 3.2
      vertex -0.838027 -19.1361 3.2
      vertex -0.773104 -19.2192 3.2
    endloop
  endfacet
  facet normal -0 0 1
    outer loop
      vertex -1.13605 18.838 3.2
      vertex 1.5 9.32882 3.2
      vertex -1.05615 18.907 3.2
    endloop
  endfacet
  facet normal 0 0 1
    outer loop
      vertex 1.5 -9.32882 3.2
      vertex -0.906955 -19.0561 3.2
      vertex -0.838027 -19.1361 3.2
    endloop
  endfacet
  facet normal -0 0 1
    outer loop
      vertex -1.21925 18.7731 3.2
      vertex 1.5 9.32882 3.2
      vertex -1.13605 18.838 3.2
    endloop
  endfacet
  facet normal 0 0 1
    outer loop
      vertex 1.5 -9.32882 3.2
      vertex -0.97972 -18.9797 3.2
      vertex -0.906955 -19.0561 3.2
    endloop
  endfacet
  facet normal -0 0 1
    outer loop
      vertex -1.30552 18.7123 3.2
      vertex 1.5 9.32882 3.2
      vertex -1.21925 18.7731 3.2
    endloop
  endfacet
  facet normal 0 0 1
    outer loop
      vertex 1.5 -9.32882 3.2
      vertex -1.05615 -18.907 3.2
      vertex -0.97972 -18.9797 3.2
    endloop
  endfacet
  facet normal -0 0 1
    outer loop
      vertex -1.39468 18.6559 3.2
      vertex 1.5 9.32882 3.2
      vertex -1.30552 18.7123 3.2
    endloop
  endfacet
  facet normal 0 0 1
    outer loop
      vertex 1.5 -9.32882 3.2
      vertex -1.13605 -18.838 3.2
      vertex -1.05615 -18.907 3.2
    endloop
  endfacet
  facet normal -0 0 1
    outer loop
      vertex -1.4865 18.6039 3.2
      vertex 1.5 9.32882 3.2
      vertex -1.39468 18.6559 3.2
    endloop
  endfacet
  facet normal 0 0 1
    outer loop
      vertex 1.5 -9.32882 3.2
      vertex -1.21925 -18.7731 3.2
      vertex -1.13605 -18.838 3.2
    endloop
  endfacet
  facet normal -0 0 1
    outer loop
      vertex -1.58076 18.5564 3.2
      vertex 1.5 9.32882 3.2
      vertex -1.4865 18.6039 3.2
    endloop
  endfacet
  facet normal 0 0 1
    outer loop
      vertex 1.5 -9.32882 3.2
      vertex -1.30552 -18.7123 3.2
      vertex -1.21925 -18.7731 3.2
    endloop
  endfacet
  facet normal -0 0 1
    outer loop
      vertex -1.67723 18.5137 3.2
      vertex 1.5 9.32882 3.2
      vertex -1.58076 18.5564 3.2
    endloop
  endfacet
  facet normal 0 0 1
    outer loop
      vertex 1.5 -9.32882 3.2
      vertex -1.39468 -18.6559 3.2
      vertex -1.30552 -18.7123 3.2
    endloop
  endfacet
  facet normal -0 0 1
    outer loop
      vertex -1.77569 18.4757 3.2
      vertex 1.5 9.32882 3.2
      vertex -1.67723 18.5137 3.2
    endloop
  endfacet
  facet normal 0 0 1
    outer loop
      vertex 1.5 -9.32882 3.2
      vertex -1.4865 -18.6039 3.2
      vertex -1.39468 -18.6559 3.2
    endloop
  endfacet
  facet normal -0 0 1
    outer loop
      vertex -1.87589 18.4426 3.2
      vertex 1.5 9.32882 3.2
      vertex -1.77569 18.4757 3.2
    endloop
  endfacet
  facet normal 0 0 1
    outer loop
      vertex 1.5 -9.32882 3.2
      vertex -1.58076 -18.5564 3.2
      vertex -1.4865 -18.6039 3.2
    endloop
  endfacet
  facet normal 0 0 1
    outer loop
      vertex 1.5 9.32882 3.2
      vertex -1.87589 18.4426 3.2
      vertex 0.5 9 3.2
    endloop
  endfacet
  facet normal 0 0 1
    outer loop
      vertex 1.5 -9.32882 3.2
      vertex -1.67723 -18.5137 3.2
      vertex -1.58076 -18.5564 3.2
    endloop
  endfacet
  facet normal -0 0 1
    outer loop
      vertex -1.97759 18.4144 3.2
      vertex 0.5 9 3.2
      vertex -1.87589 18.4426 3.2
    endloop
  endfacet
  facet normal 0 0 1
    outer loop
      vertex 1.5 -9.32882 3.2
      vertex -1.77569 -18.4757 3.2
      vertex -1.67723 -18.5137 3.2
    endloop
  endfacet
  facet normal -0 0 1
    outer loop
      vertex -2.08055 18.3913 3.2
      vertex 0.5 9 3.2
      vertex -1.97759 18.4144 3.2
    endloop
  endfacet
  facet normal 0 0 1
    outer loop
      vertex 1.5 -9.32882 3.2
      vertex -1.87589 -18.4426 3.2
      vertex -1.77569 -18.4757 3.2
    endloop
  endfacet
  facet normal -0 0 1
    outer loop
      vertex -2.18453 18.3733 3.2
      vertex 0.5 9 3.2
      vertex -2.08055 18.3913 3.2
    endloop
  endfacet
  facet normal 0 0 1
    outer loop
      vertex 0.5 -9 3.2
      vertex -1.97759 -18.4144 3.2
      vertex -1.87589 -18.4426 3.2
    endloop
  endfacet
  facet normal -0 0 1
    outer loop
      vertex -2.28926 18.3604 3.2
      vertex 0.5 9 3.2
      vertex -2.18453 18.3733 3.2
    endloop
  endfacet
  facet normal 0 0 1
    outer loop
      vertex 0.5 -9 3.2
      vertex -2.08055 -18.3913 3.2
      vertex -1.97759 -18.4144 3.2
    endloop
  endfacet
  facet normal -0 0 1
    outer loop
      vertex -2.3945 18.3526 3.2
      vertex 0.5 9 3.2
      vertex -2.28926 18.3604 3.2
    endloop
  endfacet
  facet normal 0 0 1
    outer loop
      vertex 0.5 -9 3.2
      vertex -2.18453 -18.3733 3.2
      vertex -2.08055 -18.3913 3.2
    endloop
  endfacet
  facet normal -0 0 1
    outer loop
      vertex -2.5 18.35 3.2
      vertex 0.5 9 3.2
      vertex -2.3945 18.3526 3.2
    endloop
  endfacet
  facet normal 0 0 1
    outer loop
      vertex 0.5 -9 3.2
      vertex -2.28926 -18.3604 3.2
      vertex -2.18453 -18.3733 3.2
    endloop
  endfacet
  facet normal 0 0 1
    outer loop
      vertex -2.6055 18.3526 3.2
      vertex 0.5 9 3.2
      vertex -2.5 18.35 3.2
    endloop
  endfacet
  facet normal 0 0 1
    outer loop
      vertex 0.5 -9 3.2
      vertex -2.3945 -18.3526 3.2
      vertex -2.28926 -18.3604 3.2
    endloop
  endfacet
  facet normal 0 0 1
    outer loop
      vertex -2.71074 18.3604 3.2
      vertex 0.5 9 3.2
      vertex -2.6055 18.3526 3.2
    endloop
  endfacet
  facet normal 0 0 1
    outer loop
      vertex 0.5 -9 3.2
      vertex -2.5 -18.35 3.2
      vertex -2.3945 -18.3526 3.2
    endloop
  endfacet
  facet normal 0 0 1
    outer loop
      vertex -2.81547 18.3733 3.2
      vertex 0.5 9 3.2
      vertex -2.71074 18.3604 3.2
    endloop
  endfacet
  facet normal 0 0 1
    outer loop
      vertex 0.5 -9 3.2
      vertex -2.6055 -18.3526 3.2
      vertex -2.5 -18.35 3.2
    endloop
  endfacet
  facet normal 0 0 1
    outer loop
      vertex -2.91944 18.3913 3.2
      vertex 0.5 9 3.2
      vertex -2.81547 18.3733 3.2
    endloop
  endfacet
  facet normal 0 0 1
    outer loop
      vertex 0.5 -9 3.2
      vertex -2.71074 -18.3604 3.2
      vertex -2.6055 -18.3526 3.2
    endloop
  endfacet
  facet normal 0 0 1
    outer loop
      vertex -3.02241 18.4144 3.2
      vertex 0.5 9 3.2
      vertex -2.91944 18.3913 3.2
    endloop
  endfacet
  facet normal 0 0 1
    outer loop
      vertex 0.5 -9 3.2
      vertex -2.81547 -18.3733 3.2
      vertex -2.71074 -18.3604 3.2
    endloop
  endfacet
  facet normal 0 0 1
    outer loop
      vertex -3.12411 18.4426 3.2
      vertex 0.5 9 3.2
      vertex -3.02241 18.4144 3.2
    endloop
  endfacet
  facet normal 0 0 1
    outer loop
      vertex 0.5 -9 3.2
      vertex -2.91944 -18.3913 3.2
      vertex -2.81547 -18.3733 3.2
    endloop
  endfacet
  facet normal 0 0 1
    outer loop
      vertex -3.22431 18.4757 3.2
      vertex 0.5 9 3.2
      vertex -3.12411 18.4426 3.2
    endloop
  endfacet
  facet normal 0 0 1
    outer loop
      vertex 0.5 -9 3.2
      vertex -3.02241 -18.4144 3.2
      vertex -2.91944 -18.3913 3.2
    endloop
  endfacet
  facet normal 0 0 1
    outer loop
      vertex -3.32277 18.5137 3.2
      vertex 0.5 9 3.2
      vertex -3.22431 18.4757 3.2
    endloop
  endfacet
  facet normal 0 0 1
    outer loop
      vertex 0.5 -9 3.2
      vertex -3.12411 -18.4426 3.2
      vertex -3.02241 -18.4144 3.2
    endloop
  endfacet
  facet normal 0 0 1
    outer loop
      vertex -3.41924 18.5564 3.2
      vertex 0.5 9 3.2
      vertex -3.32277 18.5137 3.2
    endloop
  endfacet
  facet normal 0 0 1
    outer loop
      vertex 0.5 -9 3.2
      vertex -3.22431 -18.4757 3.2
      vertex -3.12411 -18.4426 3.2
    endloop
  endfacet
  facet normal 0 0 1
    outer loop
      vertex -3.5135 18.6039 3.2
      vertex 0.5 9 3.2
      vertex -3.41924 18.5564 3.2
    endloop
  endfacet
  facet normal 0 0 1
    outer loop
      vertex 0.5 -9 3.2
      vertex -3.32277 -18.5137 3.2
      vertex -3.22431 -18.4757 3.2
    endloop
  endfacet
  facet normal 0 0 1
    outer loop
      vertex -3.60532 18.6559 3.2
      vertex 0.5 9 3.2
      vertex -3.5135 18.6039 3.2
    endloop
  endfacet
  facet normal 0 0 1
    outer loop
      vertex 0.5 -9 3.2
      vertex -3.41924 -18.5564 3.2
      vertex -3.32277 -18.5137 3.2
    endloop
  endfacet
  facet normal 0 0 1
    outer loop
      vertex -3.69448 18.7123 3.2
      vertex 0.5 9 3.2
      vertex -3.60532 18.6559 3.2
    endloop
  endfacet
  facet normal 0 0 1
    outer loop
      vertex 0.5 -9 3.2
      vertex -3.5135 -18.6039 3.2
      vertex -3.41924 -18.5564 3.2
    endloop
  endfacet
  facet normal 0 0 1
    outer loop
      vertex -3.78075 18.7731 3.2
      vertex 0.5 9 3.2
      vertex -3.69448 18.7123 3.2
    endloop
  endfacet
  facet normal 0 0 1
    outer loop
      vertex 0.5 -9 3.2
      vertex -3.60532 -18.6559 3.2
      vertex -3.5135 -18.6039 3.2
    endloop
  endfacet
  facet normal 0 0 1
    outer loop
      vertex -3.86395 18.838 3.2
      vertex 0.5 9 3.2
      vertex -3.78075 18.7731 3.2
    endloop
  endfacet
  facet normal 0 0 1
    outer loop
      vertex 0.5 -9 3.2
      vertex -3.69448 -18.7123 3.2
      vertex -3.60532 -18.6559 3.2
    endloop
  endfacet
  facet normal 0 0 1
    outer loop
      vertex -3.94385 18.907 3.2
      vertex 0.5 9 3.2
      vertex -3.86395 18.838 3.2
    endloop
  endfacet
  facet normal 0 0 1
    outer loop
      vertex 0.5 -9 3.2
      vertex -3.78075 -18.7731 3.2
      vertex -3.69448 -18.7123 3.2
    endloop
  endfacet
  facet normal 0 0 1
    outer loop
      vertex -4.02028 18.9797 3.2
      vertex 0.5 9 3.2
      vertex -3.94385 18.907 3.2
    endloop
  endfacet
  facet normal 0 0 1
    outer loop
      vertex 0.5 -9 3.2
      vertex -3.86395 -18.838 3.2
      vertex -3.78075 -18.7731 3.2
    endloop
  endfacet
  facet normal 0 0 1
    outer loop
      vertex -4.09304 19.0561 3.2
      vertex 0.5 9 3.2
      vertex -4.02028 18.9797 3.2
    endloop
  endfacet
  facet normal 0 0 1
    outer loop
      vertex 0.5 -9 3.2
      vertex -3.94385 -18.907 3.2
      vertex -3.86395 -18.838 3.2
    endloop
  endfacet
  facet normal 0 0 1
    outer loop
      vertex -4.16197 19.1361 3.2
      vertex 0.5 9 3.2
      vertex -4.09304 19.0561 3.2
    endloop
  endfacet
  facet normal 0 0 1
    outer loop
      vertex 0.5 -9 3.2
      vertex -4.02028 -18.9797 3.2
      vertex -3.94385 -18.907 3.2
    endloop
  endfacet
  facet normal 0 0 1
    outer loop
      vertex -4.2269 19.2192 3.2
      vertex 0.5 9 3.2
      vertex -4.16197 19.1361 3.2
    endloop
  endfacet
  facet normal 0 0 1
    outer loop
      vertex 0.5 -9 3.2
      vertex -4.09304 -19.0561 3.2
      vertex -4.02028 -18.9797 3.2
    endloop
  endfacet
  facet normal 0 0 1
    outer loop
      vertex -4.28766 19.3055 3.2
      vertex 0.5 9 3.2
      vertex -4.2269 19.2192 3.2
    endloop
  endfacet
  facet normal 0 0 1
    outer loop
      vertex 0.5 -9 3.2
      vertex -4.16197 -19.1361 3.2
      vertex -4.09304 -19.0561 3.2
    endloop
  endfacet
  facet normal 0 0 1
    outer loop
      vertex 0.5 9 3.2
      vertex -4.28766 19.3055 3.2
      vertex 0.5 -9 3.2
    endloop
  endfacet
  facet normal 0 0 1
    outer loop
      vertex 0.5 -9 3.2
      vertex -4.2269 -19.2192 3.2
      vertex -4.16197 -19.1361 3.2
    endloop
  endfacet
  facet normal 0 0 1
    outer loop
      vertex -4.28766 -19.3055 3.2
      vertex 0.5 -9 3.2
      vertex -4.28766 19.3055 3.2
    endloop
  endfacet
  facet normal 0 0 1
    outer loop
      vertex 0.5 -9 3.2
      vertex -4.28766 -19.3055 3.2
      vertex -4.2269 -19.2192 3.2
    endloop
  endfacet
  facet normal 0 0 1
    outer loop
      vertex -4.34412 19.3947 3.2
      vertex -4.28766 -19.3055 3.2
      vertex -4.28766 19.3055 3.2
    endloop
  endfacet
  facet normal 0 0 1
    outer loop
      vertex -4.34412 19.3947 3.2
      vertex -4.34412 -19.3947 3.2
      vertex -4.28766 -19.3055 3.2
    endloop
  endfacet
  facet normal 0 0 1
    outer loop
      vertex -4.39613 19.4865 3.2
      vertex -4.34412 -19.3947 3.2
      vertex -4.34412 19.3947 3.2
    endloop
  endfacet
  facet normal 0 0 1
    outer loop
      vertex -4.39613 19.4865 3.2
      vertex -4.39613 -19.4865 3.2
      vertex -4.34412 -19.3947 3.2
    endloop
  endfacet
  facet normal 0 0 1
    outer loop
      vertex -4.44358 19.5808 3.2
      vertex -4.39613 -19.4865 3.2
      vertex -4.39613 19.4865 3.2
    endloop
  endfacet
  facet normal 0 0 1
    outer loop
      vertex -4.44358 19.5808 3.2
      vertex -4.44358 -19.5808 3.2
      vertex -4.39613 -19.4865 3.2
    endloop
  endfacet
  facet normal 0 0 1
    outer loop
      vertex -4.48634 19.6772 3.2
      vertex -4.44358 -19.5808 3.2
      vertex -4.44358 19.5808 3.2
    endloop
  endfacet
  facet normal 0 0 1
    outer loop
      vertex -4.48634 19.6772 3.2
      vertex -4.48634 -19.6772 3.2
      vertex -4.44358 -19.5808 3.2
    endloop
  endfacet
  facet normal 0 0 1
    outer loop
      vertex -4.52432 19.7757 3.2
      vertex -4.48634 -19.6772 3.2
      vertex -4.48634 19.6772 3.2
    endloop
  endfacet
  facet normal 0 0 1
    outer loop
      vertex -4.52432 19.7757 3.2
      vertex -4.52432 -19.7757 3.2
      vertex -4.48634 -19.6772 3.2
    endloop
  endfacet
  facet normal 0 0 1
    outer loop
      vertex -4.55742 19.8759 3.2
      vertex -4.52432 -19.7757 3.2
      vertex -4.52432 19.7757 3.2
    endloop
  endfacet
  facet normal 0 0 1
    outer loop
      vertex -4.55742 19.8759 3.2
      vertex -4.55742 -19.8759 3.2
      vertex -4.52432 -19.7757 3.2
    endloop
  endfacet
  facet normal 0 0 1
    outer loop
      vertex -4.58557 19.9776 3.2
      vertex -4.55742 -19.8759 3.2
      vertex -4.55742 19.8759 3.2
    endloop
  endfacet
  facet normal 0 0 1
    outer loop
      vertex -4.58557 19.9776 3.2
      vertex -4.58557 -19.9776 3.2
      vertex -4.55742 -19.8759 3.2
    endloop
  endfacet
  facet normal 0 0 1
    outer loop
      vertex -6 25 3.2
      vertex -4.58557 19.9776 3.2
      vertex -4.60869 20.0806 3.2
    endloop
  endfacet
  facet normal 0 0 1
    outer loop
      vertex -4.58557 19.9776 3.2
      vertex -6 25 3.2
      vertex -4.58557 -19.9776 3.2
    endloop
  endfacet
  facet normal 0 0 1
    outer loop
      vertex -6 25 3.2
      vertex -4.60869 20.0806 3.2
      vertex -4.62673 20.1845 3.2
    endloop
  endfacet
  facet normal 0 0 1
    outer loop
      vertex -6 -25 3.2
      vertex -4.58557 -19.9776 3.2
      vertex -6 25 3.2
    endloop
  endfacet
  facet normal 0 0 1
    outer loop
      vertex -6 25 3.2
      vertex -4.62673 20.1845 3.2
      vertex -4.63965 20.2893 3.2
    endloop
  endfacet
  facet normal 0 0 1
    outer loop
      vertex -4.58557 -19.9776 3.2
      vertex -6 -25 3.2
      vertex -4.60869 -20.0806 3.2
    endloop
  endfacet
  facet normal 0 0 1
    outer loop
      vertex -6 25 3.2
      vertex -4.63965 20.2893 3.2
      vertex -4.64741 20.3945 3.2
    endloop
  endfacet
  facet normal 0 0 1
    outer loop
      vertex -4.60869 -20.0806 3.2
      vertex -6 -25 3.2
      vertex -4.62673 -20.1845 3.2
    endloop
  endfacet
  facet normal 0 0 1
    outer loop
      vertex -6 25 3.2
      vertex -4.64741 20.3945 3.2
      vertex -4.65 20.5 3.2
    endloop
  endfacet
  facet normal 0 0 1
    outer loop
      vertex -4.62673 -20.1845 3.2
      vertex -6 -25 3.2
      vertex -4.63965 -20.2893 3.2
    endloop
  endfacet
  facet normal 0 0 1
    outer loop
      vertex 1.5 -9 3.2
      vertex 0.5 -9 3.2
      vertex 1.5 -9.32882 3.2
    endloop
  endfacet
  facet normal 0 0 1
    outer loop
      vertex 27.6267 20.1845 3.2
      vertex 29 25 3.2
      vertex 27.6396 20.2893 3.2
    endloop
  endfacet
  facet normal 0 0 1
    outer loop
      vertex 29 -25 3.2
      vertex 27.6474 -20.3945 3.2
      vertex 27.65 -20.5 3.2
    endloop
  endfacet
  facet normal 0 0 1
    outer loop
      vertex 27.6087 20.0806 3.2
      vertex 29 25 3.2
      vertex 27.6267 20.1845 3.2
    endloop
  endfacet
  facet normal 0 0 1
    outer loop
      vertex 29 -25 3.2
      vertex 27.6396 -20.2893 3.2
      vertex 27.6474 -20.3945 3.2
    endloop
  endfacet
  facet normal 0 0 1
    outer loop
      vertex 27.5856 19.9776 3.2
      vertex 29 25 3.2
      vertex 27.6087 20.0806 3.2
    endloop
  endfacet
  facet normal 0 0 1
    outer loop
      vertex 29 -25 3.2
      vertex 27.6267 -20.1845 3.2
      vertex 27.6396 -20.2893 3.2
    endloop
  endfacet
  facet normal 0 0 1
    outer loop
      vertex 29 25 3.2
      vertex 27.5856 19.9776 3.2
      vertex 29 -25 3.2
    endloop
  endfacet
  facet normal 0 0 1
    outer loop
      vertex 29 -25 3.2
      vertex 27.6087 -20.0806 3.2
      vertex 27.6267 -20.1845 3.2
    endloop
  endfacet
  facet normal -0 0 1
    outer loop
      vertex 27.5856 -19.9776 3.2
      vertex 29 -25 3.2
      vertex 27.5856 19.9776 3.2
    endloop
  endfacet
  facet normal 0 0 1
    outer loop
      vertex 29 -25 3.2
      vertex 27.5856 -19.9776 3.2
      vertex 27.6087 -20.0806 3.2
    endloop
  endfacet
  facet normal -0 0 1
    outer loop
      vertex 27.5574 19.8759 3.2
      vertex 27.5856 -19.9776 3.2
      vertex 27.5856 19.9776 3.2
    endloop
  endfacet
  facet normal 0 0 1
    outer loop
      vertex 27.5574 19.8759 3.2
      vertex 27.5574 -19.8759 3.2
      vertex 27.5856 -19.9776 3.2
    endloop
  endfacet
  facet normal -0 0 1
    outer loop
      vertex 27.5243 19.7757 3.2
      vertex 27.5574 -19.8759 3.2
      vertex 27.5574 19.8759 3.2
    endloop
  endfacet
  facet normal 0 0 1
    outer loop
      vertex 27.5243 19.7757 3.2
      vertex 27.5243 -19.7757 3.2
      vertex 27.5574 -19.8759 3.2
    endloop
  endfacet
  facet normal -0 0 1
    outer loop
      vertex 27.4863 19.6772 3.2
      vertex 27.5243 -19.7757 3.2
      vertex 27.5243 19.7757 3.2
    endloop
  endfacet
  facet normal 0 0 1
    outer loop
      vertex 27.4863 19.6772 3.2
      vertex 27.4863 -19.6772 3.2
      vertex 27.5243 -19.7757 3.2
    endloop
  endfacet
  facet normal -0 0 1
    outer loop
      vertex 27.4436 19.5808 3.2
      vertex 27.4863 -19.6772 3.2
      vertex 27.4863 19.6772 3.2
    endloop
  endfacet
  facet normal 0 0 1
    outer loop
      vertex 27.4436 19.5808 3.2
      vertex 27.4436 -19.5808 3.2
      vertex 27.4863 -19.6772 3.2
    endloop
  endfacet
  facet normal -0 0 1
    outer loop
      vertex 27.3961 19.4865 3.2
      vertex 27.4436 -19.5808 3.2
      vertex 27.4436 19.5808 3.2
    endloop
  endfacet
  facet normal 0 0 1
    outer loop
      vertex 27.3961 19.4865 3.2
      vertex 27.3961 -19.4865 3.2
      vertex 27.4436 -19.5808 3.2
    endloop
  endfacet
  facet normal 0 0 1
    outer loop
      vertex 23.5 9 3.2
      vertex 27.3961 19.4865 3.2
      vertex 27.3441 19.3947 3.2
    endloop
  endfacet
  facet normal 0 0 1
    outer loop
      vertex 27.3961 19.4865 3.2
      vertex 23.5 9 3.2
      vertex 27.3961 -19.4865 3.2
    endloop
  endfacet
  facet normal 0 0 1
    outer loop
      vertex 23.5 9 3.2
      vertex 27.3441 19.3947 3.2
      vertex 27.2877 19.3055 3.2
    endloop
  endfacet
  facet normal -0 0 1
    outer loop
      vertex 23.5 -9 3.2
      vertex 27.3961 -19.4865 3.2
      vertex 23.5 9 3.2
    endloop
  endfacet
  facet normal 0 0 1
    outer loop
      vertex 23.5 9 3.2
      vertex 27.2877 19.3055 3.2
      vertex 27.2269 19.2192 3.2
    endloop
  endfacet
  facet normal 0 0 1
    outer loop
      vertex 27.3961 -19.4865 3.2
      vertex 23.5 -9 3.2
      vertex 27.3441 -19.3947 3.2
    endloop
  endfacet
  facet normal 0 0 1
    outer loop
      vertex 23.5 9 3.2
      vertex 27.2269 19.2192 3.2
      vertex 27.162 19.1361 3.2
    endloop
  endfacet
  facet normal 0 0 1
    outer loop
      vertex 27.3441 -19.3947 3.2
      vertex 23.5 -9 3.2
      vertex 27.2877 -19.3055 3.2
    endloop
  endfacet
  facet normal 0 0 1
    outer loop
      vertex 23.5 9 3.2
      vertex 27.162 19.1361 3.2
      vertex 27.093 19.0561 3.2
    endloop
  endfacet
  facet normal 0 0 1
    outer loop
      vertex 27.2877 -19.3055 3.2
      vertex 23.5 -9 3.2
      vertex 27.2269 -19.2192 3.2
    endloop
  endfacet
  facet normal 0 0 1
    outer loop
      vertex 23.5 9 3.2
      vertex 27.093 19.0561 3.2
      vertex 27.0203 18.9797 3.2
    endloop
  endfacet
  facet normal 0 0 1
    outer loop
      vertex 27.2269 -19.2192 3.2
      vertex 23.5 -9 3.2
      vertex 27.162 -19.1361 3.2
    endloop
  endfacet
  facet normal 0 0 1
    outer loop
      vertex 23.5 9 3.2
      vertex 27.0203 18.9797 3.2
      vertex 26.9439 18.907 3.2
    endloop
  endfacet
  facet normal 0 0 1
    outer loop
      vertex 27.162 -19.1361 3.2
      vertex 23.5 -9 3.2
      vertex 27.093 -19.0561 3.2
    endloop
  endfacet
  facet normal 0 0 1
    outer loop
      vertex 23.5 9 3.2
      vertex 26.9439 18.907 3.2
      vertex 26.8639 18.838 3.2
    endloop
  endfacet
  facet normal 0 0 1
    outer loop
      vertex 27.093 -19.0561 3.2
      vertex 23.5 -9 3.2
      vertex 27.0203 -18.9797 3.2
    endloop
  endfacet
  facet normal 0 0 1
    outer loop
      vertex 23.5 9 3.2
      vertex 26.8639 18.838 3.2
      vertex 26.7808 18.7731 3.2
    endloop
  endfacet
  facet normal 0 0 1
    outer loop
      vertex 27.0203 -18.9797 3.2
      vertex 23.5 -9 3.2
      vertex 26.9439 -18.907 3.2
    endloop
  endfacet
  facet normal 0 0 1
    outer loop
      vertex 23.5 9 3.2
      vertex 26.7808 18.7731 3.2
      vertex 26.6945 18.7123 3.2
    endloop
  endfacet
  facet normal 0 0 1
    outer loop
      vertex 26.9439 -18.907 3.2
      vertex 23.5 -9 3.2
      vertex 26.8639 -18.838 3.2
    endloop
  endfacet
  facet normal 0 0 1
    outer loop
      vertex 23.5 9 3.2
      vertex 26.6945 18.7123 3.2
      vertex 26.6053 18.6559 3.2
    endloop
  endfacet
  facet normal 0 0 1
    outer loop
      vertex 26.8639 -18.838 3.2
      vertex 23.5 -9 3.2
      vertex 26.7808 -18.7731 3.2
    endloop
  endfacet
  facet normal 0 0 1
    outer loop
      vertex 23.5 9 3.2
      vertex 26.6053 18.6559 3.2
      vertex 26.5135 18.6039 3.2
    endloop
  endfacet
  facet normal 0 0 1
    outer loop
      vertex 26.7808 -18.7731 3.2
      vertex 23.5 -9 3.2
      vertex 26.6945 -18.7123 3.2
    endloop
  endfacet
  facet normal 0 0 1
    outer loop
      vertex 23.5 9 3.2
      vertex 26.5135 18.6039 3.2
      vertex 26.4192 18.5564 3.2
    endloop
  endfacet
  facet normal 0 0 1
    outer loop
      vertex 26.6945 -18.7123 3.2
      vertex 23.5 -9 3.2
      vertex 26.6053 -18.6559 3.2
    endloop
  endfacet
  facet normal 0 0 1
    outer loop
      vertex 23.5 9 3.2
      vertex 26.4192 18.5564 3.2
      vertex 26.3228 18.5137 3.2
    endloop
  endfacet
  facet normal 0 0 1
    outer loop
      vertex 26.6053 -18.6559 3.2
      vertex 23.5 -9 3.2
      vertex 26.5135 -18.6039 3.2
    endloop
  endfacet
  facet normal 0 0 1
    outer loop
      vertex 23.5 9 3.2
      vertex 26.3228 18.5137 3.2
      vertex 26.2243 18.4757 3.2
    endloop
  endfacet
  facet normal 0 0 1
    outer loop
      vertex 26.5135 -18.6039 3.2
      vertex 23.5 -9 3.2
      vertex 26.4192 -18.5564 3.2
    endloop
  endfacet
  facet normal 0 0 1
    outer loop
      vertex 23.5 9 3.2
      vertex 26.2243 18.4757 3.2
      vertex 26.1241 18.4426 3.2
    endloop
  endfacet
  facet normal 0 0 1
    outer loop
      vertex 26.4192 -18.5564 3.2
      vertex 23.5 -9 3.2
      vertex 26.3228 -18.5137 3.2
    endloop
  endfacet
  facet normal 0 0 1
    outer loop
      vertex 23.5 9 3.2
      vertex 26.1241 18.4426 3.2
      vertex 26.0224 18.4144 3.2
    endloop
  endfacet
  facet normal 0 0 1
    outer loop
      vertex 26.3228 -18.5137 3.2
      vertex 23.5 -9 3.2
      vertex 26.2243 -18.4757 3.2
    endloop
  endfacet
  facet normal 0 0 1
    outer loop
      vertex 23.5 9 3.2
      vertex 26.0224 18.4144 3.2
      vertex 25.9194 18.3913 3.2
    endloop
  endfacet
  facet normal 0 0 1
    outer loop
      vertex 26.2243 -18.4757 3.2
      vertex 23.5 -9 3.2
      vertex 26.1241 -18.4426 3.2
    endloop
  endfacet
  facet normal 0 0 1
    outer loop
      vertex 23.5 9 3.2
      vertex 25.9194 18.3913 3.2
      vertex 25.8155 18.3733 3.2
    endloop
  endfacet
  facet normal 0 0 1
    outer loop
      vertex 26.1241 -18.4426 3.2
      vertex 23.5 -9 3.2
      vertex 26.0224 -18.4144 3.2
    endloop
  endfacet
  facet normal 0 0 1
    outer loop
      vertex 23.5 9 3.2
      vertex 25.8155 18.3733 3.2
      vertex 25.7107 18.3604 3.2
    endloop
  endfacet
  facet normal 0 0 1
    outer loop
      vertex 26.0224 -18.4144 3.2
      vertex 23.5 -9 3.2
      vertex 25.9194 -18.3913 3.2
    endloop
  endfacet
  facet normal 0 0 1
    outer loop
      vertex 23.5 9 3.2
      vertex 25.7107 18.3604 3.2
      vertex 25.6055 18.3526 3.2
    endloop
  endfacet
  facet normal 0 0 1
    outer loop
      vertex 25.9194 -18.3913 3.2
      vertex 23.5 -9 3.2
      vertex 25.8155 -18.3733 3.2
    endloop
  endfacet
  facet normal 0 0 1
    outer loop
      vertex 23.5 9 3.2
      vertex 25.6055 18.3526 3.2
      vertex 25.5 18.35 3.2
    endloop
  endfacet
  facet normal 0 0 1
    outer loop
      vertex 25.8155 -18.3733 3.2
      vertex 23.5 -9 3.2
      vertex 25.7107 -18.3604 3.2
    endloop
  endfacet
  facet normal 0 0 1
    outer loop
      vertex 23.5 9 3.2
      vertex 25.5 18.35 3.2
      vertex 25.3945 18.3526 3.2
    endloop
  endfacet
  facet normal 0 0 1
    outer loop
      vertex 25.7107 -18.3604 3.2
      vertex 23.5 -9 3.2
      vertex 25.6055 -18.3526 3.2
    endloop
  endfacet
  facet normal 0 0 1
    outer loop
      vertex 23.5 9 3.2
      vertex 25.3945 18.3526 3.2
      vertex 25.2893 18.3604 3.2
    endloop
  endfacet
  facet normal 0 0 1
    outer loop
      vertex 25.6055 -18.3526 3.2
      vertex 23.5 -9 3.2
      vertex 25.5 -18.35 3.2
    endloop
  endfacet
  facet normal 0 0 1
    outer loop
      vertex 23.5 9 3.2
      vertex 25.2893 18.3604 3.2
      vertex 25.1845 18.3733 3.2
    endloop
  endfacet
  facet normal 0 0 1
    outer loop
      vertex 25.5 -18.35 3.2
      vertex 23.5 -9 3.2
      vertex 25.3945 -18.3526 3.2
    endloop
  endfacet
  facet normal 0 0 1
    outer loop
      vertex 22.5 9.32882 3.2
      vertex 25.1845 18.3733 3.2
      vertex 25.0806 18.3913 3.2
    endloop
  endfacet
  facet normal 0 0 1
    outer loop
      vertex 25.3945 -18.3526 3.2
      vertex 23.5 -9 3.2
      vertex 25.2893 -18.3604 3.2
    endloop
  endfacet
  facet normal 0 0 1
    outer loop
      vertex 22.5 9.32882 3.2
      vertex 25.0806 18.3913 3.2
      vertex 24.9776 18.4144 3.2
    endloop
  endfacet
  facet normal 0 0 1
    outer loop
      vertex 25.2893 -18.3604 3.2
      vertex 23.5 -9 3.2
      vertex 25.1845 -18.3733 3.2
    endloop
  endfacet
  facet normal 0 0 1
    outer loop
      vertex 22.5 9.32882 3.2
      vertex 24.9776 18.4144 3.2
      vertex 24.8759 18.4426 3.2
    endloop
  endfacet
  facet normal -0 0 1
    outer loop
      vertex 22.5 -9.32882 3.2
      vertex 25.1845 -18.3733 3.2
      vertex 23.5 -9 3.2
    endloop
  endfacet
  facet normal 0 0 1
    outer loop
      vertex 22.5 9.32882 3.2
      vertex 24.8759 18.4426 3.2
      vertex 24.7757 18.4757 3.2
    endloop
  endfacet
  facet normal 0 0 1
    outer loop
      vertex 25.1845 -18.3733 3.2
      vertex 22.5 -9.32882 3.2
      vertex 25.0806 -18.3913 3.2
    endloop
  endfacet
  facet normal 0 0 1
    outer loop
      vertex 22.5 9.32882 3.2
      vertex 24.7757 18.4757 3.2
      vertex 24.6772 18.5137 3.2
    endloop
  endfacet
  facet normal 0 0 1
    outer loop
      vertex 25.0806 -18.3913 3.2
      vertex 22.5 -9.32882 3.2
      vertex 24.9776 -18.4144 3.2
    endloop
  endfacet
  facet normal 0 0 1
    outer loop
      vertex 22.5 9.32882 3.2
      vertex 24.6772 18.5137 3.2
      vertex 24.5808 18.5564 3.2
    endloop
  endfacet
  facet normal 0 0 1
    outer loop
      vertex 24.9776 -18.4144 3.2
      vertex 22.5 -9.32882 3.2
      vertex 24.8759 -18.4426 3.2
    endloop
  endfacet
  facet normal 0 0 1
    outer loop
      vertex 22.5 9.32882 3.2
      vertex 24.5808 18.5564 3.2
      vertex 24.4865 18.6039 3.2
    endloop
  endfacet
  facet normal 0 0 1
    outer loop
      vertex 24.8759 -18.4426 3.2
      vertex 22.5 -9.32882 3.2
      vertex 24.7757 -18.4757 3.2
    endloop
  endfacet
  facet normal 0 0 1
    outer loop
      vertex 22.5 9.32882 3.2
      vertex 24.4865 18.6039 3.2
      vertex 24.3947 18.6559 3.2
    endloop
  endfacet
  facet normal 0 0 1
    outer loop
      vertex 24.7757 -18.4757 3.2
      vertex 22.5 -9.32882 3.2
      vertex 24.6772 -18.5137 3.2
    endloop
  endfacet
  facet normal 0 0 1
    outer loop
      vertex 22.5 9.32882 3.2
      vertex 24.3947 18.6559 3.2
      vertex 24.3055 18.7123 3.2
    endloop
  endfacet
  facet normal 0 0 1
    outer loop
      vertex 24.6772 -18.5137 3.2
      vertex 22.5 -9.32882 3.2
      vertex 24.5808 -18.5564 3.2
    endloop
  endfacet
  facet normal 0 0 1
    outer loop
      vertex 22.5 9.32882 3.2
      vertex 24.3055 18.7123 3.2
      vertex 24.2192 18.7731 3.2
    endloop
  endfacet
  facet normal 0 0 1
    outer loop
      vertex 24.5808 -18.5564 3.2
      vertex 22.5 -9.32882 3.2
      vertex 24.4865 -18.6039 3.2
    endloop
  endfacet
  facet normal 0 0 1
    outer loop
      vertex 22.5 9.32882 3.2
      vertex 24.2192 18.7731 3.2
      vertex 24.1361 18.838 3.2
    endloop
  endfacet
  facet normal 0 0 1
    outer loop
      vertex 24.4865 -18.6039 3.2
      vertex 22.5 -9.32882 3.2
      vertex 24.3947 -18.6559 3.2
    endloop
  endfacet
  facet normal 0 0 1
    outer loop
      vertex 22.5 9.32882 3.2
      vertex 24.1361 18.838 3.2
      vertex 24.0561 18.907 3.2
    endloop
  endfacet
  facet normal 0 0 1
    outer loop
      vertex 24.3947 -18.6559 3.2
      vertex 22.5 -9.32882 3.2
      vertex 24.3055 -18.7123 3.2
    endloop
  endfacet
  facet normal 0 0 1
    outer loop
      vertex 22.5 9.32882 3.2
      vertex 24.0561 18.907 3.2
      vertex 23.9797 18.9797 3.2
    endloop
  endfacet
  facet normal 0 0 1
    outer loop
      vertex 24.3055 -18.7123 3.2
      vertex 22.5 -9.32882 3.2
      vertex 24.2192 -18.7731 3.2
    endloop
  endfacet
  facet normal 0 0 1
    outer loop
      vertex 22.5 9.32882 3.2
      vertex 23.9797 18.9797 3.2
      vertex 23.907 19.0561 3.2
    endloop
  endfacet
  facet normal 0 0 1
    outer loop
      vertex 24.2192 -18.7731 3.2
      vertex 22.5 -9.32882 3.2
      vertex 24.1361 -18.838 3.2
    endloop
  endfacet
  facet normal 0 0 1
    outer loop
      vertex 22.5 9.32882 3.2
      vertex 23.907 19.0561 3.2
      vertex 23.838 19.1361 3.2
    endloop
  endfacet
  facet normal 0 0 1
    outer loop
      vertex 24.1361 -18.838 3.2
      vertex 22.5 -9.32882 3.2
      vertex 24.0561 -18.907 3.2
    endloop
  endfacet
  facet normal 0 0 1
    outer loop
      vertex 23.4426 19.8759 3.2
      vertex 15.7662 19.8524 3.2
      vertex 23.4757 19.7757 3.2
    endloop
  endfacet
  facet normal 0 0 1
    outer loop
      vertex 24.0561 -18.907 3.2
      vertex 22.5 -9.32882 3.2
      vertex 23.9797 -18.9797 3.2
    endloop
  endfacet
  facet normal 0 0 1
    outer loop
      vertex 15.7662 19.8524 3.2
      vertex 23.4426 19.8759 3.2
      vertex 15.8278 20.0389 3.2
    endloop
  endfacet
  facet normal -0 0 1
    outer loop
      vertex 15.092 -18.6624 3.2
      vertex 23.9797 -18.9797 3.2
      vertex 22.5 -9.32882 3.2
    endloop
  endfacet
  facet normal 0 0 1
    outer loop
      vertex 23.4144 19.9776 3.2
      vertex 15.8278 20.0389 3.2
      vertex 23.4426 19.8759 3.2
    endloop
  endfacet
  facet normal 0 0 1
    outer loop
      vertex 23.9797 -18.9797 3.2
      vertex 15.092 -18.6624 3.2
      vertex 23.907 -19.0561 3.2
    endloop
  endfacet
  facet normal -0 0 1
    outer loop
      vertex 15.8278 20.0389 3.2
      vertex 23.4144 19.9776 3.2
      vertex 15.8801 20.2281 3.2
    endloop
  endfacet
  facet normal -0 -0 1
    outer loop
      vertex 15.2128 -18.8172 3.2
      vertex 23.907 -19.0561 3.2
      vertex 15.092 -18.6624 3.2
    endloop
  endfacet
  facet normal 0 0 1
    outer loop
      vertex 23.3913 20.0806 3.2
      vertex 15.8801 20.2281 3.2
      vertex 23.4144 19.9776 3.2
    endloop
  endfacet
  facet normal 0 0 1
    outer loop
      vertex 15.9952 -21.0037 3.2
      vertex 23.7731 -19.2192 3.2
      vertex 23.838 -19.1361 3.2
    endloop
  endfacet
  facet normal -0 0 1
    outer loop
      vertex 15.8801 20.2281 3.2
      vertex 23.3913 20.0806 3.2
      vertex 15.9231 20.4196 3.2
    endloop
  endfacet
  facet normal 0 0 1
    outer loop
      vertex 15.9952 -21.0037 3.2
      vertex 23.7123 -19.3055 3.2
      vertex 23.7731 -19.2192 3.2
    endloop
  endfacet
  facet normal 0 0 1
    outer loop
      vertex 15.9952 -21.0037 3.2
      vertex 23.6559 -19.3947 3.2
      vertex 23.7123 -19.3055 3.2
    endloop
  endfacet
  facet normal 0 0 1
    outer loop
      vertex 23.3733 20.1845 3.2
      vertex 15.9231 20.4196 3.2
      vertex 23.3913 20.0806 3.2
    endloop
  endfacet
  facet normal 0 0 1
    outer loop
      vertex 23.3604 20.2893 3.2
      vertex 15.9231 20.4196 3.2
      vertex 23.3733 20.1845 3.2
    endloop
  endfacet
  facet normal -0 0 1
    outer loop
      vertex 15.9231 20.4196 3.2
      vertex 23.3604 20.2893 3.2
      vertex 15.9567 20.6131 3.2
    endloop
  endfacet
  facet normal 0 0 1
    outer loop
      vertex 23.3526 20.3945 3.2
      vertex 15.9567 20.6131 3.2
      vertex 23.3604 20.2893 3.2
    endloop
  endfacet
  facet normal -0 0 1
    outer loop
      vertex 15.9567 20.6131 3.2
      vertex 23.3526 20.3945 3.2
      vertex 15.9807 20.8079 3.2
    endloop
  endfacet
  facet normal 0 0 1
    outer loop
      vertex 23.35 20.5 3.2
      vertex 15.9807 20.8079 3.2
      vertex 23.3526 20.3945 3.2
    endloop
  endfacet
  facet normal -0 0 1
    outer loop
      vertex 15.9807 20.8079 3.2
      vertex 23.35 20.5 3.2
      vertex 15.9952 21.0037 3.2
    endloop
  endfacet
  facet normal 0 0 1
    outer loop
      vertex 23.3526 20.6055 3.2
      vertex 15.9952 21.0037 3.2
      vertex 23.35 20.5 3.2
    endloop
  endfacet
  facet normal 0 0 1
    outer loop
      vertex 25.1845 18.3733 3.2
      vertex 22.5 9.32882 3.2
      vertex 23.5 9 3.2
    endloop
  endfacet
  facet normal 0 0 1
    outer loop
      vertex 23.5 9 3.2
      vertex 22.5 9.32882 3.2
      vertex 22.5 9 3.2
    endloop
  endfacet
  facet normal 0 0 1
    outer loop
      vertex 27.6474 20.3945 3.2
      vertex 29 25 3.2
      vertex 27.65 20.5 3.2
    endloop
  endfacet
  facet normal 0 0 1
    outer loop
      vertex 29 25 3.2
      vertex 27.6474 20.6055 3.2
      vertex 27.65 20.5 3.2
    endloop
  endfacet
  facet normal 0 0 1
    outer loop
      vertex 29 25 3.2
      vertex 27.6396 20.7107 3.2
      vertex 27.6474 20.6055 3.2
    endloop
  endfacet
  facet normal 0 0 1
    outer loop
      vertex 29 25 3.2
      vertex 27.6267 20.8155 3.2
      vertex 27.6396 20.7107 3.2
    endloop
  endfacet
  facet normal 0 0 1
    outer loop
      vertex 29 25 3.2
      vertex 27.6087 20.9194 3.2
      vertex 27.6267 20.8155 3.2
    endloop
  endfacet
  facet normal 0 0 1
    outer loop
      vertex 29 25 3.2
      vertex 27.5856 21.0224 3.2
      vertex 27.6087 20.9194 3.2
    endloop
  endfacet
  facet normal 0 0 1
    outer loop
      vertex 29 25 3.2
      vertex 27.5574 21.1241 3.2
      vertex 27.5856 21.0224 3.2
    endloop
  endfacet
  facet normal 0 0 1
    outer loop
      vertex 29 25 3.2
      vertex 27.5243 21.2243 3.2
      vertex 27.5574 21.1241 3.2
    endloop
  endfacet
  facet normal 0 0 1
    outer loop
      vertex 29 25 3.2
      vertex 27.4863 21.3228 3.2
      vertex 27.5243 21.2243 3.2
    endloop
  endfacet
  facet normal 0 0 1
    outer loop
      vertex 29 25 3.2
      vertex 27.4436 21.4192 3.2
      vertex 27.4863 21.3228 3.2
    endloop
  endfacet
  facet normal 0 0 1
    outer loop
      vertex 29 25 3.2
      vertex 27.3961 21.5135 3.2
      vertex 27.4436 21.4192 3.2
    endloop
  endfacet
  facet normal 0 0 1
    outer loop
      vertex 29 25 3.2
      vertex 27.3441 21.6053 3.2
      vertex 27.3961 21.5135 3.2
    endloop
  endfacet
  facet normal 0 0 1
    outer loop
      vertex 29 25 3.2
      vertex 27.2877 21.6945 3.2
      vertex 27.3441 21.6053 3.2
    endloop
  endfacet
  facet normal 0 0 1
    outer loop
      vertex 29 25 3.2
      vertex 27.2269 21.7808 3.2
      vertex 27.2877 21.6945 3.2
    endloop
  endfacet
  facet normal 0 0 1
    outer loop
      vertex 29 25 3.2
      vertex 27.162 21.8639 3.2
      vertex 27.2269 21.7808 3.2
    endloop
  endfacet
  facet normal 0 0 1
    outer loop
      vertex 29 25 3.2
      vertex 27.093 21.9439 3.2
      vertex 27.162 21.8639 3.2
    endloop
  endfacet
  facet normal 0 0 1
    outer loop
      vertex 29 25 3.2
      vertex 27.0203 22.0203 3.2
      vertex 27.093 21.9439 3.2
    endloop
  endfacet
  facet normal 0 0 1
    outer loop
      vertex 29 25 3.2
      vertex 26.9439 22.093 3.2
      vertex 27.0203 22.0203 3.2
    endloop
  endfacet
  facet normal 0 0 1
    outer loop
      vertex 29 25 3.2
      vertex 26.8639 22.162 3.2
      vertex 26.9439 22.093 3.2
    endloop
  endfacet
  facet normal 0 0 1
    outer loop
      vertex 29 25 3.2
      vertex 26.7808 22.2269 3.2
      vertex 26.8639 22.162 3.2
    endloop
  endfacet
  facet normal 0 0 1
    outer loop
      vertex 29 25 3.2
      vertex 26.6945 22.2877 3.2
      vertex 26.7808 22.2269 3.2
    endloop
  endfacet
  facet normal 0 0 1
    outer loop
      vertex 29 25 3.2
      vertex 26.6053 22.3441 3.2
      vertex 26.6945 22.2877 3.2
    endloop
  endfacet
  facet normal 0 0 1
    outer loop
      vertex 29 25 3.2
      vertex 26.5135 22.3961 3.2
      vertex 26.6053 22.3441 3.2
    endloop
  endfacet
  facet normal 0 0 1
    outer loop
      vertex 29 25 3.2
      vertex 26.4192 22.4436 3.2
      vertex 26.5135 22.3961 3.2
    endloop
  endfacet
  facet normal 0 0 1
    outer loop
      vertex 29 25 3.2
      vertex 26.3228 22.4863 3.2
      vertex 26.4192 22.4436 3.2
    endloop
  endfacet
  facet normal 0 0 1
    outer loop
      vertex 29 25 3.2
      vertex 26.2243 22.5243 3.2
      vertex 26.3228 22.4863 3.2
    endloop
  endfacet
  facet normal 0 0 1
    outer loop
      vertex 29 25 3.2
      vertex 26.1241 22.5574 3.2
      vertex 26.2243 22.5243 3.2
    endloop
  endfacet
  facet normal 0 0 1
    outer loop
      vertex 29 25 3.2
      vertex 26.0224 22.5856 3.2
      vertex 26.1241 22.5574 3.2
    endloop
  endfacet
  facet normal 0 0 1
    outer loop
      vertex 29 25 3.2
      vertex 25.9194 22.6087 3.2
      vertex 26.0224 22.5856 3.2
    endloop
  endfacet
  facet normal 0 0 1
    outer loop
      vertex 29 25 3.2
      vertex 25.8155 22.6267 3.2
      vertex 25.9194 22.6087 3.2
    endloop
  endfacet
  facet normal 0 0 1
    outer loop
      vertex 29 25 3.2
      vertex 25.7107 22.6396 3.2
      vertex 25.8155 22.6267 3.2
    endloop
  endfacet
  facet normal 0 0 1
    outer loop
      vertex 29 25 3.2
      vertex 25.6055 22.6474 3.2
      vertex 25.7107 22.6396 3.2
    endloop
  endfacet
  facet normal 0 0 1
    outer loop
      vertex 29 25 3.2
      vertex 25.5 22.65 3.2
      vertex 25.6055 22.6474 3.2
    endloop
  endfacet
  facet normal 0 0 1
    outer loop
      vertex 29 25 3.2
      vertex 25.3945 22.6474 3.2
      vertex 25.5 22.65 3.2
    endloop
  endfacet
  facet normal 0 0 1
    outer loop
      vertex 29 25 3.2
      vertex 25.2893 22.6396 3.2
      vertex 25.3945 22.6474 3.2
    endloop
  endfacet
  facet normal 0 0 1
    outer loop
      vertex 29 25 3.2
      vertex 25.1845 22.6267 3.2
      vertex 25.2893 22.6396 3.2
    endloop
  endfacet
  facet normal 0 0 1
    outer loop
      vertex 29 25 3.2
      vertex 25.0806 22.6087 3.2
      vertex 25.1845 22.6267 3.2
    endloop
  endfacet
  facet normal 0 0 1
    outer loop
      vertex 29 25 3.2
      vertex 24.9776 22.5856 3.2
      vertex 25.0806 22.6087 3.2
    endloop
  endfacet
  facet normal 0 0 1
    outer loop
      vertex 29 25 3.2
      vertex 24.8759 22.5574 3.2
      vertex 24.9776 22.5856 3.2
    endloop
  endfacet
  facet normal 0 0 1
    outer loop
      vertex 29 25 3.2
      vertex 24.7757 22.5243 3.2
      vertex 24.8759 22.5574 3.2
    endloop
  endfacet
  facet normal -0 0 1
    outer loop
      vertex 14.5376 24.292 3.2
      vertex 24.7757 22.5243 3.2
      vertex 29 25 3.2
    endloop
  endfacet
  facet normal 0 0 1
    outer loop
      vertex 24.7757 22.5243 3.2
      vertex 14.5376 24.292 3.2
      vertex 24.6772 22.4863 3.2
    endloop
  endfacet
  facet normal -0 -0 1
    outer loop
      vertex 14.6862 24.1638 3.2
      vertex 24.6772 22.4863 3.2
      vertex 14.5376 24.292 3.2
    endloop
  endfacet
  facet normal 0 0 1
    outer loop
      vertex 24.6772 22.4863 3.2
      vertex 14.6862 24.1638 3.2
      vertex 24.5808 22.4436 3.2
    endloop
  endfacet
  facet normal 0 0 1
    outer loop
      vertex 23.3604 20.7107 3.2
      vertex 15.9952 21.0037 3.2
      vertex 23.3526 20.6055 3.2
    endloop
  endfacet
  facet normal -0 0 1
    outer loop
      vertex 15.9952 21.0037 3.2
      vertex 23.3604 20.7107 3.2
      vertex 16 21.2 3.2
    endloop
  endfacet
  facet normal 0 0 1
    outer loop
      vertex 23.4757 19.7757 3.2
      vertex 15.7662 19.8524 3.2
      vertex 23.5137 19.6772 3.2
    endloop
  endfacet
  facet normal 0 0 1
    outer loop
      vertex 23.3733 20.8155 3.2
      vertex 16 21.2 3.2
      vertex 23.3604 20.7107 3.2
    endloop
  endfacet
  facet normal 0 0 1
    outer loop
      vertex 15.9952 21.3963 3.2
      vertex 23.3733 20.8155 3.2
      vertex 23.3913 20.9194 3.2
    endloop
  endfacet
  facet normal 0 0 1
    outer loop
      vertex 15.9952 21.3963 3.2
      vertex 23.3913 20.9194 3.2
      vertex 23.4144 21.0224 3.2
    endloop
  endfacet
  facet normal 0 0 1
    outer loop
      vertex 15.9807 21.5921 3.2
      vertex 23.4144 21.0224 3.2
      vertex 23.4426 21.1241 3.2
    endloop
  endfacet
  facet normal 0 0 1
    outer loop
      vertex 15.9567 21.7869 3.2
      vertex 23.4426 21.1241 3.2
      vertex 23.4757 21.2243 3.2
    endloop
  endfacet
  facet normal 0 0 1
    outer loop
      vertex 15.9231 21.9804 3.2
      vertex 23.4757 21.2243 3.2
      vertex 23.5137 21.3228 3.2
    endloop
  endfacet
  facet normal 0 0 1
    outer loop
      vertex 15.8801 22.1719 3.2
      vertex 23.5137 21.3228 3.2
      vertex 23.5564 21.4192 3.2
    endloop
  endfacet
  facet normal 0 0 1
    outer loop
      vertex 15.8801 22.1719 3.2
      vertex 23.5564 21.4192 3.2
      vertex 23.6039 21.5135 3.2
    endloop
  endfacet
  facet normal 0 0 1
    outer loop
      vertex 15.8278 22.3611 3.2
      vertex 23.6039 21.5135 3.2
      vertex 23.6559 21.6053 3.2
    endloop
  endfacet
  facet normal 0 0 1
    outer loop
      vertex 15.7662 22.5476 3.2
      vertex 23.6559 21.6053 3.2
      vertex 23.7123 21.6945 3.2
    endloop
  endfacet
  facet normal 0 0 1
    outer loop
      vertex 15.6955 22.7307 3.2
      vertex 23.7123 21.6945 3.2
      vertex 23.7731 21.7808 3.2
    endloop
  endfacet
  facet normal 0 0 1
    outer loop
      vertex 15.6955 22.7307 3.2
      vertex 23.7731 21.7808 3.2
      vertex 23.838 21.8639 3.2
    endloop
  endfacet
  facet normal 0 0 1
    outer loop
      vertex 15.616 22.9102 3.2
      vertex 23.838 21.8639 3.2
      vertex 23.907 21.9439 3.2
    endloop
  endfacet
  facet normal 0 0 1
    outer loop
      vertex 15.5277 23.0856 3.2
      vertex 23.907 21.9439 3.2
      vertex 23.9797 22.0203 3.2
    endloop
  endfacet
  facet normal 0 0 1
    outer loop
      vertex 15.4309 23.2564 3.2
      vertex 23.9797 22.0203 3.2
      vertex 24.0561 22.093 3.2
    endloop
  endfacet
  facet normal 0 0 1
    outer loop
      vertex 15.3259 23.4223 3.2
      vertex 24.0561 22.093 3.2
      vertex 24.1361 22.162 3.2
    endloop
  endfacet
  facet normal 0 0 1
    outer loop
      vertex 15.3259 23.4223 3.2
      vertex 24.1361 22.162 3.2
      vertex 24.2192 22.2269 3.2
    endloop
  endfacet
  facet normal 0 0 1
    outer loop
      vertex 15.2128 23.5828 3.2
      vertex 24.2192 22.2269 3.2
      vertex 24.3055 22.2877 3.2
    endloop
  endfacet
  facet normal 0 0 1
    outer loop
      vertex 15.092 23.7376 3.2
      vertex 24.3055 22.2877 3.2
      vertex 24.3947 22.3441 3.2
    endloop
  endfacet
  facet normal -0 -0 1
    outer loop
      vertex 14.8284 24.0284 3.2
      vertex 24.5808 22.4436 3.2
      vertex 14.6862 24.1638 3.2
    endloop
  endfacet
  facet normal 0 0 1
    outer loop
      vertex 23.3733 20.8155 3.2
      vertex 15.9952 21.3963 3.2
      vertex 16 21.2 3.2
    endloop
  endfacet
  facet normal 0 0 1
    outer loop
      vertex 23.4144 21.0224 3.2
      vertex 15.9807 21.5921 3.2
      vertex 15.9952 21.3963 3.2
    endloop
  endfacet
  facet normal 0 0 1
    outer loop
      vertex 23.4426 21.1241 3.2
      vertex 15.9567 21.7869 3.2
      vertex 15.9807 21.5921 3.2
    endloop
  endfacet
  facet normal 0 0 1
    outer loop
      vertex 23.4757 21.2243 3.2
      vertex 15.9231 21.9804 3.2
      vertex 15.9567 21.7869 3.2
    endloop
  endfacet
  facet normal 0 0 1
    outer loop
      vertex 23.5137 21.3228 3.2
      vertex 15.8801 22.1719 3.2
      vertex 15.9231 21.9804 3.2
    endloop
  endfacet
  facet normal 0 0 1
    outer loop
      vertex 23.6039 21.5135 3.2
      vertex 15.8278 22.3611 3.2
      vertex 15.8801 22.1719 3.2
    endloop
  endfacet
  facet normal 0 0 1
    outer loop
      vertex 23.6559 21.6053 3.2
      vertex 15.7662 22.5476 3.2
      vertex 15.8278 22.3611 3.2
    endloop
  endfacet
  facet normal 0 0 1
    outer loop
      vertex 23.7123 21.6945 3.2
      vertex 15.6955 22.7307 3.2
      vertex 15.7662 22.5476 3.2
    endloop
  endfacet
  facet normal 0 0 1
    outer loop
      vertex 23.838 21.8639 3.2
      vertex 15.616 22.9102 3.2
      vertex 15.6955 22.7307 3.2
    endloop
  endfacet
  facet normal 0 0 1
    outer loop
      vertex 23.907 21.9439 3.2
      vertex 15.5277 23.0856 3.2
      vertex 15.616 22.9102 3.2
    endloop
  endfacet
  facet normal 0 0 1
    outer loop
      vertex 23.9797 22.0203 3.2
      vertex 15.4309 23.2564 3.2
      vertex 15.5277 23.0856 3.2
    endloop
  endfacet
  facet normal 0 0 1
    outer loop
      vertex 24.0561 22.093 3.2
      vertex 15.3259 23.4223 3.2
      vertex 15.4309 23.2564 3.2
    endloop
  endfacet
  facet normal 0 0 1
    outer loop
      vertex 24.2192 22.2269 3.2
      vertex 15.2128 23.5828 3.2
      vertex 15.3259 23.4223 3.2
    endloop
  endfacet
  facet normal 0 0 1
    outer loop
      vertex 24.3055 22.2877 3.2
      vertex 15.092 23.7376 3.2
      vertex 15.2128 23.5828 3.2
    endloop
  endfacet
  facet normal 0 0 1
    outer loop
      vertex 24.3947 22.3441 3.2
      vertex 14.9638 23.8862 3.2
      vertex 15.092 23.7376 3.2
    endloop
  endfacet
  facet normal 0 0 1
    outer loop
      vertex 24.4865 22.3961 3.2
      vertex 14.9638 23.8862 3.2
      vertex 24.3947 22.3441 3.2
    endloop
  endfacet
  facet normal -0 -0 1
    outer loop
      vertex 14.9638 23.8862 3.2
      vertex 24.4865 22.3961 3.2
      vertex 14.8284 24.0284 3.2
    endloop
  endfacet
  facet normal 0 0 1
    outer loop
      vertex 24.5808 22.4436 3.2
      vertex 14.8284 24.0284 3.2
      vertex 24.4865 22.3961 3.2
    endloop
  endfacet
  facet normal 0 0 1
    outer loop
      vertex 29 25 3.2
      vertex 14.3828 24.4128 3.2
      vertex 14.5376 24.292 3.2
    endloop
  endfacet
  facet normal 0 0 1
    outer loop
      vertex 29 25 3.2
      vertex 14.2223 24.5259 3.2
      vertex 14.3828 24.4128 3.2
    endloop
  endfacet
  facet normal 0 0 1
    outer loop
      vertex 29 25 3.2
      vertex 14.0564 24.6309 3.2
      vertex 14.2223 24.5259 3.2
    endloop
  endfacet
  facet normal 0 0 1
    outer loop
      vertex 29 25 3.2
      vertex 13.8856 24.7277 3.2
      vertex 14.0564 24.6309 3.2
    endloop
  endfacet
  facet normal 0 0 1
    outer loop
      vertex 29 25 3.2
      vertex 13.7102 24.816 3.2
      vertex 13.8856 24.7277 3.2
    endloop
  endfacet
  facet normal 0 0 1
    outer loop
      vertex 29 25 3.2
      vertex 13.5307 24.8955 3.2
      vertex 13.7102 24.816 3.2
    endloop
  endfacet
  facet normal 0 0 1
    outer loop
      vertex 29 25 3.2
      vertex 13.3476 24.9662 3.2
      vertex 13.5307 24.8955 3.2
    endloop
  endfacet
  facet normal 0 -0 1
    outer loop
      vertex 13.3476 24.9662 3.2
      vertex 29 25 3.2
      vertex 13.2452 25 3.2
    endloop
  endfacet
  facet normal 0 0 1
    outer loop
      vertex 27.6396 20.2893 3.2
      vertex 29 25 3.2
      vertex 27.6474 20.3945 3.2
    endloop
  endfacet
  facet normal -0 0 1
    outer loop
      vertex 27.6474 -20.6055 3.2
      vertex 29 -25 3.2
      vertex 27.65 -20.5 3.2
    endloop
  endfacet
  facet normal -0 0 1
    outer loop
      vertex 27.6396 -20.7107 3.2
      vertex 29 -25 3.2
      vertex 27.6474 -20.6055 3.2
    endloop
  endfacet
  facet normal -0 0 1
    outer loop
      vertex 27.6267 -20.8155 3.2
      vertex 29 -25 3.2
      vertex 27.6396 -20.7107 3.2
    endloop
  endfacet
  facet normal -0 0 1
    outer loop
      vertex 27.6087 -20.9194 3.2
      vertex 29 -25 3.2
      vertex 27.6267 -20.8155 3.2
    endloop
  endfacet
  facet normal -0 0 1
    outer loop
      vertex 27.5856 -21.0224 3.2
      vertex 29 -25 3.2
      vertex 27.6087 -20.9194 3.2
    endloop
  endfacet
  facet normal -0 0 1
    outer loop
      vertex 27.5574 -21.1241 3.2
      vertex 29 -25 3.2
      vertex 27.5856 -21.0224 3.2
    endloop
  endfacet
  facet normal -0 0 1
    outer loop
      vertex 27.5243 -21.2243 3.2
      vertex 29 -25 3.2
      vertex 27.5574 -21.1241 3.2
    endloop
  endfacet
  facet normal -0 0 1
    outer loop
      vertex 27.4863 -21.3228 3.2
      vertex 29 -25 3.2
      vertex 27.5243 -21.2243 3.2
    endloop
  endfacet
  facet normal -0 0 1
    outer loop
      vertex 27.4436 -21.4192 3.2
      vertex 29 -25 3.2
      vertex 27.4863 -21.3228 3.2
    endloop
  endfacet
  facet normal -0 0 1
    outer loop
      vertex 27.3961 -21.5135 3.2
      vertex 29 -25 3.2
      vertex 27.4436 -21.4192 3.2
    endloop
  endfacet
  facet normal -0 0 1
    outer loop
      vertex 27.3441 -21.6053 3.2
      vertex 29 -25 3.2
      vertex 27.3961 -21.5135 3.2
    endloop
  endfacet
  facet normal -0 0 1
    outer loop
      vertex 27.2877 -21.6945 3.2
      vertex 29 -25 3.2
      vertex 27.3441 -21.6053 3.2
    endloop
  endfacet
  facet normal -0 0 1
    outer loop
      vertex 27.2269 -21.7808 3.2
      vertex 29 -25 3.2
      vertex 27.2877 -21.6945 3.2
    endloop
  endfacet
  facet normal -0 0 1
    outer loop
      vertex 27.162 -21.8639 3.2
      vertex 29 -25 3.2
      vertex 27.2269 -21.7808 3.2
    endloop
  endfacet
  facet normal -0 0 1
    outer loop
      vertex 27.093 -21.9439 3.2
      vertex 29 -25 3.2
      vertex 27.162 -21.8639 3.2
    endloop
  endfacet
  facet normal -0 0 1
    outer loop
      vertex 27.0203 -22.0203 3.2
      vertex 29 -25 3.2
      vertex 27.093 -21.9439 3.2
    endloop
  endfacet
  facet normal -0 0 1
    outer loop
      vertex 26.9439 -22.093 3.2
      vertex 29 -25 3.2
      vertex 27.0203 -22.0203 3.2
    endloop
  endfacet
  facet normal -0 0 1
    outer loop
      vertex 26.8639 -22.162 3.2
      vertex 29 -25 3.2
      vertex 26.9439 -22.093 3.2
    endloop
  endfacet
  facet normal -0 0 1
    outer loop
      vertex 26.7808 -22.2269 3.2
      vertex 29 -25 3.2
      vertex 26.8639 -22.162 3.2
    endloop
  endfacet
  facet normal -0 0 1
    outer loop
      vertex 26.6945 -22.2877 3.2
      vertex 29 -25 3.2
      vertex 26.7808 -22.2269 3.2
    endloop
  endfacet
  facet normal -0 0 1
    outer loop
      vertex 26.6053 -22.3441 3.2
      vertex 29 -25 3.2
      vertex 26.6945 -22.2877 3.2
    endloop
  endfacet
  facet normal -0 0 1
    outer loop
      vertex 26.5135 -22.3961 3.2
      vertex 29 -25 3.2
      vertex 26.6053 -22.3441 3.2
    endloop
  endfacet
  facet normal -0 0 1
    outer loop
      vertex 26.4192 -22.4436 3.2
      vertex 29 -25 3.2
      vertex 26.5135 -22.3961 3.2
    endloop
  endfacet
  facet normal -0 0 1
    outer loop
      vertex 26.3228 -22.4863 3.2
      vertex 29 -25 3.2
      vertex 26.4192 -22.4436 3.2
    endloop
  endfacet
  facet normal -0 0 1
    outer loop
      vertex 26.2243 -22.5243 3.2
      vertex 29 -25 3.2
      vertex 26.3228 -22.4863 3.2
    endloop
  endfacet
  facet normal -0 0 1
    outer loop
      vertex 26.1241 -22.5574 3.2
      vertex 29 -25 3.2
      vertex 26.2243 -22.5243 3.2
    endloop
  endfacet
  facet normal -0 0 1
    outer loop
      vertex 26.0224 -22.5856 3.2
      vertex 29 -25 3.2
      vertex 26.1241 -22.5574 3.2
    endloop
  endfacet
  facet normal -0 0 1
    outer loop
      vertex 25.9194 -22.6087 3.2
      vertex 29 -25 3.2
      vertex 26.0224 -22.5856 3.2
    endloop
  endfacet
  facet normal -0 0 1
    outer loop
      vertex 25.8155 -22.6267 3.2
      vertex 29 -25 3.2
      vertex 25.9194 -22.6087 3.2
    endloop
  endfacet
  facet normal -0 0 1
    outer loop
      vertex 25.7107 -22.6396 3.2
      vertex 29 -25 3.2
      vertex 25.8155 -22.6267 3.2
    endloop
  endfacet
  facet normal -0 0 1
    outer loop
      vertex 25.6055 -22.6474 3.2
      vertex 29 -25 3.2
      vertex 25.7107 -22.6396 3.2
    endloop
  endfacet
  facet normal -0 0 1
    outer loop
      vertex 25.5 -22.65 3.2
      vertex 29 -25 3.2
      vertex 25.6055 -22.6474 3.2
    endloop
  endfacet
  facet normal 0 0 1
    outer loop
      vertex 25.3945 -22.6474 3.2
      vertex 29 -25 3.2
      vertex 25.5 -22.65 3.2
    endloop
  endfacet
  facet normal 0 0 1
    outer loop
      vertex 25.2893 -22.6396 3.2
      vertex 29 -25 3.2
      vertex 25.3945 -22.6474 3.2
    endloop
  endfacet
  facet normal 0 0 1
    outer loop
      vertex 25.1845 -22.6267 3.2
      vertex 29 -25 3.2
      vertex 25.2893 -22.6396 3.2
    endloop
  endfacet
  facet normal 0 0 1
    outer loop
      vertex 25.0806 -22.6087 3.2
      vertex 29 -25 3.2
      vertex 25.1845 -22.6267 3.2
    endloop
  endfacet
  facet normal 0 0 1
    outer loop
      vertex 24.9776 -22.5856 3.2
      vertex 29 -25 3.2
      vertex 25.0806 -22.6087 3.2
    endloop
  endfacet
  facet normal 0 0 1
    outer loop
      vertex 24.8759 -22.5574 3.2
      vertex 29 -25 3.2
      vertex 24.9776 -22.5856 3.2
    endloop
  endfacet
  facet normal 0 0 1
    outer loop
      vertex 24.7757 -22.5243 3.2
      vertex 29 -25 3.2
      vertex 24.8759 -22.5574 3.2
    endloop
  endfacet
  facet normal 0 0 1
    outer loop
      vertex 14.5376 -24.292 3.2
      vertex 24.7757 -22.5243 3.2
      vertex 24.6772 -22.4863 3.2
    endloop
  endfacet
  facet normal 0 0 1
    outer loop
      vertex 14.6862 -24.1638 3.2
      vertex 24.6772 -22.4863 3.2
      vertex 24.5808 -22.4436 3.2
    endloop
  endfacet
  facet normal 0 0 1
    outer loop
      vertex 14.8284 -24.0284 3.2
      vertex 24.5808 -22.4436 3.2
      vertex 24.4865 -22.3961 3.2
    endloop
  endfacet
  facet normal 0 0 1
    outer loop
      vertex 14.9638 -23.8862 3.2
      vertex 24.4865 -22.3961 3.2
      vertex 24.3947 -22.3441 3.2
    endloop
  endfacet
  facet normal 0 0 1
    outer loop
      vertex 15.9952 -21.0037 3.2
      vertex 23.3526 -20.3945 3.2
      vertex 23.3604 -20.2893 3.2
    endloop
  endfacet
  facet normal 0 0 1
    outer loop
      vertex 15.9952 -21.0037 3.2
      vertex 23.35 -20.5 3.2
      vertex 23.3526 -20.3945 3.2
    endloop
  endfacet
  facet normal 0 0 1
    outer loop
      vertex 15.9952 -21.0037 3.2
      vertex 23.3526 -20.6055 3.2
      vertex 23.35 -20.5 3.2
    endloop
  endfacet
  facet normal 0 0 1
    outer loop
      vertex 15.9952 -21.0037 3.2
      vertex 23.3604 -20.7107 3.2
      vertex 23.3526 -20.6055 3.2
    endloop
  endfacet
  facet normal 0 0 1
    outer loop
      vertex 16 -21.2 3.2
      vertex 23.3733 -20.8155 3.2
      vertex 23.3604 -20.7107 3.2
    endloop
  endfacet
  facet normal 0 0 1
    outer loop
      vertex 15.9952 -21.3963 3.2
      vertex 23.3733 -20.8155 3.2
      vertex 16 -21.2 3.2
    endloop
  endfacet
  facet normal 0 0 1
    outer loop
      vertex 23.3733 -20.8155 3.2
      vertex 15.9952 -21.3963 3.2
      vertex 23.3913 -20.9194 3.2
    endloop
  endfacet
  facet normal 0 0 1
    outer loop
      vertex 23.3913 -20.9194 3.2
      vertex 15.9952 -21.3963 3.2
      vertex 23.4144 -21.0224 3.2
    endloop
  endfacet
  facet normal 0 0 1
    outer loop
      vertex 15.9807 -21.5921 3.2
      vertex 23.4144 -21.0224 3.2
      vertex 15.9952 -21.3963 3.2
    endloop
  endfacet
  facet normal 0 0 1
    outer loop
      vertex 23.4144 -21.0224 3.2
      vertex 15.9807 -21.5921 3.2
      vertex 23.4426 -21.1241 3.2
    endloop
  endfacet
  facet normal 0 0 1
    outer loop
      vertex 15.9567 -21.7869 3.2
      vertex 23.4426 -21.1241 3.2
      vertex 15.9807 -21.5921 3.2
    endloop
  endfacet
  facet normal 0 0 1
    outer loop
      vertex 23.4426 -21.1241 3.2
      vertex 15.9567 -21.7869 3.2
      vertex 23.4757 -21.2243 3.2
    endloop
  endfacet
  facet normal 0 0 1
    outer loop
      vertex 15.9231 -21.9804 3.2
      vertex 23.4757 -21.2243 3.2
      vertex 15.9567 -21.7869 3.2
    endloop
  endfacet
  facet normal 0 0 1
    outer loop
      vertex 23.4757 -21.2243 3.2
      vertex 15.9231 -21.9804 3.2
      vertex 23.5137 -21.3228 3.2
    endloop
  endfacet
  facet normal 0 0 1
    outer loop
      vertex 15.8801 -22.1719 3.2
      vertex 23.5137 -21.3228 3.2
      vertex 15.9231 -21.9804 3.2
    endloop
  endfacet
  facet normal 0 0 1
    outer loop
      vertex 23.5137 -21.3228 3.2
      vertex 15.8801 -22.1719 3.2
      vertex 23.5564 -21.4192 3.2
    endloop
  endfacet
  facet normal 0 0 1
    outer loop
      vertex 23.5564 -21.4192 3.2
      vertex 15.8801 -22.1719 3.2
      vertex 23.6039 -21.5135 3.2
    endloop
  endfacet
  facet normal 0 0 1
    outer loop
      vertex 15.8278 -22.3611 3.2
      vertex 23.6039 -21.5135 3.2
      vertex 15.8801 -22.1719 3.2
    endloop
  endfacet
  facet normal 0 0 1
    outer loop
      vertex 23.6039 -21.5135 3.2
      vertex 15.8278 -22.3611 3.2
      vertex 23.6559 -21.6053 3.2
    endloop
  endfacet
  facet normal 0 0 1
    outer loop
      vertex 15.7662 -22.5476 3.2
      vertex 23.6559 -21.6053 3.2
      vertex 15.8278 -22.3611 3.2
    endloop
  endfacet
  facet normal 0 0 1
    outer loop
      vertex 23.6559 -21.6053 3.2
      vertex 15.7662 -22.5476 3.2
      vertex 23.7123 -21.6945 3.2
    endloop
  endfacet
  facet normal 0 0 1
    outer loop
      vertex 15.6955 -22.7307 3.2
      vertex 23.7123 -21.6945 3.2
      vertex 15.7662 -22.5476 3.2
    endloop
  endfacet
  facet normal 0 0 1
    outer loop
      vertex 23.7123 -21.6945 3.2
      vertex 15.6955 -22.7307 3.2
      vertex 23.7731 -21.7808 3.2
    endloop
  endfacet
  facet normal 0 0 1
    outer loop
      vertex 23.7731 -21.7808 3.2
      vertex 15.6955 -22.7307 3.2
      vertex 23.838 -21.8639 3.2
    endloop
  endfacet
  facet normal 0 0 1
    outer loop
      vertex 15.616 -22.9102 3.2
      vertex 23.838 -21.8639 3.2
      vertex 15.6955 -22.7307 3.2
    endloop
  endfacet
  facet normal 0 0 1
    outer loop
      vertex 23.838 -21.8639 3.2
      vertex 15.616 -22.9102 3.2
      vertex 23.907 -21.9439 3.2
    endloop
  endfacet
  facet normal 0 0 1
    outer loop
      vertex 15.5277 -23.0856 3.2
      vertex 23.907 -21.9439 3.2
      vertex 15.616 -22.9102 3.2
    endloop
  endfacet
  facet normal 0 0 1
    outer loop
      vertex 23.907 -21.9439 3.2
      vertex 15.5277 -23.0856 3.2
      vertex 23.9797 -22.0203 3.2
    endloop
  endfacet
  facet normal 0 0 1
    outer loop
      vertex 15.4309 -23.2564 3.2
      vertex 23.9797 -22.0203 3.2
      vertex 15.5277 -23.0856 3.2
    endloop
  endfacet
  facet normal 0 0 1
    outer loop
      vertex 23.9797 -22.0203 3.2
      vertex 15.4309 -23.2564 3.2
      vertex 24.0561 -22.093 3.2
    endloop
  endfacet
  facet normal 0 0 1
    outer loop
      vertex 15.3259 -23.4223 3.2
      vertex 24.0561 -22.093 3.2
      vertex 15.4309 -23.2564 3.2
    endloop
  endfacet
  facet normal 0 0 1
    outer loop
      vertex 24.0561 -22.093 3.2
      vertex 15.3259 -23.4223 3.2
      vertex 24.1361 -22.162 3.2
    endloop
  endfacet
  facet normal 0 0 1
    outer loop
      vertex 24.1361 -22.162 3.2
      vertex 15.3259 -23.4223 3.2
      vertex 24.2192 -22.2269 3.2
    endloop
  endfacet
  facet normal 0 0 1
    outer loop
      vertex 15.2128 -23.5828 3.2
      vertex 24.2192 -22.2269 3.2
      vertex 15.3259 -23.4223 3.2
    endloop
  endfacet
  facet normal 0 0 1
    outer loop
      vertex 24.2192 -22.2269 3.2
      vertex 15.2128 -23.5828 3.2
      vertex 24.3055 -22.2877 3.2
    endloop
  endfacet
  facet normal 0 0 1
    outer loop
      vertex 15.092 -23.7376 3.2
      vertex 24.3055 -22.2877 3.2
      vertex 15.2128 -23.5828 3.2
    endloop
  endfacet
  facet normal 0 0 1
    outer loop
      vertex 24.3055 -22.2877 3.2
      vertex 15.092 -23.7376 3.2
      vertex 24.3947 -22.3441 3.2
    endloop
  endfacet
  facet normal 0 0 1
    outer loop
      vertex 14.9638 -23.8862 3.2
      vertex 24.3947 -22.3441 3.2
      vertex 15.092 -23.7376 3.2
    endloop
  endfacet
  facet normal 0 0 1
    outer loop
      vertex 24.4865 -22.3961 3.2
      vertex 14.9638 -23.8862 3.2
      vertex 14.8284 -24.0284 3.2
    endloop
  endfacet
  facet normal 0 0 1
    outer loop
      vertex 24.5808 -22.4436 3.2
      vertex 14.8284 -24.0284 3.2
      vertex 14.6862 -24.1638 3.2
    endloop
  endfacet
  facet normal 0 0 1
    outer loop
      vertex 24.6772 -22.4863 3.2
      vertex 14.6862 -24.1638 3.2
      vertex 14.5376 -24.292 3.2
    endloop
  endfacet
  facet normal 0 0 1
    outer loop
      vertex 24.7757 -22.5243 3.2
      vertex 14.5376 -24.292 3.2
      vertex 29 -25 3.2
    endloop
  endfacet
  facet normal -0 0 1
    outer loop
      vertex 14.3828 -24.4128 3.2
      vertex 29 -25 3.2
      vertex 14.5376 -24.292 3.2
    endloop
  endfacet
  facet normal -0 0 1
    outer loop
      vertex 14.2223 -24.5259 3.2
      vertex 29 -25 3.2
      vertex 14.3828 -24.4128 3.2
    endloop
  endfacet
  facet normal -0 0 1
    outer loop
      vertex 14.0564 -24.6309 3.2
      vertex 29 -25 3.2
      vertex 14.2223 -24.5259 3.2
    endloop
  endfacet
  facet normal -0 0 1
    outer loop
      vertex 13.8856 -24.7277 3.2
      vertex 29 -25 3.2
      vertex 14.0564 -24.6309 3.2
    endloop
  endfacet
  facet normal -0 0 1
    outer loop
      vertex 13.7102 -24.816 3.2
      vertex 29 -25 3.2
      vertex 13.8856 -24.7277 3.2
    endloop
  endfacet
  facet normal -0 0 1
    outer loop
      vertex 13.5307 -24.8955 3.2
      vertex 29 -25 3.2
      vertex 13.7102 -24.816 3.2
    endloop
  endfacet
  facet normal -0 0 1
    outer loop
      vertex 13.3476 -24.9662 3.2
      vertex 29 -25 3.2
      vertex 13.5307 -24.8955 3.2
    endloop
  endfacet
  facet normal 0 0 1
    outer loop
      vertex 29 -25 3.2
      vertex 13.3476 -24.9662 3.2
      vertex 13.2452 -25 3.2
    endloop
  endfacet
  facet normal 0 0 1
    outer loop
      vertex 15.9952 -21.0037 3.2
      vertex 23.6039 -19.4865 3.2
      vertex 23.6559 -19.3947 3.2
    endloop
  endfacet
  facet normal 0 0 1
    outer loop
      vertex 22.5 -9.32882 3.2
      vertex 23.5 -9 3.2
      vertex 22.5 -9 3.2
    endloop
  endfacet
  facet normal 0 0 1
    outer loop
      vertex 15.9952 -21.0037 3.2
      vertex 23.5564 -19.5808 3.2
      vertex 23.6039 -19.4865 3.2
    endloop
  endfacet
  facet normal 0 0 1
    outer loop
      vertex 15.9952 -21.0037 3.2
      vertex 23.5137 -19.6772 3.2
      vertex 23.5564 -19.5808 3.2
    endloop
  endfacet
  facet normal 0 0 1
    outer loop
      vertex 15.9952 -21.0037 3.2
      vertex 23.4757 -19.7757 3.2
      vertex 23.5137 -19.6772 3.2
    endloop
  endfacet
  facet normal 0 0 1
    outer loop
      vertex 15.9952 -21.0037 3.2
      vertex 23.4426 -19.8759 3.2
      vertex 23.4757 -19.7757 3.2
    endloop
  endfacet
  facet normal 0 0 1
    outer loop
      vertex 15.9952 -21.0037 3.2
      vertex 23.4144 -19.9776 3.2
      vertex 23.4426 -19.8759 3.2
    endloop
  endfacet
  facet normal 0 0 1
    outer loop
      vertex 15.9952 -21.0037 3.2
      vertex 23.3913 -20.0806 3.2
      vertex 23.4144 -19.9776 3.2
    endloop
  endfacet
  facet normal 0 0 1
    outer loop
      vertex 15.9952 -21.0037 3.2
      vertex 23.3733 -20.1845 3.2
      vertex 23.3913 -20.0806 3.2
    endloop
  endfacet
  facet normal 0 0 1
    outer loop
      vertex 15.9952 -21.0037 3.2
      vertex 23.3604 -20.2893 3.2
      vertex 23.3733 -20.1845 3.2
    endloop
  endfacet
  facet normal 0 0 -1
    outer loop
      vertex 12.9719 -25.0801 3.2
      vertex 13.2452 -25 3.2
      vertex 13.1611 -25.0278 3.2
    endloop
  endfacet
  facet normal 0 0 -1
    outer loop
      vertex 12.7804 -25.1231 3.2
      vertex 13.2452 -25 3.2
      vertex 12.9719 -25.0801 3.2
    endloop
  endfacet
  facet normal 0 0 -1
    outer loop
      vertex 12.5869 -25.1567 3.2
      vertex 13.2452 -25 3.2
      vertex 12.7804 -25.1231 3.2
    endloop
  endfacet
  facet normal 0 0 -1
    outer loop
      vertex 12.3921 -25.1807 3.2
      vertex 13.2452 -25 3.2
      vertex 12.5869 -25.1567 3.2
    endloop
  endfacet
  facet normal 0 0 -1
    outer loop
      vertex 12.1963 -25.1952 3.2
      vertex 13.2452 -25 3.2
      vertex 12.3921 -25.1807 3.2
    endloop
  endfacet
  facet normal 0 0 -1
    outer loop
      vertex 12 -25.2 3.2
      vertex 13.2452 -25 3.2
      vertex 12.1963 -25.1952 3.2
    endloop
  endfacet
  facet normal 0 0 -1
    outer loop
      vertex 11.8037 -25.1952 3.2
      vertex 13.2452 -25 3.2
      vertex 12 -25.2 3.2
    endloop
  endfacet
  facet normal 0 0 -1
    outer loop
      vertex 11.6079 -25.1807 3.2
      vertex 13.2452 -25 3.2
      vertex 11.8037 -25.1952 3.2
    endloop
  endfacet
  facet normal 0 0 -1
    outer loop
      vertex 11.4131 -25.1567 3.2
      vertex 13.2452 -25 3.2
      vertex 11.6079 -25.1807 3.2
    endloop
  endfacet
  facet normal 0 0 -1
    outer loop
      vertex 11.2196 -25.1231 3.2
      vertex 13.2452 -25 3.2
      vertex 11.4131 -25.1567 3.2
    endloop
  endfacet
  facet normal 0 0 -1
    outer loop
      vertex 11.0281 -25.0801 3.2
      vertex 13.2452 -25 3.2
      vertex 11.2196 -25.1231 3.2
    endloop
  endfacet
  facet normal 0 0 -1
    outer loop
      vertex 10.7548 -25 3.2
      vertex 11.0281 -25.0801 3.2
      vertex 10.8389 -25.0278 3.2
    endloop
  endfacet
  facet normal 0 0 -1
    outer loop
      vertex 11.0281 -25.0801 3.2
      vertex 10.7548 -25 3.2
      vertex 13.2452 -25 3.2
    endloop
  endfacet
  facet normal 0 0 -1
    outer loop
      vertex 13.2452 25 3.2
      vertex 12.9719 25.0801 3.2
      vertex 13.1611 25.0278 3.2
    endloop
  endfacet
  facet normal 0 0 -1
    outer loop
      vertex 13.2452 25 3.2
      vertex 12.7804 25.1231 3.2
      vertex 12.9719 25.0801 3.2
    endloop
  endfacet
  facet normal 0 0 -1
    outer loop
      vertex 13.2452 25 3.2
      vertex 12.5869 25.1567 3.2
      vertex 12.7804 25.1231 3.2
    endloop
  endfacet
  facet normal 0 0 -1
    outer loop
      vertex 13.2452 25 3.2
      vertex 12.3921 25.1807 3.2
      vertex 12.5869 25.1567 3.2
    endloop
  endfacet
  facet normal 0 0 -1
    outer loop
      vertex 13.2452 25 3.2
      vertex 12.1963 25.1952 3.2
      vertex 12.3921 25.1807 3.2
    endloop
  endfacet
  facet normal 0 0 -1
    outer loop
      vertex 13.2452 25 3.2
      vertex 12 25.2 3.2
      vertex 12.1963 25.1952 3.2
    endloop
  endfacet
  facet normal 0 0 -1
    outer loop
      vertex 13.2452 25 3.2
      vertex 11.8037 25.1952 3.2
      vertex 12 25.2 3.2
    endloop
  endfacet
  facet normal 0 0 -1
    outer loop
      vertex 13.2452 25 3.2
      vertex 11.6079 25.1807 3.2
      vertex 11.8037 25.1952 3.2
    endloop
  endfacet
  facet normal 0 0 -1
    outer loop
      vertex 13.2452 25 3.2
      vertex 11.4131 25.1567 3.2
      vertex 11.6079 25.1807 3.2
    endloop
  endfacet
  facet normal 0 0 -1
    outer loop
      vertex 13.2452 25 3.2
      vertex 11.2196 25.1231 3.2
      vertex 11.4131 25.1567 3.2
    endloop
  endfacet
  facet normal 0 0 -1
    outer loop
      vertex 13.2452 25 3.2
      vertex 11.0281 25.0801 3.2
      vertex 11.2196 25.1231 3.2
    endloop
  endfacet
  facet normal 0 0 -1
    outer loop
      vertex 10.7548 25 3.2
      vertex 11.0281 25.0801 3.2
      vertex 13.2452 25 3.2
    endloop
  endfacet
  facet normal 0 0 -1
    outer loop
      vertex 11.0281 25.0801 3.2
      vertex 10.7548 25 3.2
      vertex 10.8389 25.0278 3.2
    endloop
  endfacet
  facet normal -0.817553 0.575853 0
    outer loop
      vertex 8.67412 -18.9777 3.2
      vertex 8.78717 -18.8172 15
      vertex 8.78717 -18.8172 3.2
    endloop
  endfacet
  facet normal -0.817553 0.575853 0
    outer loop
      vertex 8.78717 -18.8172 15
      vertex 8.67412 -18.9777 3.2
      vertex 8.67412 -18.9777 15
    endloop
  endfacet
  facet normal -0.534867 -0.844936 0
    outer loop
      vertex 9.77772 -24.5259 3.2
      vertex 9.94359 -24.6309 17.7
      vertex 9.77772 -24.5259 17.7
    endloop
  endfacet
  facet normal -0.534867 -0.844936 -0
    outer loop
      vertex 9.94359 -24.6309 17.7
      vertex 9.77772 -24.5259 3.2
      vertex 9.94359 -24.6309 3.2
    endloop
  endfacet
  facet normal -0.788389 -0.615177 0
    outer loop
      vertex 8.90796 -23.7376 3.2
      vertex 8.78717 -23.5828 17.7
      vertex 8.78717 -23.5828 3.2
    endloop
  endfacet
  facet normal -0.788389 -0.615177 0
    outer loop
      vertex 8.78717 -23.5828 17.7
      vertex 8.90796 -23.7376 3.2
      vertex 8.90796 -23.7376 17.7
    endloop
  endfacet
  facet normal -0.893263 0.449534 0
    outer loop
      vertex 8.38404 -19.4898 3.2
      vertex 8.47231 -19.3144 15
      vertex 8.47231 -19.3144 3.2
    endloop
  endfacet
  facet normal -0.893263 0.449534 0
    outer loop
      vertex 8.47231 -19.3144 15
      vertex 8.38404 -19.4898 3.2
      vertex 8.38404 -19.4898 15
    endloop
  endfacet
  facet normal -0.31363 -0.949545 0
    outer loop
      vertex 10.6524 -24.9662 3.2
      vertex 10.8389 -25.0278 17.7
      vertex 10.6524 -24.9662 17.7
    endloop
  endfacet
  facet normal -0.313444 -0.949607 -2.64774e-06
    outer loop
      vertex 10.7548 -25 3.2
      vertex 10.8389 -25.0278 17.7
      vertex 10.6524 -24.9662 3.2
    endloop
  endfacet
  facet normal -0.313856 -0.949471 -0
    outer loop
      vertex 10.8389 -25.0278 17.7
      vertex 10.7548 -25 3.2
      vertex 10.8389 -25.0278 3.2
    endloop
  endfacet
  facet normal -0.266435 -0.963853 0
    outer loop
      vertex 10.8389 -25.0278 3.2
      vertex 11.0281 -25.0801 17.7
      vertex 10.8389 -25.0278 17.7
    endloop
  endfacet
  facet normal -0.266435 -0.963853 -0
    outer loop
      vertex 11.0281 -25.0801 17.7
      vertex 10.8389 -25.0278 3.2
      vertex 11.0281 -25.0801 3.2
    endloop
  endfacet
  facet normal -0.404957 -0.914336 0
    outer loop
      vertex 10.2898 -24.816 3.2
      vertex 10.4693 -24.8955 17.7
      vertex 10.2898 -24.816 17.7
    endloop
  endfacet
  facet normal -0.404957 -0.914336 -0
    outer loop
      vertex 10.4693 -24.8955 17.7
      vertex 10.2898 -24.816 3.2
      vertex 10.4693 -24.8955 3.2
    endloop
  endfacet
  facet normal 0.985257 0.171083 0
    outer loop
      vertex 15.9567 21.7869 17.7
      vertex 15.9231 21.9804 3.2
      vertex 15.9231 21.9804 17.7
    endloop
  endfacet
  facet normal 0.985257 0.171083 0
    outer loop
      vertex 15.9231 21.9804 3.2
      vertex 15.9567 21.7869 17.7
      vertex 15.9567 21.7869 3.2
    endloop
  endfacet
  facet normal 0.219088 -0.975705 0
    outer loop
      vertex 12.7804 17.2769 3.2
      vertex 12.9719 17.3199 15
      vertex 12.7804 17.2769 15
    endloop
  endfacet
  facet normal 0.219088 -0.975705 0
    outer loop
      vertex 12.9719 17.3199 15
      vertex 12.7804 17.2769 3.2
      vertex 12.9719 17.3199 3.2
    endloop
  endfacet
  facet normal 0.997269 -0.0738529 0
    outer loop
      vertex 15.9807 20.8079 15
      vertex 15.9952 21.0037 3.2
      vertex 15.9952 21.0037 15
    endloop
  endfacet
  facet normal 0.997269 -0.0738529 0
    outer loop
      vertex 15.9952 21.0037 3.2
      vertex 15.9807 20.8079 15
      vertex 15.9807 20.8079 3.2
    endloop
  endfacet
  facet normal -0.893263 0.449534 0
    outer loop
      vertex 8.38404 22.9102 3.2
      vertex 8.47231 23.0856 17.7
      vertex 8.47231 23.0856 3.2
    endloop
  endfacet
  facet normal -0.893263 0.449534 0
    outer loop
      vertex 8.47231 23.0856 17.7
      vertex 8.38404 22.9102 3.2
      vertex 8.38404 22.9102 17.7
    endloop
  endfacet
  facet normal -0.689604 -0.724186 0
    outer loop
      vertex 9.17157 18.3716 3.2
      vertex 9.31376 18.2362 15
      vertex 9.17157 18.3716 15
    endloop
  endfacet
  facet normal -0.689604 -0.724186 -0
    outer loop
      vertex 9.31376 18.2362 15
      vertex 9.17157 18.3716 3.2
      vertex 9.31376 18.2362 3.2
    endloop
  endfacet
  facet normal 0.997269 0.0738529 0
    outer loop
      vertex 15.9952 21.3963 17.7
      vertex 15.9807 21.5921 3.2
      vertex 15.9807 21.5921 17.7
    endloop
  endfacet
  facet normal 0.997269 0.0738529 0
    outer loop
      vertex 15.9807 21.5921 3.2
      vertex 15.9952 21.3963 17.7
      vertex 15.9952 21.3963 3.2
    endloop
  endfacet
  facet normal 0.576023 0.817433 -0
    outer loop
      vertex 14.3828 24.4128 3.2
      vertex 14.2223 24.5259 17.7
      vertex 14.3828 24.4128 17.7
    endloop
  endfacet
  facet normal 0.576023 0.817433 0
    outer loop
      vertex 14.2223 24.5259 17.7
      vertex 14.3828 24.4128 3.2
      vertex 14.2223 24.5259 3.2
    endloop
  endfacet
  facet normal 0.949545 0.31363 0
    outer loop
      vertex 15.8278 22.3611 17.7
      vertex 15.7662 22.5476 3.2
      vertex 15.7662 22.5476 17.7
    endloop
  endfacet
  facet normal 0.949545 0.31363 0
    outer loop
      vertex 15.7662 22.5476 3.2
      vertex 15.8278 22.3611 17.7
      vertex 15.8278 22.3611 3.2
    endloop
  endfacet
  facet normal 0.963853 0.266435 0
    outer loop
      vertex 15.8801 22.1719 17.7
      vertex 15.8278 22.3611 3.2
      vertex 15.8278 22.3611 17.7
    endloop
  endfacet
  facet normal 0.963853 0.266435 0
    outer loop
      vertex 15.8278 22.3611 3.2
      vertex 15.8801 22.1719 17.7
      vertex 15.8801 22.1719 3.2
    endloop
  endfacet
  facet normal -0.757091 0.653309 0
    outer loop
      vertex 8.90796 23.7376 3.2
      vertex 9.03619 23.8862 17.7
      vertex 9.03619 23.8862 3.2
    endloop
  endfacet
  facet normal -0.757091 0.653309 0
    outer loop
      vertex 9.03619 23.8862 17.7
      vertex 8.90796 23.7376 3.2
      vertex 8.90796 23.7376 17.7
    endloop
  endfacet
  facet normal 0.999701 -0.0244451 0
    outer loop
      vertex 15.9952 21.0037 15
      vertex 16 21.2 3.2
      vertex 16 21.2 15
    endloop
  endfacet
  facet normal 0.999701 -0.0244451 0
    outer loop
      vertex 16 21.2 3.2
      vertex 15.9952 21.0037 15
      vertex 15.9952 21.0037 3.2
    endloop
  endfacet
  facet normal 0.493064 0.869993 -0
    outer loop
      vertex 14.0564 24.6309 3.2
      vertex 13.8856 24.7277 17.7
      vertex 14.0564 24.6309 17.7
    endloop
  endfacet
  facet normal 0.493064 0.869993 0
    outer loop
      vertex 13.8856 24.7277 17.7
      vertex 14.0564 24.6309 3.2
      vertex 13.8856 24.7277 3.2
    endloop
  endfacet
  facet normal 0.869993 -0.493064 0
    outer loop
      vertex 15.4309 19.1436 15
      vertex 15.5277 19.3144 3.2
      vertex 15.5277 19.3144 15
    endloop
  endfacet
  facet normal 0.869993 -0.493064 0
    outer loop
      vertex 15.5277 19.3144 3.2
      vertex 15.4309 19.1436 15
      vertex 15.4309 19.1436 3.2
    endloop
  endfacet
  facet normal 0.653222 0.757167 -0
    outer loop
      vertex 14.6862 24.1638 3.2
      vertex 14.5376 24.292 17.7
      vertex 14.6862 24.1638 17.7
    endloop
  endfacet
  facet normal 0.653222 0.757167 0
    outer loop
      vertex 14.5376 24.292 17.7
      vertex 14.6862 24.1638 3.2
      vertex 14.5376 24.292 3.2
    endloop
  endfacet
  facet normal -0.0244451 -0.999701 0
    outer loop
      vertex 11.8037 17.2048 3.2
      vertex 12 17.2 14.7949
      vertex 11.8037 17.2048 14.8226
    endloop
  endfacet
  facet normal -0.0244451 -0.999701 -0
    outer loop
      vertex 12 17.2 14.7949
      vertex 11.8037 17.2048 3.2
      vertex 12 17.2 3.2
    endloop
  endfacet
  facet normal -0.985282 -0.170935 0
    outer loop
      vertex 8.07686 20.4196 3.2
      vertex 8.04329 20.6131 15
      vertex 8.04329 20.6131 3.2
    endloop
  endfacet
  facet normal -0.985282 -0.170935 0
    outer loop
      vertex 8.04329 20.6131 15
      vertex 8.07686 20.4196 3.2
      vertex 8.07686 20.4196 15
    endloop
  endfacet
  facet normal -0.844911 -0.534907 0
    outer loop
      vertex 8.67412 18.9777 3.2
      vertex 8.56909 19.1436 15
      vertex 8.56909 19.1436 3.2
    endloop
  endfacet
  facet normal -0.844911 -0.534907 0
    outer loop
      vertex 8.56909 19.1436 15
      vertex 8.67412 18.9777 3.2
      vertex 8.67412 18.9777 15
    endloop
  endfacet
  facet normal 0.788364 0.615209 0
    outer loop
      vertex 15.2128 23.5828 17.7
      vertex 15.092 23.7376 3.2
      vertex 15.092 23.7376 17.7
    endloop
  endfacet
  facet normal 0.788364 0.615209 0
    outer loop
      vertex 15.092 23.7376 3.2
      vertex 15.2128 23.5828 17.7
      vertex 15.2128 23.5828 3.2
    endloop
  endfacet
  facet normal 0.31363 0.949545 -0
    outer loop
      vertex 13.3476 24.9662 3.2
      vertex 13.1611 25.0278 17.7
      vertex 13.3476 24.9662 17.7
    endloop
  endfacet
  facet normal 0.313444 0.949607 -2.64774e-06
    outer loop
      vertex 13.2452 25 3.2
      vertex 13.1611 25.0278 17.7
      vertex 13.3476 24.9662 3.2
    endloop
  endfacet
  facet normal 0.313856 0.949471 0
    outer loop
      vertex 13.1611 25.0278 17.7
      vertex 13.2452 25 3.2
      vertex 13.1611 25.0278 3.2
    endloop
  endfacet
  facet normal 0.914336 -0.404957 0
    outer loop
      vertex 15.616 19.4898 15
      vertex 15.6955 19.6693 3.2
      vertex 15.6955 19.6693 15
    endloop
  endfacet
  facet normal 0.914336 -0.404957 0
    outer loop
      vertex 15.6955 19.6693 3.2
      vertex 15.616 19.4898 15
      vertex 15.616 19.4898 3.2
    endloop
  endfacet
  facet normal -0.914223 -0.405212 0
    outer loop
      vertex 8.38404 19.4898 3.2
      vertex 8.30448 19.6693 15
      vertex 8.30448 19.6693 3.2
    endloop
  endfacet
  facet normal -0.914223 -0.405212 0
    outer loop
      vertex 8.30448 19.6693 15
      vertex 8.38404 19.4898 3.2
      vertex 8.38404 19.4898 15
    endloop
  endfacet
  facet normal 0.992496 0.122279 0
    outer loop
      vertex 15.9807 21.5921 17.7
      vertex 15.9567 21.7869 3.2
      vertex 15.9567 21.7869 17.7
    endloop
  endfacet
  facet normal 0.992496 0.122279 0
    outer loop
      vertex 15.9567 21.7869 3.2
      vertex 15.9807 21.5921 17.7
      vertex 15.9807 21.5921 3.2
    endloop
  endfacet
  facet normal -0.122279 0.992496 0
    outer loop
      vertex 11.6079 25.1807 3.2
      vertex 11.4131 25.1567 17.7
      vertex 11.6079 25.1807 17.7
    endloop
  endfacet
  facet normal -0.122279 0.992496 0
    outer loop
      vertex 11.4131 25.1567 17.7
      vertex 11.6079 25.1807 3.2
      vertex 11.4131 25.1567 3.2
    endloop
  endfacet
  facet normal 0.404957 0.914336 -0
    outer loop
      vertex 13.7102 24.816 3.2
      vertex 13.5307 24.8955 17.7
      vertex 13.7102 24.816 17.7
    endloop
  endfacet
  facet normal 0.404957 0.914336 0
    outer loop
      vertex 13.5307 24.8955 17.7
      vertex 13.7102 24.816 3.2
      vertex 13.5307 24.8955 3.2
    endloop
  endfacet
  facet normal 0.360208 -0.932872 0
    outer loop
      vertex 13.3476 17.4338 3.2
      vertex 13.5307 17.5045 15
      vertex 13.3476 17.4338 15
    endloop
  endfacet
  facet normal 0.360208 -0.932872 0
    outer loop
      vertex 13.5307 17.5045 15
      vertex 13.3476 17.4338 3.2
      vertex 13.5307 17.5045 3.2
    endloop
  endfacet
  facet normal -0.975694 -0.219136 0
    outer loop
      vertex 8.11987 20.2281 3.2
      vertex 8.07686 20.4196 15
      vertex 8.07686 20.4196 3.2
    endloop
  endfacet
  facet normal -0.975694 -0.219136 0
    outer loop
      vertex 8.07686 20.4196 15
      vertex 8.11987 20.2281 3.2
      vertex 8.11987 20.2281 15
    endloop
  endfacet
  facet normal -0.360208 0.932872 0
    outer loop
      vertex 10.6524 24.9662 3.2
      vertex 10.4693 24.8955 17.7
      vertex 10.6524 24.9662 17.7
    endloop
  endfacet
  facet normal -0.360208 0.932872 0
    outer loop
      vertex 10.4693 24.8955 17.7
      vertex 10.6524 24.9662 3.2
      vertex 10.4693 24.8955 3.2
    endloop
  endfacet
  facet normal 0.84498 0.534798 0
    outer loop
      vertex 15.4309 23.2564 17.7
      vertex 15.3259 23.4223 3.2
      vertex 15.3259 23.4223 17.7
    endloop
  endfacet
  facet normal 0.84498 0.534798 0
    outer loop
      vertex 15.3259 23.4223 3.2
      vertex 15.4309 23.2564 17.7
      vertex 15.4309 23.2564 3.2
    endloop
  endfacet
  facet normal -0.724261 0.689525 0
    outer loop
      vertex 9.03619 23.8862 3.2
      vertex 9.17157 24.0284 17.7
      vertex 9.17157 24.0284 3.2
    endloop
  endfacet
  facet normal -0.724261 0.689525 0
    outer loop
      vertex 9.17157 24.0284 17.7
      vertex 9.03619 23.8862 3.2
      vertex 9.03619 23.8862 17.7
    endloop
  endfacet
  facet normal -0.724261 -0.689525 0
    outer loop
      vertex 9.17157 18.3716 3.2
      vertex 9.03619 18.5138 15
      vertex 9.03619 18.5138 3.2
    endloop
  endfacet
  facet normal -0.724261 -0.689525 0
    outer loop
      vertex 9.03619 18.5138 15
      vertex 9.17157 18.3716 3.2
      vertex 9.17157 18.3716 15
    endloop
  endfacet
  facet normal 0.171083 -0.985257 0
    outer loop
      vertex 12.5869 17.2433 3.2
      vertex 12.7804 17.2769 15
      vertex 12.5869 17.2433 15
    endloop
  endfacet
  facet normal 0.171083 -0.985257 0
    outer loop
      vertex 12.7804 17.2769 15
      vertex 12.5869 17.2433 3.2
      vertex 12.7804 17.2769 3.2
    endloop
  endfacet
  facet normal 0.999701 0.0244451 -0
    outer loop
      vertex 16 21.2 15
      vertex 15.9952 21.3963 17.7
      vertex 16 21.2 17.7
    endloop
  endfacet
  facet normal 0.999701 0.0244451 0
    outer loop
      vertex 15.9952 21.3963 17.7
      vertex 16 21.2 15
      vertex 15.9952 21.3963 3.2
    endloop
  endfacet
  facet normal 0.999701 0.0244451 0
    outer loop
      vertex 15.9952 21.3963 3.2
      vertex 16 21.2 15
      vertex 16 21.2 3.2
    endloop
  endfacet
  facet normal -0.817553 0.575853 0
    outer loop
      vertex 8.67412 23.4223 3.2
      vertex 8.78717 23.5828 17.7
      vertex 8.78717 23.5828 3.2
    endloop
  endfacet
  facet normal -0.817553 0.575853 0
    outer loop
      vertex 8.78717 23.5828 17.7
      vertex 8.67412 23.4223 3.2
      vertex 8.67412 23.4223 17.7
    endloop
  endfacet
  facet normal -0.122469 -0.992472 -0.000398893
    outer loop
      vertex 11.4131 17.2433 15
      vertex 11.6079 17.2193 14.9059
      vertex 11.4755 17.2356 15
    endloop
  endfacet
  facet normal -0.122279 -0.992496 0
    outer loop
      vertex 11.4131 17.2433 3.2
      vertex 11.6079 17.2193 14.9059
      vertex 11.4131 17.2433 15
    endloop
  endfacet
  facet normal -0.122279 -0.992496 -0
    outer loop
      vertex 11.6079 17.2193 14.9059
      vertex 11.4131 17.2433 3.2
      vertex 11.6079 17.2193 3.2
    endloop
  endfacet
  facet normal -0.788389 -0.615177 0
    outer loop
      vertex 8.90796 18.6624 3.2
      vertex 8.78717 18.8172 15
      vertex 8.78717 18.8172 3.2
    endloop
  endfacet
  facet normal -0.788389 -0.615177 0
    outer loop
      vertex 8.78717 18.8172 15
      vertex 8.90796 18.6624 3.2
      vertex 8.90796 18.6624 15
    endloop
  endfacet
  facet normal 0.963853 -0.266435 0
    outer loop
      vertex 15.8278 20.0389 15
      vertex 15.8801 20.2281 3.2
      vertex 15.8801 20.2281 15
    endloop
  endfacet
  facet normal 0.963853 -0.266435 0
    outer loop
      vertex 15.8801 20.2281 3.2
      vertex 15.8278 20.0389 15
      vertex 15.8278 20.0389 3.2
    endloop
  endfacet
  facet normal -0.985282 0.170935 0
    outer loop
      vertex 8.04329 21.7869 3.2
      vertex 8.07686 21.9804 17.7
      vertex 8.07686 21.9804 3.2
    endloop
  endfacet
  facet normal -0.985282 0.170935 0
    outer loop
      vertex 8.07686 21.9804 17.7
      vertex 8.04329 21.7869 3.2
      vertex 8.04329 21.7869 17.7
    endloop
  endfacet
  facet normal 0.266435 -0.963853 0
    outer loop
      vertex 12.9719 17.3199 3.2
      vertex 13.1611 17.3722 15
      vertex 12.9719 17.3199 15
    endloop
  endfacet
  facet normal 0.266435 -0.963853 0
    outer loop
      vertex 13.1611 17.3722 15
      vertex 12.9719 17.3199 3.2
      vertex 13.1611 17.3722 3.2
    endloop
  endfacet
  facet normal 0.689579 -0.724211 0
    outer loop
      vertex 14.6862 18.2362 3.2
      vertex 14.8284 18.3716 15
      vertex 14.6862 18.2362 15
    endloop
  endfacet
  facet normal 0.689579 -0.724211 0
    outer loop
      vertex 14.8284 18.3716 15
      vertex 14.6862 18.2362 3.2
      vertex 14.8284 18.3716 3.2
    endloop
  endfacet
  facet normal -0.992477 0.122429 0
    outer loop
      vertex 8.01926 21.5921 3.2
      vertex 8.04329 21.7869 17.7
      vertex 8.04329 21.7869 3.2
    endloop
  endfacet
  facet normal -0.992477 0.122429 0
    outer loop
      vertex 8.04329 21.7869 17.7
      vertex 8.01926 21.5921 3.2
      vertex 8.01926 21.5921 17.7
    endloop
  endfacet
  facet normal 0.449656 -0.893202 0
    outer loop
      vertex 13.7102 17.584 3.2
      vertex 13.8856 17.6723 15
      vertex 13.7102 17.584 15
    endloop
  endfacet
  facet normal 0.449656 -0.893202 0
    outer loop
      vertex 13.8856 17.6723 15
      vertex 13.7102 17.584 3.2
      vertex 13.8856 17.6723 3.2
    endloop
  endfacet
  facet normal 0.122469 -0.992472 -0.000398893
    outer loop
      vertex 12.3921 17.2193 14.9059
      vertex 12.5869 17.2433 15
      vertex 12.5245 17.2356 15
    endloop
  endfacet
  facet normal 0.122279 -0.992496 0
    outer loop
      vertex 12.5869 17.2433 3.2
      vertex 12.3921 17.2193 14.9059
      vertex 12.3921 17.2193 3.2
    endloop
  endfacet
  facet normal 0.122279 -0.992496 0
    outer loop
      vertex 12.3921 17.2193 14.9059
      vertex 12.5869 17.2433 3.2
      vertex 12.5869 17.2433 15
    endloop
  endfacet
  facet normal 0.932872 -0.360208 0
    outer loop
      vertex 15.6955 19.6693 15
      vertex 15.7662 19.8524 3.2
      vertex 15.7662 19.8524 15
    endloop
  endfacet
  facet normal 0.932872 -0.360208 0
    outer loop
      vertex 15.7662 19.8524 3.2
      vertex 15.6955 19.6693 15
      vertex 15.6955 19.6693 3.2
    endloop
  endfacet
  facet normal 0.122279 0.992496 -0
    outer loop
      vertex 12.5869 25.1567 3.2
      vertex 12.3921 25.1807 17.7
      vertex 12.5869 25.1567 17.7
    endloop
  endfacet
  facet normal 0.122279 0.992496 0
    outer loop
      vertex 12.3921 25.1807 17.7
      vertex 12.5869 25.1567 3.2
      vertex 12.3921 25.1807 3.2
    endloop
  endfacet
  facet normal 0.689579 0.724211 -0
    outer loop
      vertex 14.8284 24.0284 3.2
      vertex 14.6862 24.1638 17.7
      vertex 14.8284 24.0284 17.7
    endloop
  endfacet
  facet normal 0.689579 0.724211 0
    outer loop
      vertex 14.6862 24.1638 17.7
      vertex 14.8284 24.0284 3.2
      vertex 14.6862 24.1638 3.2
    endloop
  endfacet
  facet normal 0.493064 -0.869993 0
    outer loop
      vertex 13.8856 17.6723 3.2
      vertex 14.0564 17.7691 15
      vertex 13.8856 17.6723 15
    endloop
  endfacet
  facet normal 0.493064 -0.869993 0
    outer loop
      vertex 14.0564 17.7691 15
      vertex 13.8856 17.6723 3.2
      vertex 14.0564 17.7691 3.2
    endloop
  endfacet
  facet normal 0.724211 0.689579 0
    outer loop
      vertex 14.9638 23.8862 17.7
      vertex 14.8284 24.0284 3.2
      vertex 14.8284 24.0284 17.7
    endloop
  endfacet
  facet normal 0.724211 0.689579 0
    outer loop
      vertex 14.8284 24.0284 3.2
      vertex 14.9638 23.8862 17.7
      vertex 14.9638 23.8862 3.2
    endloop
  endfacet
  facet normal -0.615283 -0.788306 0
    outer loop
      vertex 9.46243 18.108 3.2
      vertex 9.6172 17.9872 15
      vertex 9.46243 18.108 15
    endloop
  endfacet
  facet normal -0.615283 -0.788306 -0
    outer loop
      vertex 9.6172 17.9872 15
      vertex 9.46243 18.108 3.2
      vertex 9.6172 17.9872 3.2
    endloop
  endfacet
  facet normal 0.817433 0.576023 0
    outer loop
      vertex 15.3259 23.4223 17.7
      vertex 15.2128 23.5828 3.2
      vertex 15.2128 23.5828 17.7
    endloop
  endfacet
  facet normal 0.817433 0.576023 0
    outer loop
      vertex 15.2128 23.5828 3.2
      vertex 15.3259 23.4223 17.7
      vertex 15.3259 23.4223 3.2
    endloop
  endfacet
  facet normal 0.171083 0.985257 -0
    outer loop
      vertex 12.7804 25.1231 3.2
      vertex 12.5869 25.1567 17.7
      vertex 12.7804 25.1231 17.7
    endloop
  endfacet
  facet normal 0.171083 0.985257 0
    outer loop
      vertex 12.5869 25.1567 17.7
      vertex 12.7804 25.1231 3.2
      vertex 12.5869 25.1567 3.2
    endloop
  endfacet
  facet normal -0.949576 0.313538 0
    outer loop
      vertex 8.17224 22.3611 3.2
      vertex 8.23382 22.5476 17.7
      vertex 8.23382 22.5476 3.2
    endloop
  endfacet
  facet normal -0.949576 0.313538 0
    outer loop
      vertex 8.23382 22.5476 17.7
      vertex 8.17224 22.3611 3.2
      vertex 8.17224 22.3611 17.7
    endloop
  endfacet
  facet normal 0.0244451 0.999701 -0
    outer loop
      vertex 12.1963 25.1952 3.2
      vertex 12 25.2 17.7
      vertex 12.1963 25.1952 17.7
    endloop
  endfacet
  facet normal 0.0244451 0.999701 0
    outer loop
      vertex 12 25.2 17.7
      vertex 12.1963 25.1952 3.2
      vertex 12 25.2 3.2
    endloop
  endfacet
  facet normal 0.975705 0.219088 0
    outer loop
      vertex 15.9231 21.9804 17.7
      vertex 15.8801 22.1719 3.2
      vertex 15.8801 22.1719 17.7
    endloop
  endfacet
  facet normal 0.975705 0.219088 0
    outer loop
      vertex 15.8801 22.1719 3.2
      vertex 15.9231 21.9804 17.7
      vertex 15.9231 21.9804 3.2
    endloop
  endfacet
  facet normal 0.724211 -0.689579 0
    outer loop
      vertex 14.8284 18.3716 15
      vertex 14.9638 18.5138 3.2
      vertex 14.9638 18.5138 15
    endloop
  endfacet
  facet normal 0.724211 -0.689579 0
    outer loop
      vertex 14.9638 18.5138 3.2
      vertex 14.8284 18.3716 15
      vertex 14.8284 18.3716 3.2
    endloop
  endfacet
  facet normal 0.992496 -0.122279 0
    outer loop
      vertex 15.9567 20.6131 15
      vertex 15.9807 20.8079 3.2
      vertex 15.9807 20.8079 15
    endloop
  endfacet
  facet normal 0.992496 -0.122279 0
    outer loop
      vertex 15.9807 20.8079 3.2
      vertex 15.9567 20.6131 15
      vertex 15.9567 20.6131 3.2
    endloop
  endfacet
  facet normal -0.493042 -0.870005 0
    outer loop
      vertex 9.94359 17.7691 3.2
      vertex 10.1144 17.6723 15
      vertex 9.94359 17.7691 15
    endloop
  endfacet
  facet normal -0.493042 -0.870005 -0
    outer loop
      vertex 10.1144 17.6723 15
      vertex 9.94359 17.7691 3.2
      vertex 10.1144 17.6723 3.2
    endloop
  endfacet
  facet normal -0.932941 -0.36003 0
    outer loop
      vertex 8.30448 19.6693 3.2
      vertex 8.23382 19.8524 15
      vertex 8.23382 19.8524 3.2
    endloop
  endfacet
  facet normal -0.932941 -0.36003 0
    outer loop
      vertex 8.23382 19.8524 15
      vertex 8.30448 19.6693 3.2
      vertex 8.30448 19.6693 15
    endloop
  endfacet
  facet normal 0.449656 0.893202 -0
    outer loop
      vertex 13.8856 24.7277 3.2
      vertex 13.7102 24.816 17.7
      vertex 13.8856 24.7277 17.7
    endloop
  endfacet
  facet normal 0.449656 0.893202 0
    outer loop
      vertex 13.7102 24.816 17.7
      vertex 13.8856 24.7277 3.2
      vertex 13.7102 24.816 3.2
    endloop
  endfacet
  facet normal 0.985257 -0.171083 0
    outer loop
      vertex 15.9231 20.4196 15
      vertex 15.9567 20.6131 3.2
      vertex 15.9567 20.6131 15
    endloop
  endfacet
  facet normal 0.985257 -0.171083 0
    outer loop
      vertex 15.9567 20.6131 3.2
      vertex 15.9231 20.4196 15
      vertex 15.9231 20.4196 3.2
    endloop
  endfacet
  facet normal 0.0738529 -0.997269 0
    outer loop
      vertex 12.3921 17.2193 3.2
      vertex 12.1963 17.2048 14.8226
      vertex 12.1963 17.2048 3.2
    endloop
  endfacet
  facet normal 0.0738529 -0.997269 0
    outer loop
      vertex 12.1963 17.2048 14.8226
      vertex 12.3921 17.2193 3.2
      vertex 12.3921 17.2193 14.9059
    endloop
  endfacet
  facet normal -0.449656 -0.893202 0
    outer loop
      vertex 10.1144 17.6723 3.2
      vertex 10.2898 17.584 15
      vertex 10.1144 17.6723 15
    endloop
  endfacet
  facet normal -0.449656 -0.893202 -0
    outer loop
      vertex 10.2898 17.584 15
      vertex 10.1144 17.6723 3.2
      vertex 10.2898 17.584 3.2
    endloop
  endfacet
  facet normal -0.575975 0.817467 0
    outer loop
      vertex 9.77772 24.5259 3.2
      vertex 9.6172 24.4128 17.7
      vertex 9.77772 24.5259 17.7
    endloop
  endfacet
  facet normal -0.575975 0.817467 0
    outer loop
      vertex 9.6172 24.4128 17.7
      vertex 9.77772 24.5259 3.2
      vertex 9.6172 24.4128 3.2
    endloop
  endfacet
  facet normal 0.893202 -0.449656 0
    outer loop
      vertex 15.5277 19.3144 15
      vertex 15.616 19.4898 3.2
      vertex 15.616 19.4898 15
    endloop
  endfacet
  facet normal 0.893202 -0.449656 0
    outer loop
      vertex 15.616 19.4898 3.2
      vertex 15.5277 19.3144 15
      vertex 15.5277 19.3144 3.2
    endloop
  endfacet
  facet normal 0.534798 -0.84498 0
    outer loop
      vertex 14.0564 17.7691 3.2
      vertex 14.2223 17.8741 15
      vertex 14.0564 17.7691 15
    endloop
  endfacet
  facet normal 0.534798 -0.84498 0
    outer loop
      vertex 14.2223 17.8741 15
      vertex 14.0564 17.7691 3.2
      vertex 14.2223 17.8741 3.2
    endloop
  endfacet
  facet normal 0.534798 0.84498 -0
    outer loop
      vertex 14.2223 24.5259 3.2
      vertex 14.0564 24.6309 17.7
      vertex 14.2223 24.5259 17.7
    endloop
  endfacet
  facet normal 0.534798 0.84498 0
    outer loop
      vertex 14.0564 24.6309 17.7
      vertex 14.2223 24.5259 3.2
      vertex 14.0564 24.6309 3.2
    endloop
  endfacet
  facet normal 0.869993 0.493064 0
    outer loop
      vertex 15.5277 23.0856 17.7
      vertex 15.4309 23.2564 3.2
      vertex 15.4309 23.2564 17.7
    endloop
  endfacet
  facet normal 0.869993 0.493064 0
    outer loop
      vertex 15.4309 23.2564 3.2
      vertex 15.5277 23.0856 17.7
      vertex 15.5277 23.0856 3.2
    endloop
  endfacet
  facet normal -0.653045 -0.757319 0
    outer loop
      vertex 9.31376 18.2362 3.2
      vertex 9.46243 18.108 15
      vertex 9.31376 18.2362 15
    endloop
  endfacet
  facet normal -0.653045 -0.757319 -0
    outer loop
      vertex 9.46243 18.108 15
      vertex 9.31376 18.2362 3.2
      vertex 9.46243 18.108 3.2
    endloop
  endfacet
  facet normal 0.360208 0.932872 -0
    outer loop
      vertex 13.5307 24.8955 3.2
      vertex 13.3476 24.9662 17.7
      vertex 13.5307 24.8955 17.7
    endloop
  endfacet
  facet normal 0.360208 0.932872 0
    outer loop
      vertex 13.3476 24.9662 17.7
      vertex 13.5307 24.8955 3.2
      vertex 13.3476 24.9662 3.2
    endloop
  endfacet
  facet normal -0.999699 0.0245469 0
    outer loop
      vertex 8 21.2 15
      vertex 8.00482 21.3963 3.2
      vertex 8 21.2 3.2
    endloop
  endfacet
  facet normal -0.999699 0.0245469 0
    outer loop
      vertex 8.00482 21.3963 3.2
      vertex 8 21.2 15
      vertex 8.00482 21.3963 17.7
    endloop
  endfacet
  facet normal -0.999699 0.0245469 0
    outer loop
      vertex 8.00482 21.3963 17.7
      vertex 8 21.2 15
      vertex 8 21.2 17.7
    endloop
  endfacet
  facet normal -0.404957 -0.914336 0
    outer loop
      vertex 10.2898 17.584 3.2
      vertex 10.4693 17.5045 15
      vertex 10.2898 17.584 15
    endloop
  endfacet
  facet normal -0.404957 -0.914336 -0
    outer loop
      vertex 10.4693 17.5045 15
      vertex 10.2898 17.584 3.2
      vertex 10.4693 17.5045 3.2
    endloop
  endfacet
  facet normal 0.949545 -0.31363 0
    outer loop
      vertex 15.7662 19.8524 15
      vertex 15.8278 20.0389 3.2
      vertex 15.8278 20.0389 15
    endloop
  endfacet
  facet normal 0.949545 -0.31363 0
    outer loop
      vertex 15.8278 20.0389 3.2
      vertex 15.7662 19.8524 15
      vertex 15.7662 19.8524 3.2
    endloop
  endfacet
  facet normal -0.788389 0.615177 0
    outer loop
      vertex 8.78717 23.5828 3.2
      vertex 8.90796 23.7376 17.7
      vertex 8.90796 23.7376 3.2
    endloop
  endfacet
  facet normal -0.788389 0.615177 0
    outer loop
      vertex 8.90796 23.7376 17.7
      vertex 8.78717 23.5828 3.2
      vertex 8.78717 23.5828 17.7
    endloop
  endfacet
  facet normal 0.932872 0.360208 0
    outer loop
      vertex 15.7662 22.5476 17.7
      vertex 15.6955 22.7307 3.2
      vertex 15.6955 22.7307 17.7
    endloop
  endfacet
  facet normal 0.932872 0.360208 0
    outer loop
      vertex 15.6955 22.7307 3.2
      vertex 15.7662 22.5476 17.7
      vertex 15.7662 22.5476 3.2
    endloop
  endfacet
  facet normal -0.0738529 -0.997269 0
    outer loop
      vertex 11.6079 17.2193 3.2
      vertex 11.8037 17.2048 14.8226
      vertex 11.6079 17.2193 14.9059
    endloop
  endfacet
  facet normal -0.0738529 -0.997269 -0
    outer loop
      vertex 11.8037 17.2048 14.8226
      vertex 11.6079 17.2193 3.2
      vertex 11.8037 17.2048 3.2
    endloop
  endfacet
  facet normal -0.963761 0.266766 0
    outer loop
      vertex 8.11987 22.1719 3.2
      vertex 8.17224 22.3611 17.7
      vertex 8.17224 22.3611 3.2
    endloop
  endfacet
  facet normal -0.963761 0.266766 0
    outer loop
      vertex 8.17224 22.3611 17.7
      vertex 8.11987 22.1719 3.2
      vertex 8.11987 22.1719 17.7
    endloop
  endfacet
  facet normal 0.893202 0.449656 0
    outer loop
      vertex 15.616 22.9102 17.7
      vertex 15.5277 23.0856 3.2
      vertex 15.5277 23.0856 17.7
    endloop
  endfacet
  facet normal 0.893202 0.449656 0
    outer loop
      vertex 15.5277 23.0856 3.2
      vertex 15.616 22.9102 17.7
      vertex 15.616 22.9102 3.2
    endloop
  endfacet
  facet normal -0.266435 0.963853 0
    outer loop
      vertex 11.0281 25.0801 3.2
      vertex 10.8389 25.0278 17.7
      vertex 11.0281 25.0801 17.7
    endloop
  endfacet
  facet normal -0.266435 0.963853 0
    outer loop
      vertex 10.8389 25.0278 17.7
      vertex 11.0281 25.0801 3.2
      vertex 10.8389 25.0278 3.2
    endloop
  endfacet
  facet normal -0.534867 0.844936 0
    outer loop
      vertex 9.94359 24.6309 3.2
      vertex 9.77772 24.5259 17.7
      vertex 9.94359 24.6309 17.7
    endloop
  endfacet
  facet normal -0.534867 0.844936 0
    outer loop
      vertex 9.77772 24.5259 17.7
      vertex 9.94359 24.6309 3.2
      vertex 9.77772 24.5259 3.2
    endloop
  endfacet
  facet normal -0.914223 0.405212 0
    outer loop
      vertex 8.30448 22.7307 3.2
      vertex 8.38404 22.9102 17.7
      vertex 8.38404 22.9102 3.2
    endloop
  endfacet
  facet normal -0.914223 0.405212 0
    outer loop
      vertex 8.38404 22.9102 17.7
      vertex 8.30448 22.7307 3.2
      vertex 8.30448 22.7307 17.7
    endloop
  endfacet
  facet normal -0.689604 0.724186 0
    outer loop
      vertex 9.31376 24.1638 3.2
      vertex 9.17157 24.0284 17.7
      vertex 9.31376 24.1638 17.7
    endloop
  endfacet
  facet normal -0.689604 0.724186 0
    outer loop
      vertex 9.17157 24.0284 17.7
      vertex 9.31376 24.1638 3.2
      vertex 9.17157 24.0284 3.2
    endloop
  endfacet
  facet normal 0.615209 0.788364 -0
    outer loop
      vertex 14.5376 24.292 3.2
      vertex 14.3828 24.4128 17.7
      vertex 14.5376 24.292 17.7
    endloop
  endfacet
  facet normal 0.615209 0.788364 0
    outer loop
      vertex 14.3828 24.4128 17.7
      vertex 14.5376 24.292 3.2
      vertex 14.3828 24.4128 3.2
    endloop
  endfacet
  facet normal -0.219088 0.975705 0
    outer loop
      vertex 11.2196 25.1231 3.2
      vertex 11.0281 25.0801 17.7
      vertex 11.2196 25.1231 17.7
    endloop
  endfacet
  facet normal -0.219088 0.975705 0
    outer loop
      vertex 11.0281 25.0801 17.7
      vertex 11.2196 25.1231 3.2
      vertex 11.0281 25.0801 3.2
    endloop
  endfacet
  facet normal -0.171083 0.985257 0
    outer loop
      vertex 11.4131 25.1567 3.2
      vertex 11.2196 25.1231 17.7
      vertex 11.4131 25.1567 17.7
    endloop
  endfacet
  facet normal -0.171083 0.985257 0
    outer loop
      vertex 11.2196 25.1231 17.7
      vertex 11.4131 25.1567 3.2
      vertex 11.2196 25.1231 3.2
    endloop
  endfacet
  facet normal -0.997292 0.073549 0
    outer loop
      vertex 8.00482 21.3963 3.2
      vertex 8.01926 21.5921 17.7
      vertex 8.01926 21.5921 3.2
    endloop
  endfacet
  facet normal -0.997292 0.073549 0
    outer loop
      vertex 8.01926 21.5921 17.7
      vertex 8.00482 21.3963 3.2
      vertex 8.00482 21.3963 17.7
    endloop
  endfacet
  facet normal -0.870037 0.492987 0
    outer loop
      vertex 8.47231 23.0856 3.2
      vertex 8.56909 23.2564 17.7
      vertex 8.56909 23.2564 3.2
    endloop
  endfacet
  facet normal -0.870037 0.492987 0
    outer loop
      vertex 8.56909 23.2564 17.7
      vertex 8.47231 23.0856 3.2
      vertex 8.47231 23.0856 17.7
    endloop
  endfacet
  facet normal -0.893263 -0.449534 0
    outer loop
      vertex 8.47231 19.3144 3.2
      vertex 8.38404 19.4898 15
      vertex 8.38404 19.4898 3.2
    endloop
  endfacet
  facet normal -0.893263 -0.449534 0
    outer loop
      vertex 8.38404 19.4898 15
      vertex 8.47231 19.3144 3.2
      vertex 8.47231 19.3144 15
    endloop
  endfacet
  facet normal 0.576023 -0.817433 0
    outer loop
      vertex 14.2223 17.8741 3.2
      vertex 14.3828 17.9872 15
      vertex 14.2223 17.8741 15
    endloop
  endfacet
  facet normal 0.576023 -0.817433 0
    outer loop
      vertex 14.3828 17.9872 15
      vertex 14.2223 17.8741 3.2
      vertex 14.3828 17.9872 3.2
    endloop
  endfacet
  facet normal -0.0738529 0.997269 0
    outer loop
      vertex 11.8037 25.1952 3.2
      vertex 11.6079 25.1807 17.7
      vertex 11.8037 25.1952 17.7
    endloop
  endfacet
  facet normal -0.0738529 0.997269 0
    outer loop
      vertex 11.6079 25.1807 17.7
      vertex 11.8037 25.1952 3.2
      vertex 11.6079 25.1807 3.2
    endloop
  endfacet
  facet normal -0.999699 -0.0245469 0
    outer loop
      vertex 8.00482 21.0037 3.2
      vertex 8 21.2 15
      vertex 8 21.2 3.2
    endloop
  endfacet
  facet normal -0.999699 -0.0245469 0
    outer loop
      vertex 8 21.2 15
      vertex 8.00482 21.0037 3.2
      vertex 8.00482 21.0037 15
    endloop
  endfacet
  facet normal -0.404957 0.914336 0
    outer loop
      vertex 10.4693 24.8955 3.2
      vertex 10.2898 24.816 17.7
      vertex 10.4693 24.8955 17.7
    endloop
  endfacet
  facet normal -0.404957 0.914336 0
    outer loop
      vertex 10.2898 24.816 17.7
      vertex 10.4693 24.8955 3.2
      vertex 10.2898 24.816 3.2
    endloop
  endfacet
  facet normal -0.992477 -0.122429 0
    outer loop
      vertex 8.04329 20.6131 3.2
      vertex 8.01926 20.8079 15
      vertex 8.01926 20.8079 3.2
    endloop
  endfacet
  facet normal -0.992477 -0.122429 0
    outer loop
      vertex 8.01926 20.8079 15
      vertex 8.04329 20.6131 3.2
      vertex 8.04329 20.6131 15
    endloop
  endfacet
  facet normal 0.757167 -0.653222 0
    outer loop
      vertex 14.9638 18.5138 15
      vertex 15.092 18.6624 3.2
      vertex 15.092 18.6624 15
    endloop
  endfacet
  facet normal 0.757167 -0.653222 0
    outer loop
      vertex 15.092 18.6624 3.2
      vertex 14.9638 18.5138 15
      vertex 14.9638 18.5138 3.2
    endloop
  endfacet
  facet normal 0.788364 -0.615209 0
    outer loop
      vertex 15.092 18.6624 15
      vertex 15.2128 18.8172 3.2
      vertex 15.2128 18.8172 15
    endloop
  endfacet
  facet normal 0.788364 -0.615209 0
    outer loop
      vertex 15.2128 18.8172 3.2
      vertex 15.092 18.6624 15
      vertex 15.092 18.6624 3.2
    endloop
  endfacet
  facet normal -0.757091 -0.653309 0
    outer loop
      vertex 9.03619 18.5138 3.2
      vertex 8.90796 18.6624 15
      vertex 8.90796 18.6624 3.2
    endloop
  endfacet
  facet normal -0.757091 -0.653309 0
    outer loop
      vertex 8.90796 18.6624 15
      vertex 9.03619 18.5138 3.2
      vertex 9.03619 18.5138 15
    endloop
  endfacet
  facet normal 0.914336 0.404957 0
    outer loop
      vertex 15.6955 22.7307 17.7
      vertex 15.616 22.9102 3.2
      vertex 15.616 22.9102 17.7
    endloop
  endfacet
  facet normal 0.914336 0.404957 0
    outer loop
      vertex 15.616 22.9102 3.2
      vertex 15.6955 22.7307 17.7
      vertex 15.6955 22.7307 3.2
    endloop
  endfacet
  facet normal -0.997292 -0.073549 0
    outer loop
      vertex 8.01926 20.8079 3.2
      vertex 8.00482 21.0037 15
      vertex 8.00482 21.0037 3.2
    endloop
  endfacet
  facet normal -0.997292 -0.073549 0
    outer loop
      vertex 8.00482 21.0037 15
      vertex 8.01926 20.8079 3.2
      vertex 8.01926 20.8079 15
    endloop
  endfacet
  facet normal 0.975705 -0.219088 0
    outer loop
      vertex 15.8801 20.2281 15
      vertex 15.9231 20.4196 3.2
      vertex 15.9231 20.4196 15
    endloop
  endfacet
  facet normal 0.975705 -0.219088 0
    outer loop
      vertex 15.9231 20.4196 3.2
      vertex 15.8801 20.2281 15
      vertex 15.8801 20.2281 3.2
    endloop
  endfacet
  facet normal -0.449656 0.893202 0
    outer loop
      vertex 10.2898 24.816 3.2
      vertex 10.1144 24.7277 17.7
      vertex 10.2898 24.816 17.7
    endloop
  endfacet
  facet normal -0.449656 0.893202 0
    outer loop
      vertex 10.1144 24.7277 17.7
      vertex 10.2898 24.816 3.2
      vertex 10.1144 24.7277 3.2
    endloop
  endfacet
  facet normal 0.266435 0.963853 -0
    outer loop
      vertex 13.1611 25.0278 3.2
      vertex 12.9719 25.0801 17.7
      vertex 13.1611 25.0278 17.7
    endloop
  endfacet
  facet normal 0.266435 0.963853 0
    outer loop
      vertex 12.9719 25.0801 17.7
      vertex 13.1611 25.0278 3.2
      vertex 12.9719 25.0801 3.2
    endloop
  endfacet
  facet normal 0.84498 -0.534798 0
    outer loop
      vertex 15.3259 18.9777 15
      vertex 15.4309 19.1436 3.2
      vertex 15.4309 19.1436 15
    endloop
  endfacet
  facet normal 0.84498 -0.534798 0
    outer loop
      vertex 15.4309 19.1436 3.2
      vertex 15.3259 18.9777 15
      vertex 15.3259 18.9777 3.2
    endloop
  endfacet
  facet normal 0.817433 -0.576023 0
    outer loop
      vertex 15.2128 18.8172 15
      vertex 15.3259 18.9777 3.2
      vertex 15.3259 18.9777 15
    endloop
  endfacet
  facet normal 0.817433 -0.576023 0
    outer loop
      vertex 15.3259 18.9777 3.2
      vertex 15.2128 18.8172 15
      vertex 15.2128 18.8172 3.2
    endloop
  endfacet
  facet normal 0.31363 -0.949545 0
    outer loop
      vertex 13.1611 17.3722 3.2
      vertex 13.3476 17.4338 15
      vertex 13.1611 17.3722 15
    endloop
  endfacet
  facet normal 0.31363 -0.949545 0
    outer loop
      vertex 13.3476 17.4338 15
      vertex 13.1611 17.3722 3.2
      vertex 13.3476 17.4338 3.2
    endloop
  endfacet
  facet normal 0.653222 -0.757167 0
    outer loop
      vertex 14.5376 18.108 3.2
      vertex 14.6862 18.2362 15
      vertex 14.5376 18.108 15
    endloop
  endfacet
  facet normal 0.653222 -0.757167 0
    outer loop
      vertex 14.6862 18.2362 15
      vertex 14.5376 18.108 3.2
      vertex 14.6862 18.2362 3.2
    endloop
  endfacet
  facet normal 0.0738529 0.997269 -0
    outer loop
      vertex 12.3921 25.1807 3.2
      vertex 12.1963 25.1952 17.7
      vertex 12.3921 25.1807 17.7
    endloop
  endfacet
  facet normal 0.0738529 0.997269 0
    outer loop
      vertex 12.1963 25.1952 17.7
      vertex 12.3921 25.1807 3.2
      vertex 12.1963 25.1952 3.2
    endloop
  endfacet
  facet normal -0.975694 0.219136 0
    outer loop
      vertex 8.07686 21.9804 3.2
      vertex 8.11987 22.1719 17.7
      vertex 8.11987 22.1719 3.2
    endloop
  endfacet
  facet normal -0.975694 0.219136 0
    outer loop
      vertex 8.11987 22.1719 17.7
      vertex 8.07686 21.9804 3.2
      vertex 8.07686 21.9804 17.7
    endloop
  endfacet
  facet normal -0.493042 0.870005 0
    outer loop
      vertex 10.1144 24.7277 3.2
      vertex 9.94359 24.6309 17.7
      vertex 10.1144 24.7277 17.7
    endloop
  endfacet
  facet normal -0.493042 0.870005 0
    outer loop
      vertex 9.94359 24.6309 17.7
      vertex 10.1144 24.7277 3.2
      vertex 9.94359 24.6309 3.2
    endloop
  endfacet
  facet normal 0.757167 0.653222 0
    outer loop
      vertex 15.092 23.7376 17.7
      vertex 14.9638 23.8862 3.2
      vertex 14.9638 23.8862 17.7
    endloop
  endfacet
  facet normal 0.757167 0.653222 0
    outer loop
      vertex 14.9638 23.8862 3.2
      vertex 15.092 23.7376 17.7
      vertex 15.092 23.7376 3.2
    endloop
  endfacet
  facet normal -0.0244451 0.999701 0
    outer loop
      vertex 12 25.2 3.2
      vertex 11.8037 25.1952 17.7
      vertex 12 25.2 17.7
    endloop
  endfacet
  facet normal -0.0244451 0.999701 0
    outer loop
      vertex 11.8037 25.1952 17.7
      vertex 12 25.2 3.2
      vertex 11.8037 25.1952 3.2
    endloop
  endfacet
  facet normal 0.0244451 -0.999701 0
    outer loop
      vertex 12.1963 17.2048 3.2
      vertex 12 17.2 14.7949
      vertex 12 17.2 3.2
    endloop
  endfacet
  facet normal 0.0244451 -0.999701 0
    outer loop
      vertex 12 17.2 14.7949
      vertex 12.1963 17.2048 3.2
      vertex 12.1963 17.2048 14.8226
    endloop
  endfacet
  facet normal 0.219088 0.975705 -0
    outer loop
      vertex 12.9719 25.0801 3.2
      vertex 12.7804 25.1231 17.7
      vertex 12.9719 25.0801 17.7
    endloop
  endfacet
  facet normal 0.219088 0.975705 0
    outer loop
      vertex 12.7804 25.1231 17.7
      vertex 12.9719 25.0801 3.2
      vertex 12.7804 25.1231 3.2
    endloop
  endfacet
  facet normal -0.266435 -0.963853 0
    outer loop
      vertex 10.8389 17.3722 3.2
      vertex 11.0281 17.3199 15
      vertex 10.8389 17.3722 15
    endloop
  endfacet
  facet normal -0.266435 -0.963853 -0
    outer loop
      vertex 11.0281 17.3199 15
      vertex 10.8389 17.3722 3.2
      vertex 11.0281 17.3199 3.2
    endloop
  endfacet
  facet normal -0.817553 -0.575853 0
    outer loop
      vertex 8.78717 18.8172 3.2
      vertex 8.67412 18.9777 15
      vertex 8.67412 18.9777 3.2
    endloop
  endfacet
  facet normal -0.817553 -0.575853 0
    outer loop
      vertex 8.67412 18.9777 15
      vertex 8.78717 18.8172 3.2
      vertex 8.78717 18.8172 15
    endloop
  endfacet
  facet normal -0.653045 0.757319 0
    outer loop
      vertex 9.46243 24.292 3.2
      vertex 9.31376 24.1638 17.7
      vertex 9.46243 24.292 17.7
    endloop
  endfacet
  facet normal -0.653045 0.757319 0
    outer loop
      vertex 9.31376 24.1638 17.7
      vertex 9.46243 24.292 3.2
      vertex 9.31376 24.1638 3.2
    endloop
  endfacet
  facet normal -0.615283 0.788306 0
    outer loop
      vertex 9.6172 24.4128 3.2
      vertex 9.46243 24.292 17.7
      vertex 9.6172 24.4128 17.7
    endloop
  endfacet
  facet normal -0.615283 0.788306 0
    outer loop
      vertex 9.46243 24.292 17.7
      vertex 9.6172 24.4128 3.2
      vertex 9.46243 24.292 3.2
    endloop
  endfacet
  facet normal -0.31363 0.949545 0
    outer loop
      vertex 10.8389 25.0278 3.2
      vertex 10.6524 24.9662 17.7
      vertex 10.8389 25.0278 17.7
    endloop
  endfacet
  facet normal -0.313856 0.949471 -3.22343e-06
    outer loop
      vertex 10.7548 25 3.2
      vertex 10.6524 24.9662 17.7
      vertex 10.8389 25.0278 3.2
    endloop
  endfacet
  facet normal -0.313444 0.949607 0
    outer loop
      vertex 10.6524 24.9662 17.7
      vertex 10.7548 25 3.2
      vertex 10.6524 24.9662 3.2
    endloop
  endfacet
  facet normal -0.31363 -0.949545 0
    outer loop
      vertex 10.6524 17.4338 3.2
      vertex 10.8389 17.3722 15
      vertex 10.6524 17.4338 15
    endloop
  endfacet
  facet normal -0.31363 -0.949545 -0
    outer loop
      vertex 10.8389 17.3722 15
      vertex 10.6524 17.4338 3.2
      vertex 10.8389 17.3722 3.2
    endloop
  endfacet
  facet normal 0.404957 -0.914336 0
    outer loop
      vertex 13.5307 17.5045 3.2
      vertex 13.7102 17.584 15
      vertex 13.5307 17.5045 15
    endloop
  endfacet
  facet normal 0.404957 -0.914336 0
    outer loop
      vertex 13.7102 17.584 15
      vertex 13.5307 17.5045 3.2
      vertex 13.7102 17.584 3.2
    endloop
  endfacet
  facet normal -0.932941 0.36003 0
    outer loop
      vertex 8.23382 22.5476 3.2
      vertex 8.30448 22.7307 17.7
      vertex 8.30448 22.7307 3.2
    endloop
  endfacet
  facet normal -0.932941 0.36003 0
    outer loop
      vertex 8.30448 22.7307 17.7
      vertex 8.23382 22.5476 3.2
      vertex 8.23382 22.5476 17.7
    endloop
  endfacet
  facet normal -0.949576 -0.313538 0
    outer loop
      vertex 8.23382 19.8524 3.2
      vertex 8.17224 20.0389 15
      vertex 8.17224 20.0389 3.2
    endloop
  endfacet
  facet normal -0.949576 -0.313538 0
    outer loop
      vertex 8.17224 20.0389 15
      vertex 8.23382 19.8524 3.2
      vertex 8.23382 19.8524 15
    endloop
  endfacet
  facet normal -0.963761 -0.266766 0
    outer loop
      vertex 8.17224 20.0389 3.2
      vertex 8.11987 20.2281 15
      vertex 8.11987 20.2281 3.2
    endloop
  endfacet
  facet normal -0.963761 -0.266766 0
    outer loop
      vertex 8.11987 20.2281 15
      vertex 8.17224 20.0389 3.2
      vertex 8.17224 20.0389 15
    endloop
  endfacet
  facet normal 0.615209 -0.788364 0
    outer loop
      vertex 14.3828 17.9872 3.2
      vertex 14.5376 18.108 15
      vertex 14.3828 17.9872 15
    endloop
  endfacet
  facet normal 0.615209 -0.788364 0
    outer loop
      vertex 14.5376 18.108 15
      vertex 14.3828 17.9872 3.2
      vertex 14.5376 18.108 3.2
    endloop
  endfacet
  facet normal -0.844911 0.534907 0
    outer loop
      vertex 8.56909 23.2564 3.2
      vertex 8.67412 23.4223 17.7
      vertex 8.67412 23.4223 3.2
    endloop
  endfacet
  facet normal -0.844911 0.534907 0
    outer loop
      vertex 8.67412 23.4223 17.7
      vertex 8.56909 23.2564 3.2
      vertex 8.56909 23.2564 17.7
    endloop
  endfacet
  facet normal -0.219088 -0.975705 0
    outer loop
      vertex 11.0281 17.3199 3.2
      vertex 11.2196 17.2769 15
      vertex 11.0281 17.3199 15
    endloop
  endfacet
  facet normal -0.219088 -0.975705 -0
    outer loop
      vertex 11.2196 17.2769 15
      vertex 11.0281 17.3199 3.2
      vertex 11.2196 17.2769 3.2
    endloop
  endfacet
  facet normal -0.171083 -0.985257 0
    outer loop
      vertex 11.2196 17.2769 3.2
      vertex 11.4131 17.2433 15
      vertex 11.2196 17.2769 15
    endloop
  endfacet
  facet normal -0.171083 -0.985257 -0
    outer loop
      vertex 11.4131 17.2433 15
      vertex 11.2196 17.2769 3.2
      vertex 11.4131 17.2433 3.2
    endloop
  endfacet
  facet normal -0.575975 -0.817467 0
    outer loop
      vertex 9.6172 17.9872 3.2
      vertex 9.77772 17.8741 15
      vertex 9.6172 17.9872 15
    endloop
  endfacet
  facet normal -0.575975 -0.817467 -0
    outer loop
      vertex 9.77772 17.8741 15
      vertex 9.6172 17.9872 3.2
      vertex 9.77772 17.8741 3.2
    endloop
  endfacet
  facet normal -0.534867 -0.844936 0
    outer loop
      vertex 9.77772 17.8741 3.2
      vertex 9.94359 17.7691 15
      vertex 9.77772 17.8741 15
    endloop
  endfacet
  facet normal -0.534867 -0.844936 -0
    outer loop
      vertex 9.94359 17.7691 15
      vertex 9.77772 17.8741 3.2
      vertex 9.94359 17.7691 3.2
    endloop
  endfacet
  facet normal -0.870037 -0.492987 0
    outer loop
      vertex 8.56909 19.1436 3.2
      vertex 8.47231 19.3144 15
      vertex 8.47231 19.3144 3.2
    endloop
  endfacet
  facet normal -0.870037 -0.492987 0
    outer loop
      vertex 8.47231 19.3144 15
      vertex 8.56909 19.1436 3.2
      vertex 8.56909 19.1436 15
    endloop
  endfacet
  facet normal -0.360208 -0.932872 0
    outer loop
      vertex 10.4693 17.5045 3.2
      vertex 10.6524 17.4338 15
      vertex 10.4693 17.5045 15
    endloop
  endfacet
  facet normal -0.360208 -0.932872 -0
    outer loop
      vertex 10.6524 17.4338 15
      vertex 10.4693 17.5045 3.2
      vertex 10.6524 17.4338 3.2
    endloop
  endfacet
  facet normal 1 -0 0
    outer loop
      vertex 16 -21.2 17.7
      vertex 16 -17.4789 17.1413
      vertex 16 -17.4926 17.7
    endloop
  endfacet
  facet normal 1 0 0
    outer loop
      vertex 16 -21.2 17.7
      vertex 16 -17.4157 16.2847
      vertex 16 -17.4789 17.1413
    endloop
  endfacet
  facet normal 1 0 0
    outer loop
      vertex 16 -21.2 15
      vertex 16 -17.4157 16.2847
      vertex 16 -21.2 17.7
    endloop
  endfacet
  facet normal 1 0 0
    outer loop
      vertex 16 -17.4157 16.2847
      vertex 16 -21.2 15
      vertex 16 -17.3106 15.4322
    endloop
  endfacet
  facet normal 1 0 0
    outer loop
      vertex 16 -17.3106 15.4322
      vertex 16 -21.2 15
      vertex 16 -17.2356 15
    endloop
  endfacet
  facet normal 0 0 -1
    outer loop
      vertex 15.9952 -21.0037 15
      vertex 16 -17.2356 15
      vertex 16 -21.2 15
    endloop
  endfacet
  facet normal 0 0 -1
    outer loop
      vertex 15.9807 -20.8079 15
      vertex 16 -17.2356 15
      vertex 15.9952 -21.0037 15
    endloop
  endfacet
  facet normal 0 0 -1
    outer loop
      vertex 15.9567 -20.6131 15
      vertex 16 -17.2356 15
      vertex 15.9807 -20.8079 15
    endloop
  endfacet
  facet normal 0 0 -1
    outer loop
      vertex 15.9231 -20.4196 15
      vertex 16 -17.2356 15
      vertex 15.9567 -20.6131 15
    endloop
  endfacet
  facet normal 0 0 -1
    outer loop
      vertex 15.8801 -20.2281 15
      vertex 16 -17.2356 15
      vertex 15.9231 -20.4196 15
    endloop
  endfacet
  facet normal 0 0 -1
    outer loop
      vertex 15.8278 -20.0389 15
      vertex 16 -17.2356 15
      vertex 15.8801 -20.2281 15
    endloop
  endfacet
  facet normal 0 0 -1
    outer loop
      vertex 15.7662 -19.8524 15
      vertex 16 -17.2356 15
      vertex 15.8278 -20.0389 15
    endloop
  endfacet
  facet normal 0 0 -1
    outer loop
      vertex 15.6955 -19.6693 15
      vertex 16 -17.2356 15
      vertex 15.7662 -19.8524 15
    endloop
  endfacet
  facet normal 0 0 -1
    outer loop
      vertex 15.616 -19.4898 15
      vertex 16 -17.2356 15
      vertex 15.6955 -19.6693 15
    endloop
  endfacet
  facet normal 0 0 -1
    outer loop
      vertex 15.5277 -19.3144 15
      vertex 16 -17.2356 15
      vertex 15.616 -19.4898 15
    endloop
  endfacet
  facet normal 0 0 -1
    outer loop
      vertex 15.4309 -19.1436 15
      vertex 16 -17.2356 15
      vertex 15.5277 -19.3144 15
    endloop
  endfacet
  facet normal 0 0 -1
    outer loop
      vertex 15.3259 -18.9777 15
      vertex 16 -17.2356 15
      vertex 15.4309 -19.1436 15
    endloop
  endfacet
  facet normal 0 0 -1
    outer loop
      vertex 15.2128 -18.8172 15
      vertex 16 -17.2356 15
      vertex 15.3259 -18.9777 15
    endloop
  endfacet
  facet normal 0 0 -1
    outer loop
      vertex 15.092 -18.6624 15
      vertex 16 -17.2356 15
      vertex 15.2128 -18.8172 15
    endloop
  endfacet
  facet normal 0 0 -1
    outer loop
      vertex 14.9638 -18.5138 15
      vertex 16 -17.2356 15
      vertex 15.092 -18.6624 15
    endloop
  endfacet
  facet normal 0 0 -1
    outer loop
      vertex 14.8284 -18.3716 15
      vertex 16 -17.2356 15
      vertex 14.9638 -18.5138 15
    endloop
  endfacet
  facet normal 0 0 -1
    outer loop
      vertex 14.6862 -18.2362 15
      vertex 16 -17.2356 15
      vertex 14.8284 -18.3716 15
    endloop
  endfacet
  facet normal 0 0 -1
    outer loop
      vertex 14.5376 -18.108 15
      vertex 16 -17.2356 15
      vertex 14.6862 -18.2362 15
    endloop
  endfacet
  facet normal 0 0 -1
    outer loop
      vertex 14.3828 -17.9872 15
      vertex 16 -17.2356 15
      vertex 14.5376 -18.108 15
    endloop
  endfacet
  facet normal 0 0 -1
    outer loop
      vertex 14.2223 -17.8741 15
      vertex 16 -17.2356 15
      vertex 14.3828 -17.9872 15
    endloop
  endfacet
  facet normal 0 0 -1
    outer loop
      vertex 14.0564 -17.7691 15
      vertex 16 -17.2356 15
      vertex 14.2223 -17.8741 15
    endloop
  endfacet
  facet normal 0 0 -1
    outer loop
      vertex 13.8856 -17.6723 15
      vertex 16 -17.2356 15
      vertex 14.0564 -17.7691 15
    endloop
  endfacet
  facet normal 0 0 -1
    outer loop
      vertex 13.7102 -17.584 15
      vertex 16 -17.2356 15
      vertex 13.8856 -17.6723 15
    endloop
  endfacet
  facet normal 0 0 -1
    outer loop
      vertex 13.5307 -17.5045 15
      vertex 16 -17.2356 15
      vertex 13.7102 -17.584 15
    endloop
  endfacet
  facet normal 0 0 -1
    outer loop
      vertex 13.3476 -17.4338 15
      vertex 16 -17.2356 15
      vertex 13.5307 -17.5045 15
    endloop
  endfacet
  facet normal 0 0 -1
    outer loop
      vertex 13.1611 -17.3722 15
      vertex 16 -17.2356 15
      vertex 13.3476 -17.4338 15
    endloop
  endfacet
  facet normal 0 0 -1
    outer loop
      vertex 12.9719 -17.3199 15
      vertex 16 -17.2356 15
      vertex 13.1611 -17.3722 15
    endloop
  endfacet
  facet normal 0 0 -1
    outer loop
      vertex 12.7804 -17.2769 15
      vertex 16 -17.2356 15
      vertex 12.9719 -17.3199 15
    endloop
  endfacet
  facet normal 0 0 -1
    outer loop
      vertex 12.5869 -17.2433 15
      vertex 16 -17.2356 15
      vertex 12.7804 -17.2769 15
    endloop
  endfacet
  facet normal -0 0 -1
    outer loop
      vertex 16 -17.2356 15
      vertex 12.5869 -17.2433 15
      vertex 12.5245 -17.2356 15
    endloop
  endfacet
  facet normal 0 0 -1
    outer loop
      vertex 11.4131 -17.2433 15
      vertex 8 -17.2356 15
      vertex 11.4755 -17.2356 15
    endloop
  endfacet
  facet normal 0 0 -1
    outer loop
      vertex 11.2196 -17.2769 15
      vertex 8 -17.2356 15
      vertex 11.4131 -17.2433 15
    endloop
  endfacet
  facet normal 0 0 -1
    outer loop
      vertex 11.0281 -17.3199 15
      vertex 8 -17.2356 15
      vertex 11.2196 -17.2769 15
    endloop
  endfacet
  facet normal 0 0 -1
    outer loop
      vertex 10.8389 -17.3722 15
      vertex 8 -17.2356 15
      vertex 11.0281 -17.3199 15
    endloop
  endfacet
  facet normal 0 0 -1
    outer loop
      vertex 10.6524 -17.4338 15
      vertex 8 -17.2356 15
      vertex 10.8389 -17.3722 15
    endloop
  endfacet
  facet normal 0 0 -1
    outer loop
      vertex 10.4693 -17.5045 15
      vertex 8 -17.2356 15
      vertex 10.6524 -17.4338 15
    endloop
  endfacet
  facet normal 0 0 -1
    outer loop
      vertex 10.2898 -17.584 15
      vertex 8 -17.2356 15
      vertex 10.4693 -17.5045 15
    endloop
  endfacet
  facet normal 0 0 -1
    outer loop
      vertex 10.1144 -17.6723 15
      vertex 8 -17.2356 15
      vertex 10.2898 -17.584 15
    endloop
  endfacet
  facet normal 0 0 -1
    outer loop
      vertex 9.94359 -17.7691 15
      vertex 8 -17.2356 15
      vertex 10.1144 -17.6723 15
    endloop
  endfacet
  facet normal 0 0 -1
    outer loop
      vertex 9.77772 -17.8741 15
      vertex 8 -17.2356 15
      vertex 9.94359 -17.7691 15
    endloop
  endfacet
  facet normal 0 0 -1
    outer loop
      vertex 9.6172 -17.9872 15
      vertex 8 -17.2356 15
      vertex 9.77772 -17.8741 15
    endloop
  endfacet
  facet normal 0 0 -1
    outer loop
      vertex 9.46243 -18.108 15
      vertex 8 -17.2356 15
      vertex 9.6172 -17.9872 15
    endloop
  endfacet
  facet normal 0 0 -1
    outer loop
      vertex 9.31376 -18.2362 15
      vertex 8 -17.2356 15
      vertex 9.46243 -18.108 15
    endloop
  endfacet
  facet normal 0 0 -1
    outer loop
      vertex 9.17157 -18.3716 15
      vertex 8 -17.2356 15
      vertex 9.31376 -18.2362 15
    endloop
  endfacet
  facet normal 0 0 -1
    outer loop
      vertex 9.03619 -18.5138 15
      vertex 8 -17.2356 15
      vertex 9.17157 -18.3716 15
    endloop
  endfacet
  facet normal 0 0 -1
    outer loop
      vertex 8.90796 -18.6624 15
      vertex 8 -17.2356 15
      vertex 9.03619 -18.5138 15
    endloop
  endfacet
  facet normal 0 0 -1
    outer loop
      vertex 8.78717 -18.8172 15
      vertex 8 -17.2356 15
      vertex 8.90796 -18.6624 15
    endloop
  endfacet
  facet normal 0 0 -1
    outer loop
      vertex 8.67412 -18.9777 15
      vertex 8 -17.2356 15
      vertex 8.78717 -18.8172 15
    endloop
  endfacet
  facet normal 0 0 -1
    outer loop
      vertex 8.56909 -19.1436 15
      vertex 8 -17.2356 15
      vertex 8.67412 -18.9777 15
    endloop
  endfacet
  facet normal 0 0 -1
    outer loop
      vertex 8.47231 -19.3144 15
      vertex 8 -17.2356 15
      vertex 8.56909 -19.1436 15
    endloop
  endfacet
  facet normal 0 0 -1
    outer loop
      vertex 8.38404 -19.4898 15
      vertex 8 -17.2356 15
      vertex 8.47231 -19.3144 15
    endloop
  endfacet
  facet normal 0 0 -1
    outer loop
      vertex 8.30448 -19.6693 15
      vertex 8 -17.2356 15
      vertex 8.38404 -19.4898 15
    endloop
  endfacet
  facet normal 0 0 -1
    outer loop
      vertex 8.23382 -19.8524 15
      vertex 8 -17.2356 15
      vertex 8.30448 -19.6693 15
    endloop
  endfacet
  facet normal 0 0 -1
    outer loop
      vertex 8.17224 -20.0389 15
      vertex 8 -17.2356 15
      vertex 8.23382 -19.8524 15
    endloop
  endfacet
  facet normal 0 0 -1
    outer loop
      vertex 8.11987 -20.2281 15
      vertex 8 -17.2356 15
      vertex 8.17224 -20.0389 15
    endloop
  endfacet
  facet normal 0 0 -1
    outer loop
      vertex 8.07686 -20.4196 15
      vertex 8 -17.2356 15
      vertex 8.11987 -20.2281 15
    endloop
  endfacet
  facet normal 0 0 -1
    outer loop
      vertex 8.04329 -20.6131 15
      vertex 8 -17.2356 15
      vertex 8.07686 -20.4196 15
    endloop
  endfacet
  facet normal 0 0 -1
    outer loop
      vertex 8.01926 -20.8079 15
      vertex 8 -17.2356 15
      vertex 8.04329 -20.6131 15
    endloop
  endfacet
  facet normal 0 0 -1
    outer loop
      vertex 8.00482 -21.0037 15
      vertex 8 -17.2356 15
      vertex 8.01926 -20.8079 15
    endloop
  endfacet
  facet normal 0 0 -1
    outer loop
      vertex 8 -17.2356 15
      vertex 8.00482 -21.0037 15
      vertex 8 -21.2 15
    endloop
  endfacet
  facet normal -1 0 0
    outer loop
      vertex 8 -21.2 15
      vertex 8 -17.3106 15.4322
      vertex 8 -17.2356 15
    endloop
  endfacet
  facet normal -1 0 0
    outer loop
      vertex 8 -21.2 15
      vertex 8 -17.4157 16.2847
      vertex 8 -17.3106 15.4322
    endloop
  endfacet
  facet normal -1 0 0
    outer loop
      vertex 8 -21.2 17.7
      vertex 8 -17.4157 16.2847
      vertex 8 -21.2 15
    endloop
  endfacet
  facet normal -1 0 0
    outer loop
      vertex 8 -17.4157 16.2847
      vertex 8 -21.2 17.7
      vertex 8 -17.4789 17.1413
    endloop
  endfacet
  facet normal -1 0 0
    outer loop
      vertex 8 -17.4789 17.1413
      vertex 8 -21.2 17.7
      vertex 8 -17.4926 17.7
    endloop
  endfacet
  facet normal 1 0 0
    outer loop
      vertex 16 17.4789 17.1413
      vertex 16 21.2 17.7
      vertex 16 17.4926 17.7
    endloop
  endfacet
  facet normal 1 0 0
    outer loop
      vertex 16 17.4157 16.2847
      vertex 16 21.2 17.7
      vertex 16 17.4789 17.1413
    endloop
  endfacet
  facet normal 1 0 0
    outer loop
      vertex 16 21.2 17.7
      vertex 16 17.4157 16.2847
      vertex 16 21.2 15
    endloop
  endfacet
  facet normal 1 -0 0
    outer loop
      vertex 16 17.3106 15.4322
      vertex 16 21.2 15
      vertex 16 17.4157 16.2847
    endloop
  endfacet
  facet normal 1 0 0
    outer loop
      vertex 16 21.2 15
      vertex 16 17.3106 15.4322
      vertex 16 17.2356 15
    endloop
  endfacet
  facet normal 0 0 -1
    outer loop
      vertex 16 17.2356 15
      vertex 15.9952 21.0037 15
      vertex 16 21.2 15
    endloop
  endfacet
  facet normal 0 0 -1
    outer loop
      vertex 16 17.2356 15
      vertex 15.9807 20.8079 15
      vertex 15.9952 21.0037 15
    endloop
  endfacet
  facet normal 0 0 -1
    outer loop
      vertex 16 17.2356 15
      vertex 15.9567 20.6131 15
      vertex 15.9807 20.8079 15
    endloop
  endfacet
  facet normal 0 0 -1
    outer loop
      vertex 16 17.2356 15
      vertex 15.9231 20.4196 15
      vertex 15.9567 20.6131 15
    endloop
  endfacet
  facet normal 0 0 -1
    outer loop
      vertex 16 17.2356 15
      vertex 15.8801 20.2281 15
      vertex 15.9231 20.4196 15
    endloop
  endfacet
  facet normal 0 0 -1
    outer loop
      vertex 16 17.2356 15
      vertex 15.8278 20.0389 15
      vertex 15.8801 20.2281 15
    endloop
  endfacet
  facet normal 0 0 -1
    outer loop
      vertex 16 17.2356 15
      vertex 15.7662 19.8524 15
      vertex 15.8278 20.0389 15
    endloop
  endfacet
  facet normal 0 0 -1
    outer loop
      vertex 16 17.2356 15
      vertex 15.6955 19.6693 15
      vertex 15.7662 19.8524 15
    endloop
  endfacet
  facet normal 0 0 -1
    outer loop
      vertex 16 17.2356 15
      vertex 15.616 19.4898 15
      vertex 15.6955 19.6693 15
    endloop
  endfacet
  facet normal 0 0 -1
    outer loop
      vertex 16 17.2356 15
      vertex 15.5277 19.3144 15
      vertex 15.616 19.4898 15
    endloop
  endfacet
  facet normal 0 0 -1
    outer loop
      vertex 16 17.2356 15
      vertex 15.4309 19.1436 15
      vertex 15.5277 19.3144 15
    endloop
  endfacet
  facet normal 0 0 -1
    outer loop
      vertex 16 17.2356 15
      vertex 15.3259 18.9777 15
      vertex 15.4309 19.1436 15
    endloop
  endfacet
  facet normal 0 0 -1
    outer loop
      vertex 16 17.2356 15
      vertex 15.2128 18.8172 15
      vertex 15.3259 18.9777 15
    endloop
  endfacet
  facet normal 0 0 -1
    outer loop
      vertex 16 17.2356 15
      vertex 15.092 18.6624 15
      vertex 15.2128 18.8172 15
    endloop
  endfacet
  facet normal 0 0 -1
    outer loop
      vertex 16 17.2356 15
      vertex 14.9638 18.5138 15
      vertex 15.092 18.6624 15
    endloop
  endfacet
  facet normal 0 0 -1
    outer loop
      vertex 16 17.2356 15
      vertex 14.8284 18.3716 15
      vertex 14.9638 18.5138 15
    endloop
  endfacet
  facet normal 0 0 -1
    outer loop
      vertex 16 17.2356 15
      vertex 14.6862 18.2362 15
      vertex 14.8284 18.3716 15
    endloop
  endfacet
  facet normal 0 0 -1
    outer loop
      vertex 16 17.2356 15
      vertex 14.5376 18.108 15
      vertex 14.6862 18.2362 15
    endloop
  endfacet
  facet normal 0 0 -1
    outer loop
      vertex 16 17.2356 15
      vertex 14.3828 17.9872 15
      vertex 14.5376 18.108 15
    endloop
  endfacet
  facet normal 0 0 -1
    outer loop
      vertex 16 17.2356 15
      vertex 14.2223 17.8741 15
      vertex 14.3828 17.9872 15
    endloop
  endfacet
  facet normal 0 0 -1
    outer loop
      vertex 16 17.2356 15
      vertex 14.0564 17.7691 15
      vertex 14.2223 17.8741 15
    endloop
  endfacet
  facet normal 0 0 -1
    outer loop
      vertex 16 17.2356 15
      vertex 13.8856 17.6723 15
      vertex 14.0564 17.7691 15
    endloop
  endfacet
  facet normal 0 0 -1
    outer loop
      vertex 16 17.2356 15
      vertex 13.7102 17.584 15
      vertex 13.8856 17.6723 15
    endloop
  endfacet
  facet normal 0 0 -1
    outer loop
      vertex 16 17.2356 15
      vertex 13.5307 17.5045 15
      vertex 13.7102 17.584 15
    endloop
  endfacet
  facet normal 0 0 -1
    outer loop
      vertex 16 17.2356 15
      vertex 13.3476 17.4338 15
      vertex 13.5307 17.5045 15
    endloop
  endfacet
  facet normal 0 0 -1
    outer loop
      vertex 16 17.2356 15
      vertex 13.1611 17.3722 15
      vertex 13.3476 17.4338 15
    endloop
  endfacet
  facet normal 0 0 -1
    outer loop
      vertex 16 17.2356 15
      vertex 12.9719 17.3199 15
      vertex 13.1611 17.3722 15
    endloop
  endfacet
  facet normal 0 0 -1
    outer loop
      vertex 16 17.2356 15
      vertex 12.7804 17.2769 15
      vertex 12.9719 17.3199 15
    endloop
  endfacet
  facet normal 0 0 -1
    outer loop
      vertex 16 17.2356 15
      vertex 12.5869 17.2433 15
      vertex 12.7804 17.2769 15
    endloop
  endfacet
  facet normal 0 -0 -1
    outer loop
      vertex 12.5869 17.2433 15
      vertex 16 17.2356 15
      vertex 12.5245 17.2356 15
    endloop
  endfacet
  facet normal 0 0 -1
    outer loop
      vertex 8 17.2356 15
      vertex 11.4131 17.2433 15
      vertex 11.4755 17.2356 15
    endloop
  endfacet
  facet normal 0 0 -1
    outer loop
      vertex 8 17.2356 15
      vertex 11.2196 17.2769 15
      vertex 11.4131 17.2433 15
    endloop
  endfacet
  facet normal 0 0 -1
    outer loop
      vertex 8 17.2356 15
      vertex 11.0281 17.3199 15
      vertex 11.2196 17.2769 15
    endloop
  endfacet
  facet normal 0 0 -1
    outer loop
      vertex 8 17.2356 15
      vertex 10.8389 17.3722 15
      vertex 11.0281 17.3199 15
    endloop
  endfacet
  facet normal 0 0 -1
    outer loop
      vertex 8 17.2356 15
      vertex 10.6524 17.4338 15
      vertex 10.8389 17.3722 15
    endloop
  endfacet
  facet normal 0 0 -1
    outer loop
      vertex 8 17.2356 15
      vertex 10.4693 17.5045 15
      vertex 10.6524 17.4338 15
    endloop
  endfacet
  facet normal 0 0 -1
    outer loop
      vertex 8 17.2356 15
      vertex 10.2898 17.584 15
      vertex 10.4693 17.5045 15
    endloop
  endfacet
  facet normal 0 0 -1
    outer loop
      vertex 8 17.2356 15
      vertex 10.1144 17.6723 15
      vertex 10.2898 17.584 15
    endloop
  endfacet
  facet normal 0 0 -1
    outer loop
      vertex 8 17.2356 15
      vertex 9.94359 17.7691 15
      vertex 10.1144 17.6723 15
    endloop
  endfacet
  facet normal 0 0 -1
    outer loop
      vertex 8 17.2356 15
      vertex 9.77772 17.8741 15
      vertex 9.94359 17.7691 15
    endloop
  endfacet
  facet normal 0 0 -1
    outer loop
      vertex 8 17.2356 15
      vertex 9.6172 17.9872 15
      vertex 9.77772 17.8741 15
    endloop
  endfacet
  facet normal 0 0 -1
    outer loop
      vertex 8 17.2356 15
      vertex 9.46243 18.108 15
      vertex 9.6172 17.9872 15
    endloop
  endfacet
  facet normal 0 0 -1
    outer loop
      vertex 8 17.2356 15
      vertex 9.31376 18.2362 15
      vertex 9.46243 18.108 15
    endloop
  endfacet
  facet normal 0 0 -1
    outer loop
      vertex 8 17.2356 15
      vertex 9.17157 18.3716 15
      vertex 9.31376 18.2362 15
    endloop
  endfacet
  facet normal 0 0 -1
    outer loop
      vertex 8 17.2356 15
      vertex 9.03619 18.5138 15
      vertex 9.17157 18.3716 15
    endloop
  endfacet
  facet normal 0 0 -1
    outer loop
      vertex 8 17.2356 15
      vertex 8.90796 18.6624 15
      vertex 9.03619 18.5138 15
    endloop
  endfacet
  facet normal 0 0 -1
    outer loop
      vertex 8 17.2356 15
      vertex 8.78717 18.8172 15
      vertex 8.90796 18.6624 15
    endloop
  endfacet
  facet normal 0 0 -1
    outer loop
      vertex 8 17.2356 15
      vertex 8.67412 18.9777 15
      vertex 8.78717 18.8172 15
    endloop
  endfacet
  facet normal 0 0 -1
    outer loop
      vertex 8 17.2356 15
      vertex 8.56909 19.1436 15
      vertex 8.67412 18.9777 15
    endloop
  endfacet
  facet normal 0 0 -1
    outer loop
      vertex 8 17.2356 15
      vertex 8.47231 19.3144 15
      vertex 8.56909 19.1436 15
    endloop
  endfacet
  facet normal 0 0 -1
    outer loop
      vertex 8 17.2356 15
      vertex 8.38404 19.4898 15
      vertex 8.47231 19.3144 15
    endloop
  endfacet
  facet normal 0 0 -1
    outer loop
      vertex 8 17.2356 15
      vertex 8.30448 19.6693 15
      vertex 8.38404 19.4898 15
    endloop
  endfacet
  facet normal 0 0 -1
    outer loop
      vertex 8 17.2356 15
      vertex 8.23382 19.8524 15
      vertex 8.30448 19.6693 15
    endloop
  endfacet
  facet normal 0 0 -1
    outer loop
      vertex 8 17.2356 15
      vertex 8.17224 20.0389 15
      vertex 8.23382 19.8524 15
    endloop
  endfacet
  facet normal 0 0 -1
    outer loop
      vertex 8 17.2356 15
      vertex 8.11987 20.2281 15
      vertex 8.17224 20.0389 15
    endloop
  endfacet
  facet normal 0 0 -1
    outer loop
      vertex 8 17.2356 15
      vertex 8.07686 20.4196 15
      vertex 8.11987 20.2281 15
    endloop
  endfacet
  facet normal 0 0 -1
    outer loop
      vertex 8 17.2356 15
      vertex 8.04329 20.6131 15
      vertex 8.07686 20.4196 15
    endloop
  endfacet
  facet normal 0 0 -1
    outer loop
      vertex 8 17.2356 15
      vertex 8.01926 20.8079 15
      vertex 8.04329 20.6131 15
    endloop
  endfacet
  facet normal 0 0 -1
    outer loop
      vertex 8 17.2356 15
      vertex 8.00482 21.0037 15
      vertex 8.01926 20.8079 15
    endloop
  endfacet
  facet normal -0 0 -1
    outer loop
      vertex 8.00482 21.0037 15
      vertex 8 17.2356 15
      vertex 8 21.2 15
    endloop
  endfacet
  facet normal -1 0 0
    outer loop
      vertex 8 17.4157 16.2847
      vertex 8 21.2 17.7
      vertex 8 21.2 15
    endloop
  endfacet
  facet normal -1 -0 0
    outer loop
      vertex 8 21.2 17.7
      vertex 8 17.4789 17.1413
      vertex 8 17.4926 17.7
    endloop
  endfacet
  facet normal -1 0 0
    outer loop
      vertex 8 21.2 17.7
      vertex 8 17.4157 16.2847
      vertex 8 17.4789 17.1413
    endloop
  endfacet
  facet normal -1 0 0
    outer loop
      vertex 8 21.2 15
      vertex 8 17.3106 15.4322
      vertex 8 17.4157 16.2847
    endloop
  endfacet
  facet normal -1 0 -0
    outer loop
      vertex 8 17.3106 15.4322
      vertex 8 21.2 15
      vertex 8 17.2356 15
    endloop
  endfacet
  facet normal 1 -0 0
    outer loop
      vertex 29 -25 3.2
      vertex 29 25 0
      vertex 29 25 3.2
    endloop
  endfacet
  facet normal 1 0 0
    outer loop
      vertex 29 25 0
      vertex 29 -25 3.2
      vertex 29 -25 0
    endloop
  endfacet
  facet normal 0 0 -1
    outer loop
      vertex 23.4144 -19.9776 0
      vertex -0.414433 -19.9776 0
      vertex 23.4426 -19.8759 0
    endloop
  endfacet
  facet normal 0 0 -1
    outer loop
      vertex 0.5 9 0
      vertex -0.35259 20.3945 0
      vertex -0.349999 20.5 0
    endloop
  endfacet
  facet normal 0 0 -1
    outer loop
      vertex -0.442577 -19.8759 0
      vertex 23.4426 -19.8759 0
      vertex -0.414433 -19.9776 0
    endloop
  endfacet
  facet normal 0 0 -1
    outer loop
      vertex 0.5 9 0
      vertex -0.360353 20.2893 0
      vertex -0.35259 20.3945 0
    endloop
  endfacet
  facet normal 0 0 -1
    outer loop
      vertex 23.4426 -19.8759 0
      vertex -0.442577 -19.8759 0
      vertex 23.4757 -19.7757 0
    endloop
  endfacet
  facet normal 0 0 -1
    outer loop
      vertex 0.5 9 0
      vertex -0.37327 20.1845 0
      vertex -0.360353 20.2893 0
    endloop
  endfacet
  facet normal 0 0 -1
    outer loop
      vertex -0.475679 -19.7757 0
      vertex 23.4757 -19.7757 0
      vertex -0.442577 -19.8759 0
    endloop
  endfacet
  facet normal 0 0 -1
    outer loop
      vertex 0.5 9 0
      vertex -0.391312 20.0806 0
      vertex -0.37327 20.1845 0
    endloop
  endfacet
  facet normal 0 0 -1
    outer loop
      vertex 23.4757 -19.7757 0
      vertex -0.475679 -19.7757 0
      vertex 0.5 -9 0
    endloop
  endfacet
  facet normal 0 0 -1
    outer loop
      vertex 0.5 9 0
      vertex -0.414433 19.9776 0
      vertex -0.391312 20.0806 0
    endloop
  endfacet
  facet normal 0 0 -1
    outer loop
      vertex -0.513659 -19.6772 0
      vertex 0.5 -9 0
      vertex -0.475679 -19.7757 0
    endloop
  endfacet
  facet normal 0 0 -1
    outer loop
      vertex 0.5 9 0
      vertex -0.442577 19.8759 0
      vertex -0.414433 19.9776 0
    endloop
  endfacet
  facet normal 0 0 -1
    outer loop
      vertex -0.556422 -19.5808 0
      vertex 0.5 -9 0
      vertex -0.513659 -19.6772 0
    endloop
  endfacet
  facet normal 0 0 -1
    outer loop
      vertex 0.5 9 0
      vertex -0.475679 19.7757 0
      vertex -0.442577 19.8759 0
    endloop
  endfacet
  facet normal 0 0 -1
    outer loop
      vertex -0.603868 -19.4865 0
      vertex 0.5 -9 0
      vertex -0.556422 -19.5808 0
    endloop
  endfacet
  facet normal 0 0 -1
    outer loop
      vertex 0.5 9 0
      vertex -0.513659 19.6772 0
      vertex -0.475679 19.7757 0
    endloop
  endfacet
  facet normal 0 0 -1
    outer loop
      vertex -0.655883 -19.3947 0
      vertex 0.5 -9 0
      vertex -0.603868 -19.4865 0
    endloop
  endfacet
  facet normal 0 0 -1
    outer loop
      vertex 0.5 9 0
      vertex -0.556422 19.5808 0
      vertex -0.513659 19.6772 0
    endloop
  endfacet
  facet normal 0 0 -1
    outer loop
      vertex -0.712339 -19.3055 0
      vertex 0.5 -9 0
      vertex -0.655883 -19.3947 0
    endloop
  endfacet
  facet normal 0 0 -1
    outer loop
      vertex 0.5 9 0
      vertex -0.603868 19.4865 0
      vertex -0.556422 19.5808 0
    endloop
  endfacet
  facet normal 0 0 -1
    outer loop
      vertex -0.773104 -19.2192 0
      vertex 0.5 -9 0
      vertex -0.712339 -19.3055 0
    endloop
  endfacet
  facet normal 0 0 -1
    outer loop
      vertex 0.5 9 0
      vertex -0.655883 19.3947 0
      vertex -0.603868 19.4865 0
    endloop
  endfacet
  facet normal 0 0 -1
    outer loop
      vertex -0.838027 -19.1361 0
      vertex 0.5 -9 0
      vertex -0.773104 -19.2192 0
    endloop
  endfacet
  facet normal 0 0 -1
    outer loop
      vertex 0.5 9 0
      vertex -0.712339 19.3055 0
      vertex -0.655883 19.3947 0
    endloop
  endfacet
  facet normal 0 0 -1
    outer loop
      vertex -0.906955 -19.0561 0
      vertex 0.5 -9 0
      vertex -0.838027 -19.1361 0
    endloop
  endfacet
  facet normal 0 0 -1
    outer loop
      vertex 0.5 9 0
      vertex -0.773104 19.2192 0
      vertex -0.712339 19.3055 0
    endloop
  endfacet
  facet normal 0 0 -1
    outer loop
      vertex -0.97972 -18.9797 0
      vertex 0.5 -9 0
      vertex -0.906955 -19.0561 0
    endloop
  endfacet
  facet normal 0 0 -1
    outer loop
      vertex 0.5 9 0
      vertex -0.838027 19.1361 0
      vertex -0.773104 19.2192 0
    endloop
  endfacet
  facet normal 0 0 -1
    outer loop
      vertex -1.05615 -18.907 0
      vertex 0.5 -9 0
      vertex -0.97972 -18.9797 0
    endloop
  endfacet
  facet normal 0 0 -1
    outer loop
      vertex 0.5 9 0
      vertex -0.906955 19.0561 0
      vertex -0.838027 19.1361 0
    endloop
  endfacet
  facet normal 0 0 -1
    outer loop
      vertex -1.13605 -18.838 0
      vertex 0.5 -9 0
      vertex -1.05615 -18.907 0
    endloop
  endfacet
  facet normal 0 0 -1
    outer loop
      vertex 0.5 9 0
      vertex -0.97972 18.9797 0
      vertex -0.906955 19.0561 0
    endloop
  endfacet
  facet normal 0 0 -1
    outer loop
      vertex -1.21925 -18.7731 0
      vertex 0.5 -9 0
      vertex -1.13605 -18.838 0
    endloop
  endfacet
  facet normal 0 0 -1
    outer loop
      vertex 0.5 9 0
      vertex -1.05615 18.907 0
      vertex -0.97972 18.9797 0
    endloop
  endfacet
  facet normal 0 0 -1
    outer loop
      vertex -1.30552 -18.7123 0
      vertex 0.5 -9 0
      vertex -1.21925 -18.7731 0
    endloop
  endfacet
  facet normal 0 0 -1
    outer loop
      vertex 0.5 9 0
      vertex -1.13605 18.838 0
      vertex -1.05615 18.907 0
    endloop
  endfacet
  facet normal 0 0 -1
    outer loop
      vertex -1.39468 -18.6559 0
      vertex 0.5 -9 0
      vertex -1.30552 -18.7123 0
    endloop
  endfacet
  facet normal 0 0 -1
    outer loop
      vertex 0.5 9 0
      vertex -1.21925 18.7731 0
      vertex -1.13605 18.838 0
    endloop
  endfacet
  facet normal 0 0 -1
    outer loop
      vertex -1.4865 -18.6039 0
      vertex 0.5 -9 0
      vertex -1.39468 -18.6559 0
    endloop
  endfacet
  facet normal 0 0 -1
    outer loop
      vertex 0.5 9 0
      vertex -1.30552 18.7123 0
      vertex -1.21925 18.7731 0
    endloop
  endfacet
  facet normal 0 0 -1
    outer loop
      vertex -1.58076 -18.5564 0
      vertex 0.5 -9 0
      vertex -1.4865 -18.6039 0
    endloop
  endfacet
  facet normal 0 0 -1
    outer loop
      vertex 0.5 9 0
      vertex -1.39468 18.6559 0
      vertex -1.30552 18.7123 0
    endloop
  endfacet
  facet normal 0 0 -1
    outer loop
      vertex -1.67723 -18.5137 0
      vertex 0.5 -9 0
      vertex -1.58076 -18.5564 0
    endloop
  endfacet
  facet normal 0 0 -1
    outer loop
      vertex 0.5 9 0
      vertex -1.4865 18.6039 0
      vertex -1.39468 18.6559 0
    endloop
  endfacet
  facet normal 0 0 -1
    outer loop
      vertex -1.77569 -18.4757 0
      vertex 0.5 -9 0
      vertex -1.67723 -18.5137 0
    endloop
  endfacet
  facet normal 0 0 -1
    outer loop
      vertex 0.5 9 0
      vertex -1.58076 18.5564 0
      vertex -1.4865 18.6039 0
    endloop
  endfacet
  facet normal 0 0 -1
    outer loop
      vertex -1.87589 -18.4426 0
      vertex 0.5 -9 0
      vertex -1.77569 -18.4757 0
    endloop
  endfacet
  facet normal 0 0 -1
    outer loop
      vertex 0.5 9 0
      vertex -1.67723 18.5137 0
      vertex -1.58076 18.5564 0
    endloop
  endfacet
  facet normal 0 0 -1
    outer loop
      vertex -1.97759 -18.4144 0
      vertex 0.5 -9 0
      vertex -1.87589 -18.4426 0
    endloop
  endfacet
  facet normal 0 0 -1
    outer loop
      vertex 0.5 9 0
      vertex -1.77569 18.4757 0
      vertex -1.67723 18.5137 0
    endloop
  endfacet
  facet normal 0 0 -1
    outer loop
      vertex -2.08055 -18.3913 0
      vertex 0.5 -9 0
      vertex -1.97759 -18.4144 0
    endloop
  endfacet
  facet normal 0 0 -1
    outer loop
      vertex 0.5 9 0
      vertex -1.87589 18.4426 0
      vertex -1.77569 18.4757 0
    endloop
  endfacet
  facet normal 0 0 -1
    outer loop
      vertex -2.18453 -18.3733 0
      vertex 0.5 -9 0
      vertex -2.08055 -18.3913 0
    endloop
  endfacet
  facet normal 0 0 -1
    outer loop
      vertex 0.5 9 0
      vertex -1.97759 18.4144 0
      vertex -1.87589 18.4426 0
    endloop
  endfacet
  facet normal 0 0 -1
    outer loop
      vertex -2.28926 -18.3604 0
      vertex 0.5 -9 0
      vertex -2.18453 -18.3733 0
    endloop
  endfacet
  facet normal 0 0 -1
    outer loop
      vertex 0.5 9 0
      vertex -2.08055 18.3913 0
      vertex -1.97759 18.4144 0
    endloop
  endfacet
  facet normal 0 0 -1
    outer loop
      vertex -2.3945 -18.3526 0
      vertex 0.5 -9 0
      vertex -2.28926 -18.3604 0
    endloop
  endfacet
  facet normal 0 0 -1
    outer loop
      vertex 0.5 9 0
      vertex -2.18453 18.3733 0
      vertex -2.08055 18.3913 0
    endloop
  endfacet
  facet normal 0 0 -1
    outer loop
      vertex -2.5 -18.35 0
      vertex 0.5 -9 0
      vertex -2.3945 -18.3526 0
    endloop
  endfacet
  facet normal 0 0 -1
    outer loop
      vertex 0.5 9 0
      vertex -2.28926 18.3604 0
      vertex -2.18453 18.3733 0
    endloop
  endfacet
  facet normal 0 0 -1
    outer loop
      vertex -2.6055 -18.3526 0
      vertex 0.5 -9 0
      vertex -2.5 -18.35 0
    endloop
  endfacet
  facet normal 0 0 -1
    outer loop
      vertex 0.5 9 0
      vertex -2.3945 18.3526 0
      vertex -2.28926 18.3604 0
    endloop
  endfacet
  facet normal 0 0 -1
    outer loop
      vertex -2.71074 -18.3604 0
      vertex 0.5 -9 0
      vertex -2.6055 -18.3526 0
    endloop
  endfacet
  facet normal 0 0 -1
    outer loop
      vertex 0.5 9 0
      vertex -2.5 18.35 0
      vertex -2.3945 18.3526 0
    endloop
  endfacet
  facet normal 0 0 -1
    outer loop
      vertex -2.81547 -18.3733 0
      vertex 0.5 -9 0
      vertex -2.71074 -18.3604 0
    endloop
  endfacet
  facet normal 0 0 -1
    outer loop
      vertex 0.5 9 0
      vertex -2.6055 18.3526 0
      vertex -2.5 18.35 0
    endloop
  endfacet
  facet normal 0 0 -1
    outer loop
      vertex -2.91944 -18.3913 0
      vertex 0.5 -9 0
      vertex -2.81547 -18.3733 0
    endloop
  endfacet
  facet normal 0 0 -1
    outer loop
      vertex 0.5 9 0
      vertex -2.71074 18.3604 0
      vertex -2.6055 18.3526 0
    endloop
  endfacet
  facet normal 0 0 -1
    outer loop
      vertex -3.02241 -18.4144 0
      vertex 0.5 -9 0
      vertex -2.91944 -18.3913 0
    endloop
  endfacet
  facet normal 0 0 -1
    outer loop
      vertex 0.5 9 0
      vertex -2.81547 18.3733 0
      vertex -2.71074 18.3604 0
    endloop
  endfacet
  facet normal 0 0 -1
    outer loop
      vertex -3.12411 -18.4426 0
      vertex 0.5 -9 0
      vertex -3.02241 -18.4144 0
    endloop
  endfacet
  facet normal 0 0 -1
    outer loop
      vertex 0.5 9 0
      vertex -2.91944 18.3913 0
      vertex -2.81547 18.3733 0
    endloop
  endfacet
  facet normal 0 0 -1
    outer loop
      vertex -3.22431 -18.4757 0
      vertex 0.5 -9 0
      vertex -3.12411 -18.4426 0
    endloop
  endfacet
  facet normal 0 0 -1
    outer loop
      vertex 0.5 9 0
      vertex -3.02241 18.4144 0
      vertex -2.91944 18.3913 0
    endloop
  endfacet
  facet normal 0 0 -1
    outer loop
      vertex -3.32277 -18.5137 0
      vertex 0.5 -9 0
      vertex -3.22431 -18.4757 0
    endloop
  endfacet
  facet normal 0 0 -1
    outer loop
      vertex 0.5 9 0
      vertex -3.12411 18.4426 0
      vertex -3.02241 18.4144 0
    endloop
  endfacet
  facet normal 0 0 -1
    outer loop
      vertex -3.41924 -18.5564 0
      vertex 0.5 -9 0
      vertex -3.32277 -18.5137 0
    endloop
  endfacet
  facet normal 0 0 -1
    outer loop
      vertex 0.5 9 0
      vertex -3.22431 18.4757 0
      vertex -3.12411 18.4426 0
    endloop
  endfacet
  facet normal 0 0 -1
    outer loop
      vertex -3.5135 -18.6039 0
      vertex 0.5 -9 0
      vertex -3.41924 -18.5564 0
    endloop
  endfacet
  facet normal 0 0 -1
    outer loop
      vertex 0.5 9 0
      vertex -3.32277 18.5137 0
      vertex -3.22431 18.4757 0
    endloop
  endfacet
  facet normal 0 0 -1
    outer loop
      vertex -3.60532 -18.6559 0
      vertex 0.5 -9 0
      vertex -3.5135 -18.6039 0
    endloop
  endfacet
  facet normal 0 0 -1
    outer loop
      vertex 0.5 9 0
      vertex -3.41924 18.5564 0
      vertex -3.32277 18.5137 0
    endloop
  endfacet
  facet normal 0 0 -1
    outer loop
      vertex -3.69448 -18.7123 0
      vertex 0.5 -9 0
      vertex -3.60532 -18.6559 0
    endloop
  endfacet
  facet normal 0 0 -1
    outer loop
      vertex 0.5 9 0
      vertex -3.5135 18.6039 0
      vertex -3.41924 18.5564 0
    endloop
  endfacet
  facet normal 0 0 -1
    outer loop
      vertex -3.78075 -18.7731 0
      vertex 0.5 -9 0
      vertex -3.69448 -18.7123 0
    endloop
  endfacet
  facet normal 0 0 -1
    outer loop
      vertex 0.5 9 0
      vertex -3.60532 18.6559 0
      vertex -3.5135 18.6039 0
    endloop
  endfacet
  facet normal 0 0 -1
    outer loop
      vertex -3.86395 -18.838 0
      vertex 0.5 -9 0
      vertex -3.78075 -18.7731 0
    endloop
  endfacet
  facet normal 0 0 -1
    outer loop
      vertex 0.5 9 0
      vertex -3.69448 18.7123 0
      vertex -3.60532 18.6559 0
    endloop
  endfacet
  facet normal 0 0 -1
    outer loop
      vertex -3.94385 -18.907 0
      vertex 0.5 -9 0
      vertex -3.86395 -18.838 0
    endloop
  endfacet
  facet normal 0 0 -1
    outer loop
      vertex 0.5 9 0
      vertex -3.78075 18.7731 0
      vertex -3.69448 18.7123 0
    endloop
  endfacet
  facet normal 0 0 -1
    outer loop
      vertex -4.02028 -18.9797 0
      vertex 0.5 -9 0
      vertex -3.94385 -18.907 0
    endloop
  endfacet
  facet normal 0 0 -1
    outer loop
      vertex 0.5 9 0
      vertex -3.86395 18.838 0
      vertex -3.78075 18.7731 0
    endloop
  endfacet
  facet normal 0 0 -1
    outer loop
      vertex -4.09304 -19.0561 0
      vertex 0.5 -9 0
      vertex -4.02028 -18.9797 0
    endloop
  endfacet
  facet normal 0 0 -1
    outer loop
      vertex 0.5 9 0
      vertex -3.94385 18.907 0
      vertex -3.86395 18.838 0
    endloop
  endfacet
  facet normal 0 0 -1
    outer loop
      vertex -4.16197 -19.1361 0
      vertex 0.5 -9 0
      vertex -4.09304 -19.0561 0
    endloop
  endfacet
  facet normal 0 0 -1
    outer loop
      vertex 0.5 9 0
      vertex -4.02028 18.9797 0
      vertex -3.94385 18.907 0
    endloop
  endfacet
  facet normal 0 0 -1
    outer loop
      vertex -4.2269 -19.2192 0
      vertex 0.5 -9 0
      vertex -4.16197 -19.1361 0
    endloop
  endfacet
  facet normal 0 0 -1
    outer loop
      vertex 0.5 9 0
      vertex -4.09304 19.0561 0
      vertex -4.02028 18.9797 0
    endloop
  endfacet
  facet normal 0 0 -1
    outer loop
      vertex -4.28766 -19.3055 0
      vertex 0.5 -9 0
      vertex -4.2269 -19.2192 0
    endloop
  endfacet
  facet normal 0 0 -1
    outer loop
      vertex 0.5 9 0
      vertex -4.16197 19.1361 0
      vertex -4.09304 19.0561 0
    endloop
  endfacet
  facet normal -0 0 -1
    outer loop
      vertex 0.5 -9 0
      vertex -4.28766 -19.3055 0
      vertex 0.5 9 0
    endloop
  endfacet
  facet normal 0 0 -1
    outer loop
      vertex 0.5 9 0
      vertex -4.2269 19.2192 0
      vertex -4.16197 19.1361 0
    endloop
  endfacet
  facet normal 0 0 -1
    outer loop
      vertex -4.28766 19.3055 0
      vertex 0.5 9 0
      vertex -4.28766 -19.3055 0
    endloop
  endfacet
  facet normal 0 0 -1
    outer loop
      vertex 0.5 9 0
      vertex -4.28766 19.3055 0
      vertex -4.2269 19.2192 0
    endloop
  endfacet
  facet normal 0 0 -1
    outer loop
      vertex -4.34412 -19.3947 0
      vertex -4.28766 19.3055 0
      vertex -4.28766 -19.3055 0
    endloop
  endfacet
  facet normal 0 0 -1
    outer loop
      vertex -4.34412 -19.3947 0
      vertex -4.34412 19.3947 0
      vertex -4.28766 19.3055 0
    endloop
  endfacet
  facet normal 0 0 -1
    outer loop
      vertex -4.39613 -19.4865 0
      vertex -4.34412 19.3947 0
      vertex -4.34412 -19.3947 0
    endloop
  endfacet
  facet normal 0 0 -1
    outer loop
      vertex -4.39613 -19.4865 0
      vertex -4.39613 19.4865 0
      vertex -4.34412 19.3947 0
    endloop
  endfacet
  facet normal 0 0 -1
    outer loop
      vertex -4.44358 -19.5808 0
      vertex -4.39613 19.4865 0
      vertex -4.39613 -19.4865 0
    endloop
  endfacet
  facet normal 0 0 -1
    outer loop
      vertex -4.44358 -19.5808 0
      vertex -4.44358 19.5808 0
      vertex -4.39613 19.4865 0
    endloop
  endfacet
  facet normal 0 0 -1
    outer loop
      vertex -4.48634 -19.6772 0
      vertex -4.44358 19.5808 0
      vertex -4.44358 -19.5808 0
    endloop
  endfacet
  facet normal 0 0 -1
    outer loop
      vertex -4.48634 -19.6772 0
      vertex -4.48634 19.6772 0
      vertex -4.44358 19.5808 0
    endloop
  endfacet
  facet normal 0 0 -1
    outer loop
      vertex -4.52432 -19.7757 0
      vertex -4.48634 19.6772 0
      vertex -4.48634 -19.6772 0
    endloop
  endfacet
  facet normal 0 0 -1
    outer loop
      vertex -4.52432 -19.7757 0
      vertex -4.52432 19.7757 0
      vertex -4.48634 19.6772 0
    endloop
  endfacet
  facet normal 0 0 -1
    outer loop
      vertex -4.55742 -19.8759 0
      vertex -4.52432 19.7757 0
      vertex -4.52432 -19.7757 0
    endloop
  endfacet
  facet normal 0 0 -1
    outer loop
      vertex -4.55742 -19.8759 0
      vertex -4.55742 19.8759 0
      vertex -4.52432 19.7757 0
    endloop
  endfacet
  facet normal 0 0 -1
    outer loop
      vertex -4.58557 -19.9776 0
      vertex -4.55742 19.8759 0
      vertex -4.55742 -19.8759 0
    endloop
  endfacet
  facet normal 0 0 -1
    outer loop
      vertex -4.58557 -19.9776 0
      vertex -4.58557 19.9776 0
      vertex -4.55742 19.8759 0
    endloop
  endfacet
  facet normal 0 0 -1
    outer loop
      vertex -6 -25 0
      vertex -4.58557 -19.9776 0
      vertex -4.60869 -20.0806 0
    endloop
  endfacet
  facet normal -0 0 -1
    outer loop
      vertex -4.58557 -19.9776 0
      vertex -6 -25 0
      vertex -4.58557 19.9776 0
    endloop
  endfacet
  facet normal 0 0 -1
    outer loop
      vertex -6 -25 0
      vertex -4.60869 -20.0806 0
      vertex -4.62673 -20.1845 0
    endloop
  endfacet
  facet normal 0 0 -1
    outer loop
      vertex -6 25 0
      vertex -4.58557 19.9776 0
      vertex -6 -25 0
    endloop
  endfacet
  facet normal 0 0 -1
    outer loop
      vertex -6 -25 0
      vertex -4.62673 -20.1845 0
      vertex -4.63965 -20.2893 0
    endloop
  endfacet
  facet normal 0 0 -1
    outer loop
      vertex -4.58557 19.9776 0
      vertex -6 25 0
      vertex -4.60869 20.0806 0
    endloop
  endfacet
  facet normal 0 0 -1
    outer loop
      vertex -6 -25 0
      vertex -4.63965 -20.2893 0
      vertex -4.64741 -20.3945 0
    endloop
  endfacet
  facet normal 0 0 -1
    outer loop
      vertex -4.60869 20.0806 0
      vertex -6 25 0
      vertex -4.62673 20.1845 0
    endloop
  endfacet
  facet normal 0 0 -1
    outer loop
      vertex -6 -25 0
      vertex -4.64741 -20.3945 0
      vertex -4.65 -20.5 0
    endloop
  endfacet
  facet normal 0 0 -1
    outer loop
      vertex -4.62673 20.1845 0
      vertex -6 25 0
      vertex -4.63965 20.2893 0
    endloop
  endfacet
  facet normal 0 0 -1
    outer loop
      vertex 27.6267 -20.1845 0
      vertex 29 -25 0
      vertex 27.6396 -20.2893 0
    endloop
  endfacet
  facet normal 0 0 -1
    outer loop
      vertex 29 25 0
      vertex 27.6474 20.3945 0
      vertex 27.65 20.5 0
    endloop
  endfacet
  facet normal 0 0 -1
    outer loop
      vertex 27.6087 -20.0806 0
      vertex 29 -25 0
      vertex 27.6267 -20.1845 0
    endloop
  endfacet
  facet normal 0 0 -1
    outer loop
      vertex 29 25 0
      vertex 27.6396 20.2893 0
      vertex 27.6474 20.3945 0
    endloop
  endfacet
  facet normal 0 0 -1
    outer loop
      vertex 27.5856 -19.9776 0
      vertex 29 -25 0
      vertex 27.6087 -20.0806 0
    endloop
  endfacet
  facet normal 0 0 -1
    outer loop
      vertex 29 25 0
      vertex 27.6267 20.1845 0
      vertex 27.6396 20.2893 0
    endloop
  endfacet
  facet normal 0 0 -1
    outer loop
      vertex 29 -25 0
      vertex 27.5856 -19.9776 0
      vertex 29 25 0
    endloop
  endfacet
  facet normal 0 0 -1
    outer loop
      vertex 29 25 0
      vertex 27.6087 20.0806 0
      vertex 27.6267 20.1845 0
    endloop
  endfacet
  facet normal 0 0 -1
    outer loop
      vertex 27.5856 19.9776 0
      vertex 29 25 0
      vertex 27.5856 -19.9776 0
    endloop
  endfacet
  facet normal 0 0 -1
    outer loop
      vertex 29 25 0
      vertex 27.5856 19.9776 0
      vertex 27.6087 20.0806 0
    endloop
  endfacet
  facet normal 0 0 -1
    outer loop
      vertex 27.5574 -19.8759 0
      vertex 27.5856 19.9776 0
      vertex 27.5856 -19.9776 0
    endloop
  endfacet
  facet normal 0 0 -1
    outer loop
      vertex 27.5574 -19.8759 0
      vertex 27.5574 19.8759 0
      vertex 27.5856 19.9776 0
    endloop
  endfacet
  facet normal 0 0 -1
    outer loop
      vertex 27.5243 -19.7757 0
      vertex 27.5574 19.8759 0
      vertex 27.5574 -19.8759 0
    endloop
  endfacet
  facet normal 0 0 -1
    outer loop
      vertex 27.5243 -19.7757 0
      vertex 27.5243 19.7757 0
      vertex 27.5574 19.8759 0
    endloop
  endfacet
  facet normal 0 0 -1
    outer loop
      vertex 27.4863 -19.6772 0
      vertex 27.5243 19.7757 0
      vertex 27.5243 -19.7757 0
    endloop
  endfacet
  facet normal 0 0 -1
    outer loop
      vertex 27.4863 -19.6772 0
      vertex 27.4863 19.6772 0
      vertex 27.5243 19.7757 0
    endloop
  endfacet
  facet normal 0 0 -1
    outer loop
      vertex 27.4436 -19.5808 0
      vertex 27.4863 19.6772 0
      vertex 27.4863 -19.6772 0
    endloop
  endfacet
  facet normal 0 0 -1
    outer loop
      vertex 27.4436 -19.5808 0
      vertex 27.4436 19.5808 0
      vertex 27.4863 19.6772 0
    endloop
  endfacet
  facet normal 0 0 -1
    outer loop
      vertex 27.3961 -19.4865 0
      vertex 27.4436 19.5808 0
      vertex 27.4436 -19.5808 0
    endloop
  endfacet
  facet normal 0 0 -1
    outer loop
      vertex 27.3961 -19.4865 0
      vertex 27.3961 19.4865 0
      vertex 27.4436 19.5808 0
    endloop
  endfacet
  facet normal 0 0 -1
    outer loop
      vertex 23.5 -9 0
      vertex 27.3961 -19.4865 0
      vertex 27.3441 -19.3947 0
    endloop
  endfacet
  facet normal 0 0 -1
    outer loop
      vertex 27.3961 -19.4865 0
      vertex 23.5 -9 0
      vertex 27.3961 19.4865 0
    endloop
  endfacet
  facet normal 0 0 -1
    outer loop
      vertex 23.5 -9 0
      vertex 27.3441 -19.3947 0
      vertex 27.2877 -19.3055 0
    endloop
  endfacet
  facet normal 0 0 -1
    outer loop
      vertex 23.5 9 0
      vertex 27.3961 19.4865 0
      vertex 23.5 -9 0
    endloop
  endfacet
  facet normal 0 0 -1
    outer loop
      vertex 23.5 -9 0
      vertex 27.2877 -19.3055 0
      vertex 27.2269 -19.2192 0
    endloop
  endfacet
  facet normal 0 0 -1
    outer loop
      vertex 27.3961 19.4865 0
      vertex 23.5 9 0
      vertex 27.3441 19.3947 0
    endloop
  endfacet
  facet normal 0 0 -1
    outer loop
      vertex 23.5 -9 0
      vertex 27.2269 -19.2192 0
      vertex 27.162 -19.1361 0
    endloop
  endfacet
  facet normal 0 0 -1
    outer loop
      vertex 27.3441 19.3947 0
      vertex 23.5 9 0
      vertex 27.2877 19.3055 0
    endloop
  endfacet
  facet normal 0 0 -1
    outer loop
      vertex 23.5 -9 0
      vertex 27.162 -19.1361 0
      vertex 27.093 -19.0561 0
    endloop
  endfacet
  facet normal 0 0 -1
    outer loop
      vertex 27.2877 19.3055 0
      vertex 23.5 9 0
      vertex 27.2269 19.2192 0
    endloop
  endfacet
  facet normal 0 0 -1
    outer loop
      vertex 23.5 -9 0
      vertex 27.093 -19.0561 0
      vertex 27.0203 -18.9797 0
    endloop
  endfacet
  facet normal 0 0 -1
    outer loop
      vertex 27.2269 19.2192 0
      vertex 23.5 9 0
      vertex 27.162 19.1361 0
    endloop
  endfacet
  facet normal 0 0 -1
    outer loop
      vertex 23.5 -9 0
      vertex 27.0203 -18.9797 0
      vertex 26.9439 -18.907 0
    endloop
  endfacet
  facet normal 0 0 -1
    outer loop
      vertex 27.162 19.1361 0
      vertex 23.5 9 0
      vertex 27.093 19.0561 0
    endloop
  endfacet
  facet normal 0 0 -1
    outer loop
      vertex 23.5 -9 0
      vertex 26.9439 -18.907 0
      vertex 26.8639 -18.838 0
    endloop
  endfacet
  facet normal 0 0 -1
    outer loop
      vertex 27.093 19.0561 0
      vertex 23.5 9 0
      vertex 27.0203 18.9797 0
    endloop
  endfacet
  facet normal 0 0 -1
    outer loop
      vertex 23.5 -9 0
      vertex 26.8639 -18.838 0
      vertex 26.7808 -18.7731 0
    endloop
  endfacet
  facet normal 0 0 -1
    outer loop
      vertex 27.0203 18.9797 0
      vertex 23.5 9 0
      vertex 26.9439 18.907 0
    endloop
  endfacet
  facet normal 0 0 -1
    outer loop
      vertex 23.5 -9 0
      vertex 26.7808 -18.7731 0
      vertex 26.6945 -18.7123 0
    endloop
  endfacet
  facet normal 0 0 -1
    outer loop
      vertex 26.9439 18.907 0
      vertex 23.5 9 0
      vertex 26.8639 18.838 0
    endloop
  endfacet
  facet normal 0 0 -1
    outer loop
      vertex 23.5 -9 0
      vertex 26.6945 -18.7123 0
      vertex 26.6053 -18.6559 0
    endloop
  endfacet
  facet normal 0 0 -1
    outer loop
      vertex 26.8639 18.838 0
      vertex 23.5 9 0
      vertex 26.7808 18.7731 0
    endloop
  endfacet
  facet normal 0 0 -1
    outer loop
      vertex 23.5 -9 0
      vertex 26.6053 -18.6559 0
      vertex 26.5135 -18.6039 0
    endloop
  endfacet
  facet normal 0 0 -1
    outer loop
      vertex 26.7808 18.7731 0
      vertex 23.5 9 0
      vertex 26.6945 18.7123 0
    endloop
  endfacet
  facet normal 0 0 -1
    outer loop
      vertex 23.5 -9 0
      vertex 26.5135 -18.6039 0
      vertex 26.4192 -18.5564 0
    endloop
  endfacet
  facet normal 0 0 -1
    outer loop
      vertex 26.6945 18.7123 0
      vertex 23.5 9 0
      vertex 26.6053 18.6559 0
    endloop
  endfacet
  facet normal 0 0 -1
    outer loop
      vertex 23.5 -9 0
      vertex 26.4192 -18.5564 0
      vertex 26.3228 -18.5137 0
    endloop
  endfacet
  facet normal 0 0 -1
    outer loop
      vertex 26.6053 18.6559 0
      vertex 23.5 9 0
      vertex 26.5135 18.6039 0
    endloop
  endfacet
  facet normal 0 0 -1
    outer loop
      vertex 23.5 -9 0
      vertex 26.3228 -18.5137 0
      vertex 26.2243 -18.4757 0
    endloop
  endfacet
  facet normal 0 0 -1
    outer loop
      vertex 26.5135 18.6039 0
      vertex 23.5 9 0
      vertex 26.4192 18.5564 0
    endloop
  endfacet
  facet normal 0 0 -1
    outer loop
      vertex 23.5 -9 0
      vertex 26.2243 -18.4757 0
      vertex 26.1241 -18.4426 0
    endloop
  endfacet
  facet normal 0 0 -1
    outer loop
      vertex 26.4192 18.5564 0
      vertex 23.5 9 0
      vertex 26.3228 18.5137 0
    endloop
  endfacet
  facet normal 0 0 -1
    outer loop
      vertex 23.5 -9 0
      vertex 26.1241 -18.4426 0
      vertex 26.0224 -18.4144 0
    endloop
  endfacet
  facet normal 0 0 -1
    outer loop
      vertex 26.3228 18.5137 0
      vertex 23.5 9 0
      vertex 26.2243 18.4757 0
    endloop
  endfacet
  facet normal 0 0 -1
    outer loop
      vertex 23.5 -9 0
      vertex 26.0224 -18.4144 0
      vertex 25.9194 -18.3913 0
    endloop
  endfacet
  facet normal 0 0 -1
    outer loop
      vertex 26.2243 18.4757 0
      vertex 23.5 9 0
      vertex 26.1241 18.4426 0
    endloop
  endfacet
  facet normal 0 0 -1
    outer loop
      vertex 23.5 -9 0
      vertex 25.9194 -18.3913 0
      vertex 25.8155 -18.3733 0
    endloop
  endfacet
  facet normal 0 0 -1
    outer loop
      vertex 26.1241 18.4426 0
      vertex 23.5 9 0
      vertex 26.0224 18.4144 0
    endloop
  endfacet
  facet normal 0 0 -1
    outer loop
      vertex 23.5 -9 0
      vertex 25.8155 -18.3733 0
      vertex 25.7107 -18.3604 0
    endloop
  endfacet
  facet normal 0 0 -1
    outer loop
      vertex 26.0224 18.4144 0
      vertex 23.5 9 0
      vertex 25.9194 18.3913 0
    endloop
  endfacet
  facet normal 0 0 -1
    outer loop
      vertex 23.5 -9 0
      vertex 25.7107 -18.3604 0
      vertex 25.6055 -18.3526 0
    endloop
  endfacet
  facet normal 0 0 -1
    outer loop
      vertex 25.9194 18.3913 0
      vertex 23.5 9 0
      vertex 25.8155 18.3733 0
    endloop
  endfacet
  facet normal 0 0 -1
    outer loop
      vertex 23.5 -9 0
      vertex 25.6055 -18.3526 0
      vertex 25.5 -18.35 0
    endloop
  endfacet
  facet normal 0 0 -1
    outer loop
      vertex 25.8155 18.3733 0
      vertex 23.5 9 0
      vertex 25.7107 18.3604 0
    endloop
  endfacet
  facet normal 0 0 -1
    outer loop
      vertex 23.5 -9 0
      vertex 25.5 -18.35 0
      vertex 25.3945 -18.3526 0
    endloop
  endfacet
  facet normal 0 0 -1
    outer loop
      vertex 25.7107 18.3604 0
      vertex 23.5 9 0
      vertex 25.6055 18.3526 0
    endloop
  endfacet
  facet normal 0 0 -1
    outer loop
      vertex 23.5 -9 0
      vertex 25.3945 -18.3526 0
      vertex 25.2893 -18.3604 0
    endloop
  endfacet
  facet normal 0 0 -1
    outer loop
      vertex 25.6055 18.3526 0
      vertex 23.5 9 0
      vertex 25.5 18.35 0
    endloop
  endfacet
  facet normal 0 0 -1
    outer loop
      vertex 23.5 -9 0
      vertex 25.2893 -18.3604 0
      vertex 25.1845 -18.3733 0
    endloop
  endfacet
  facet normal -0 0 -1
    outer loop
      vertex 25.5 18.35 0
      vertex 23.5 9 0
      vertex 25.3945 18.3526 0
    endloop
  endfacet
  facet normal 0 0 -1
    outer loop
      vertex 23.5 -9 0
      vertex 25.1845 -18.3733 0
      vertex 25.0806 -18.3913 0
    endloop
  endfacet
  facet normal -0 0 -1
    outer loop
      vertex 25.3945 18.3526 0
      vertex 23.5 9 0
      vertex 25.2893 18.3604 0
    endloop
  endfacet
  facet normal 0 0 -1
    outer loop
      vertex 23.5 -9 0
      vertex 25.0806 -18.3913 0
      vertex 24.9776 -18.4144 0
    endloop
  endfacet
  facet normal -0 0 -1
    outer loop
      vertex 25.2893 18.3604 0
      vertex 23.5 9 0
      vertex 25.1845 18.3733 0
    endloop
  endfacet
  facet normal 0 0 -1
    outer loop
      vertex 23.5 -9 0
      vertex 24.9776 -18.4144 0
      vertex 24.8759 -18.4426 0
    endloop
  endfacet
  facet normal -0 0 -1
    outer loop
      vertex 25.1845 18.3733 0
      vertex 23.5 9 0
      vertex 25.0806 18.3913 0
    endloop
  endfacet
  facet normal 0 0 -1
    outer loop
      vertex 23.5 -9 0
      vertex 24.8759 -18.4426 0
      vertex 24.7757 -18.4757 0
    endloop
  endfacet
  facet normal -0 0 -1
    outer loop
      vertex 25.0806 18.3913 0
      vertex 23.5 9 0
      vertex 24.9776 18.4144 0
    endloop
  endfacet
  facet normal 0 0 -1
    outer loop
      vertex 23.5 -9 0
      vertex 24.7757 -18.4757 0
      vertex 24.6772 -18.5137 0
    endloop
  endfacet
  facet normal -0 0 -1
    outer loop
      vertex 24.9776 18.4144 0
      vertex 23.5 9 0
      vertex 24.8759 18.4426 0
    endloop
  endfacet
  facet normal 0 0 -1
    outer loop
      vertex 23.5 -9 0
      vertex 24.6772 -18.5137 0
      vertex 24.5808 -18.5564 0
    endloop
  endfacet
  facet normal -0 0 -1
    outer loop
      vertex 24.8759 18.4426 0
      vertex 23.5 9 0
      vertex 24.7757 18.4757 0
    endloop
  endfacet
  facet normal 0 0 -1
    outer loop
      vertex 23.5 -9 0
      vertex 24.5808 -18.5564 0
      vertex 24.4865 -18.6039 0
    endloop
  endfacet
  facet normal -0 0 -1
    outer loop
      vertex 24.7757 18.4757 0
      vertex 23.5 9 0
      vertex 24.6772 18.5137 0
    endloop
  endfacet
  facet normal 0 0 -1
    outer loop
      vertex 23.5 -9 0
      vertex 24.4865 -18.6039 0
      vertex 24.3947 -18.6559 0
    endloop
  endfacet
  facet normal -0 0 -1
    outer loop
      vertex 24.6772 18.5137 0
      vertex 23.5 9 0
      vertex 24.5808 18.5564 0
    endloop
  endfacet
  facet normal 0 0 -1
    outer loop
      vertex 23.5 -9 0
      vertex 24.3947 -18.6559 0
      vertex 24.3055 -18.7123 0
    endloop
  endfacet
  facet normal -0 0 -1
    outer loop
      vertex 24.5808 18.5564 0
      vertex 23.5 9 0
      vertex 24.4865 18.6039 0
    endloop
  endfacet
  facet normal 0 0 -1
    outer loop
      vertex 23.5 -9 0
      vertex 24.3055 -18.7123 0
      vertex 24.2192 -18.7731 0
    endloop
  endfacet
  facet normal -0 0 -1
    outer loop
      vertex 24.4865 18.6039 0
      vertex 23.5 9 0
      vertex 24.3947 18.6559 0
    endloop
  endfacet
  facet normal 0 0 -1
    outer loop
      vertex 23.5 -9 0
      vertex 24.2192 -18.7731 0
      vertex 24.1361 -18.838 0
    endloop
  endfacet
  facet normal -0 0 -1
    outer loop
      vertex 24.3947 18.6559 0
      vertex 23.5 9 0
      vertex 24.3055 18.7123 0
    endloop
  endfacet
  facet normal 0 0 -1
    outer loop
      vertex 23.5 -9 0
      vertex 24.1361 -18.838 0
      vertex 24.0561 -18.907 0
    endloop
  endfacet
  facet normal -0 0 -1
    outer loop
      vertex 24.3055 18.7123 0
      vertex 23.5 9 0
      vertex 24.2192 18.7731 0
    endloop
  endfacet
  facet normal 0 0 -1
    outer loop
      vertex 23.5 -9 0
      vertex 24.0561 -18.907 0
      vertex 23.9797 -18.9797 0
    endloop
  endfacet
  facet normal -0 0 -1
    outer loop
      vertex 24.2192 18.7731 0
      vertex 23.5 9 0
      vertex 24.1361 18.838 0
    endloop
  endfacet
  facet normal 0 0 -1
    outer loop
      vertex 23.5 -9 0
      vertex 23.9797 -18.9797 0
      vertex 23.907 -19.0561 0
    endloop
  endfacet
  facet normal -0 0 -1
    outer loop
      vertex 24.1361 18.838 0
      vertex 23.5 9 0
      vertex 24.0561 18.907 0
    endloop
  endfacet
  facet normal 0 0 -1
    outer loop
      vertex 23.5 -9 0
      vertex 23.907 -19.0561 0
      vertex 23.838 -19.1361 0
    endloop
  endfacet
  facet normal -0 0 -1
    outer loop
      vertex 24.0561 18.907 0
      vertex 23.5 9 0
      vertex 23.9797 18.9797 0
    endloop
  endfacet
  facet normal 0 0 -1
    outer loop
      vertex 23.5 -9 0
      vertex 23.838 -19.1361 0
      vertex 23.7731 -19.2192 0
    endloop
  endfacet
  facet normal -0 0 -1
    outer loop
      vertex 23.9797 18.9797 0
      vertex 23.5 9 0
      vertex 23.907 19.0561 0
    endloop
  endfacet
  facet normal 0 0 -1
    outer loop
      vertex 23.5 -9 0
      vertex 23.7731 -19.2192 0
      vertex 23.7123 -19.3055 0
    endloop
  endfacet
  facet normal -0 0 -1
    outer loop
      vertex 23.907 19.0561 0
      vertex 23.5 9 0
      vertex 23.838 19.1361 0
    endloop
  endfacet
  facet normal 0 0 -1
    outer loop
      vertex 23.5 -9 0
      vertex 23.7123 -19.3055 0
      vertex 23.6559 -19.3947 0
    endloop
  endfacet
  facet normal -0 0 -1
    outer loop
      vertex 23.838 19.1361 0
      vertex 23.5 9 0
      vertex 23.7731 19.2192 0
    endloop
  endfacet
  facet normal 0 0 -1
    outer loop
      vertex 23.5 -9 0
      vertex 23.6559 -19.3947 0
      vertex 23.6039 -19.4865 0
    endloop
  endfacet
  facet normal -0 0 -1
    outer loop
      vertex 23.7731 19.2192 0
      vertex 23.5 9 0
      vertex 23.7123 19.3055 0
    endloop
  endfacet
  facet normal 0 0 -1
    outer loop
      vertex 23.5 -9 0
      vertex 23.6039 -19.4865 0
      vertex 23.5564 -19.5808 0
    endloop
  endfacet
  facet normal -0 0 -1
    outer loop
      vertex 23.7123 19.3055 0
      vertex 23.5 9 0
      vertex 23.6559 19.3947 0
    endloop
  endfacet
  facet normal 0 0 -1
    outer loop
      vertex 0.5 -9 0
      vertex 23.5564 -19.5808 0
      vertex 23.5137 -19.6772 0
    endloop
  endfacet
  facet normal -0 0 -1
    outer loop
      vertex 23.6559 19.3947 0
      vertex 23.5 9 0
      vertex 23.6039 19.4865 0
    endloop
  endfacet
  facet normal -0 0 -1
    outer loop
      vertex 23.6039 19.4865 0
      vertex 23.5 9 0
      vertex 23.5564 19.5808 0
    endloop
  endfacet
  facet normal 0 0 -1
    outer loop
      vertex 0.5 -9 0
      vertex 23.5137 -19.6772 0
      vertex 23.4757 -19.7757 0
    endloop
  endfacet
  facet normal 0 0 -1
    outer loop
      vertex 23.3733 -20.1845 0
      vertex -0.37327 -20.1845 0
      vertex 23.3913 -20.0806 0
    endloop
  endfacet
  facet normal 0 0 -1
    outer loop
      vertex -0.37327 -20.1845 0
      vertex 23.3733 -20.1845 0
      vertex -0.360353 -20.2893 0
    endloop
  endfacet
  facet normal 0 0 -1
    outer loop
      vertex 23.3604 -20.2893 0
      vertex -0.360353 -20.2893 0
      vertex 23.3733 -20.1845 0
    endloop
  endfacet
  facet normal 0 0 -1
    outer loop
      vertex -0.360353 -20.2893 0
      vertex 23.3604 -20.2893 0
      vertex -0.35259 -20.3945 0
    endloop
  endfacet
  facet normal 0 0 -1
    outer loop
      vertex 23.3526 -20.3945 0
      vertex -0.35259 -20.3945 0
      vertex 23.3604 -20.2893 0
    endloop
  endfacet
  facet normal 0 0 -1
    outer loop
      vertex -0.35259 -20.3945 0
      vertex 23.3526 -20.3945 0
      vertex -0.349999 -20.5 0
    endloop
  endfacet
  facet normal 0 0 -1
    outer loop
      vertex -0.349999 -20.5 0
      vertex 23.3526 -20.3945 0
      vertex 23.35 -20.5 0
    endloop
  endfacet
  facet normal 0 0 -1
    outer loop
      vertex 23.5564 -19.5808 0
      vertex 0.5 -9 0
      vertex 23.5 -9 0
    endloop
  endfacet
  facet normal 0 0 -1
    outer loop
      vertex 27.6474 -20.3945 0
      vertex 29 -25 0
      vertex 27.65 -20.5 0
    endloop
  endfacet
  facet normal 0 0 -1
    outer loop
      vertex 29 -25 0
      vertex 27.6474 -20.6055 0
      vertex 27.65 -20.5 0
    endloop
  endfacet
  facet normal 0 0 -1
    outer loop
      vertex 29 -25 0
      vertex 27.6396 -20.7107 0
      vertex 27.6474 -20.6055 0
    endloop
  endfacet
  facet normal 0 0 -1
    outer loop
      vertex 29 -25 0
      vertex 27.6267 -20.8155 0
      vertex 27.6396 -20.7107 0
    endloop
  endfacet
  facet normal 0 0 -1
    outer loop
      vertex 29 -25 0
      vertex 27.6087 -20.9194 0
      vertex 27.6267 -20.8155 0
    endloop
  endfacet
  facet normal 0 0 -1
    outer loop
      vertex 29 -25 0
      vertex 27.5856 -21.0224 0
      vertex 27.6087 -20.9194 0
    endloop
  endfacet
  facet normal 0 0 -1
    outer loop
      vertex 29 -25 0
      vertex 27.5574 -21.1241 0
      vertex 27.5856 -21.0224 0
    endloop
  endfacet
  facet normal 0 0 -1
    outer loop
      vertex 29 -25 0
      vertex 27.5243 -21.2243 0
      vertex 27.5574 -21.1241 0
    endloop
  endfacet
  facet normal 0 0 -1
    outer loop
      vertex 29 -25 0
      vertex 27.4863 -21.3228 0
      vertex 27.5243 -21.2243 0
    endloop
  endfacet
  facet normal 0 0 -1
    outer loop
      vertex 29 -25 0
      vertex 27.4436 -21.4192 0
      vertex 27.4863 -21.3228 0
    endloop
  endfacet
  facet normal 0 0 -1
    outer loop
      vertex 29 -25 0
      vertex 27.3961 -21.5135 0
      vertex 27.4436 -21.4192 0
    endloop
  endfacet
  facet normal 0 0 -1
    outer loop
      vertex 29 -25 0
      vertex 27.3441 -21.6053 0
      vertex 27.3961 -21.5135 0
    endloop
  endfacet
  facet normal 0 0 -1
    outer loop
      vertex 29 -25 0
      vertex 27.2877 -21.6945 0
      vertex 27.3441 -21.6053 0
    endloop
  endfacet
  facet normal 0 0 -1
    outer loop
      vertex 29 -25 0
      vertex 27.2269 -21.7808 0
      vertex 27.2877 -21.6945 0
    endloop
  endfacet
  facet normal 0 0 -1
    outer loop
      vertex 29 -25 0
      vertex 27.162 -21.8639 0
      vertex 27.2269 -21.7808 0
    endloop
  endfacet
  facet normal 0 0 -1
    outer loop
      vertex 29 -25 0
      vertex 27.093 -21.9439 0
      vertex 27.162 -21.8639 0
    endloop
  endfacet
  facet normal 0 0 -1
    outer loop
      vertex 29 -25 0
      vertex 27.0203 -22.0203 0
      vertex 27.093 -21.9439 0
    endloop
  endfacet
  facet normal 0 0 -1
    outer loop
      vertex 29 -25 0
      vertex 26.9439 -22.093 0
      vertex 27.0203 -22.0203 0
    endloop
  endfacet
  facet normal 0 0 -1
    outer loop
      vertex 29 -25 0
      vertex 26.8639 -22.162 0
      vertex 26.9439 -22.093 0
    endloop
  endfacet
  facet normal 0 0 -1
    outer loop
      vertex 29 -25 0
      vertex 26.7808 -22.2269 0
      vertex 26.8639 -22.162 0
    endloop
  endfacet
  facet normal 0 0 -1
    outer loop
      vertex 29 -25 0
      vertex 26.6945 -22.2877 0
      vertex 26.7808 -22.2269 0
    endloop
  endfacet
  facet normal 0 0 -1
    outer loop
      vertex 29 -25 0
      vertex 26.6053 -22.3441 0
      vertex 26.6945 -22.2877 0
    endloop
  endfacet
  facet normal 0 0 -1
    outer loop
      vertex 29 -25 0
      vertex 26.5135 -22.3961 0
      vertex 26.6053 -22.3441 0
    endloop
  endfacet
  facet normal 0 0 -1
    outer loop
      vertex 29 -25 0
      vertex 26.4192 -22.4436 0
      vertex 26.5135 -22.3961 0
    endloop
  endfacet
  facet normal 0 0 -1
    outer loop
      vertex 29 -25 0
      vertex 26.3228 -22.4863 0
      vertex 26.4192 -22.4436 0
    endloop
  endfacet
  facet normal 0 0 -1
    outer loop
      vertex 29 -25 0
      vertex 26.2243 -22.5243 0
      vertex 26.3228 -22.4863 0
    endloop
  endfacet
  facet normal 0 0 -1
    outer loop
      vertex 29 -25 0
      vertex 26.1241 -22.5574 0
      vertex 26.2243 -22.5243 0
    endloop
  endfacet
  facet normal 0 0 -1
    outer loop
      vertex 29 -25 0
      vertex 26.0224 -22.5856 0
      vertex 26.1241 -22.5574 0
    endloop
  endfacet
  facet normal 0 0 -1
    outer loop
      vertex 29 -25 0
      vertex 25.9194 -22.6087 0
      vertex 26.0224 -22.5856 0
    endloop
  endfacet
  facet normal 0 0 -1
    outer loop
      vertex 29 -25 0
      vertex 25.8155 -22.6267 0
      vertex 25.9194 -22.6087 0
    endloop
  endfacet
  facet normal 0 0 -1
    outer loop
      vertex 29 -25 0
      vertex 25.7107 -22.6396 0
      vertex 25.8155 -22.6267 0
    endloop
  endfacet
  facet normal 0 0 -1
    outer loop
      vertex 29 -25 0
      vertex 25.6055 -22.6474 0
      vertex 25.7107 -22.6396 0
    endloop
  endfacet
  facet normal 0 0 -1
    outer loop
      vertex 29 -25 0
      vertex 25.5 -22.65 0
      vertex 25.6055 -22.6474 0
    endloop
  endfacet
  facet normal 0 0 -1
    outer loop
      vertex 29 -25 0
      vertex 25.3945 -22.6474 0
      vertex 25.5 -22.65 0
    endloop
  endfacet
  facet normal 0 0 -1
    outer loop
      vertex 29 -25 0
      vertex 25.2893 -22.6396 0
      vertex 25.3945 -22.6474 0
    endloop
  endfacet
  facet normal 0 0 -1
    outer loop
      vertex 29 -25 0
      vertex 25.1845 -22.6267 0
      vertex 25.2893 -22.6396 0
    endloop
  endfacet
  facet normal 0 0 -1
    outer loop
      vertex 29 -25 0
      vertex 25.0806 -22.6087 0
      vertex 25.1845 -22.6267 0
    endloop
  endfacet
  facet normal 0 0 -1
    outer loop
      vertex 29 -25 0
      vertex 24.9776 -22.5856 0
      vertex 25.0806 -22.6087 0
    endloop
  endfacet
  facet normal 0 0 -1
    outer loop
      vertex 29 -25 0
      vertex 24.8759 -22.5574 0
      vertex 24.9776 -22.5856 0
    endloop
  endfacet
  facet normal 0 0 -1
    outer loop
      vertex 29 -25 0
      vertex 24.7757 -22.5243 0
      vertex 24.8759 -22.5574 0
    endloop
  endfacet
  facet normal 0 0 -1
    outer loop
      vertex 29 -25 0
      vertex 24.6772 -22.4863 0
      vertex 24.7757 -22.5243 0
    endloop
  endfacet
  facet normal 0 0 -1
    outer loop
      vertex 29 -25 0
      vertex 24.5808 -22.4436 0
      vertex 24.6772 -22.4863 0
    endloop
  endfacet
  facet normal 0 0 -1
    outer loop
      vertex -1.58076 -22.4436 0
      vertex 24.5808 -22.4436 0
      vertex 29 -25 0
    endloop
  endfacet
  facet normal 0 0 -1
    outer loop
      vertex 24.5808 -22.4436 0
      vertex -1.58076 -22.4436 0
      vertex 24.4865 -22.3961 0
    endloop
  endfacet
  facet normal 0 0 -1
    outer loop
      vertex -0.349999 -20.5 0
      vertex 23.35 -20.5 0
      vertex 23.3526 -20.6055 0
    endloop
  endfacet
  facet normal 0 0 -1
    outer loop
      vertex -0.35259 -20.6055 0
      vertex 23.3526 -20.6055 0
      vertex 23.3604 -20.7107 0
    endloop
  endfacet
  facet normal 0 0 -1
    outer loop
      vertex -0.360353 -20.7107 0
      vertex 23.3604 -20.7107 0
      vertex 23.3733 -20.8155 0
    endloop
  endfacet
  facet normal 0 0 -1
    outer loop
      vertex -0.37327 -20.8155 0
      vertex 23.3733 -20.8155 0
      vertex 23.3913 -20.9194 0
    endloop
  endfacet
  facet normal 0 0 -1
    outer loop
      vertex -0.391312 -20.9194 0
      vertex 23.3913 -20.9194 0
      vertex 23.4144 -21.0224 0
    endloop
  endfacet
  facet normal 0 0 -1
    outer loop
      vertex -0.414433 -21.0224 0
      vertex 23.4144 -21.0224 0
      vertex 23.4426 -21.1241 0
    endloop
  endfacet
  facet normal 0 0 -1
    outer loop
      vertex -0.442577 -21.1241 0
      vertex 23.4426 -21.1241 0
      vertex 23.4757 -21.2243 0
    endloop
  endfacet
  facet normal 0 0 -1
    outer loop
      vertex -0.475679 -21.2243 0
      vertex 23.4757 -21.2243 0
      vertex 23.5137 -21.3228 0
    endloop
  endfacet
  facet normal 0 0 -1
    outer loop
      vertex -0.513659 -21.3228 0
      vertex 23.5137 -21.3228 0
      vertex 23.5564 -21.4192 0
    endloop
  endfacet
  facet normal 0 0 -1
    outer loop
      vertex -0.556422 -21.4192 0
      vertex 23.5564 -21.4192 0
      vertex 23.6039 -21.5135 0
    endloop
  endfacet
  facet normal 0 0 -1
    outer loop
      vertex -0.603868 -21.5135 0
      vertex 23.6039 -21.5135 0
      vertex 23.6559 -21.6053 0
    endloop
  endfacet
  facet normal 0 0 -1
    outer loop
      vertex -0.655883 -21.6053 0
      vertex 23.6559 -21.6053 0
      vertex 23.7123 -21.6945 0
    endloop
  endfacet
  facet normal 0 0 -1
    outer loop
      vertex -0.712339 -21.6945 0
      vertex 23.7123 -21.6945 0
      vertex 23.7731 -21.7808 0
    endloop
  endfacet
  facet normal 0 0 -1
    outer loop
      vertex -0.773104 -21.7808 0
      vertex 23.7731 -21.7808 0
      vertex 23.838 -21.8639 0
    endloop
  endfacet
  facet normal 0 0 -1
    outer loop
      vertex -0.838027 -21.8639 0
      vertex 23.838 -21.8639 0
      vertex 23.907 -21.9439 0
    endloop
  endfacet
  facet normal 0 0 -1
    outer loop
      vertex -0.906955 -21.9439 0
      vertex 23.907 -21.9439 0
      vertex 23.9797 -22.0203 0
    endloop
  endfacet
  facet normal 0 0 -1
    outer loop
      vertex -0.97972 -22.0203 0
      vertex 23.9797 -22.0203 0
      vertex 24.0561 -22.093 0
    endloop
  endfacet
  facet normal 0 0 -1
    outer loop
      vertex -1.05615 -22.093 0
      vertex 24.0561 -22.093 0
      vertex 24.1361 -22.162 0
    endloop
  endfacet
  facet normal 0 0 -1
    outer loop
      vertex -1.13605 -22.162 0
      vertex 24.1361 -22.162 0
      vertex 24.2192 -22.2269 0
    endloop
  endfacet
  facet normal 0 0 -1
    outer loop
      vertex -1.21925 -22.2269 0
      vertex 24.2192 -22.2269 0
      vertex 24.3055 -22.2877 0
    endloop
  endfacet
  facet normal 0 0 -1
    outer loop
      vertex -1.30552 -22.2877 0
      vertex 24.3055 -22.2877 0
      vertex 24.3947 -22.3441 0
    endloop
  endfacet
  facet normal 0 -0 -1
    outer loop
      vertex -1.4865 -22.3961 0
      vertex 24.4865 -22.3961 0
      vertex -1.58076 -22.4436 0
    endloop
  endfacet
  facet normal 0 0 -1
    outer loop
      vertex 23.3913 -20.0806 0
      vertex -0.391312 -20.0806 0
      vertex 23.4144 -19.9776 0
    endloop
  endfacet
  facet normal 0 0 -1
    outer loop
      vertex -0.391312 -20.0806 0
      vertex 23.3913 -20.0806 0
      vertex -0.37327 -20.1845 0
    endloop
  endfacet
  facet normal 0 0 -1
    outer loop
      vertex 23.3526 -20.6055 0
      vertex -0.35259 -20.6055 0
      vertex -0.349999 -20.5 0
    endloop
  endfacet
  facet normal 0 0 -1
    outer loop
      vertex 23.3604 -20.7107 0
      vertex -0.360353 -20.7107 0
      vertex -0.35259 -20.6055 0
    endloop
  endfacet
  facet normal 0 0 -1
    outer loop
      vertex 23.3733 -20.8155 0
      vertex -0.37327 -20.8155 0
      vertex -0.360353 -20.7107 0
    endloop
  endfacet
  facet normal 0 0 -1
    outer loop
      vertex 23.3913 -20.9194 0
      vertex -0.391312 -20.9194 0
      vertex -0.37327 -20.8155 0
    endloop
  endfacet
  facet normal 0 0 -1
    outer loop
      vertex 23.4144 -21.0224 0
      vertex -0.414433 -21.0224 0
      vertex -0.391312 -20.9194 0
    endloop
  endfacet
  facet normal 0 0 -1
    outer loop
      vertex 23.4426 -21.1241 0
      vertex -0.442577 -21.1241 0
      vertex -0.414433 -21.0224 0
    endloop
  endfacet
  facet normal 0 0 -1
    outer loop
      vertex 23.4757 -21.2243 0
      vertex -0.475679 -21.2243 0
      vertex -0.442577 -21.1241 0
    endloop
  endfacet
  facet normal 0 0 -1
    outer loop
      vertex 23.5137 -21.3228 0
      vertex -0.513659 -21.3228 0
      vertex -0.475679 -21.2243 0
    endloop
  endfacet
  facet normal 0 0 -1
    outer loop
      vertex 23.5564 -21.4192 0
      vertex -0.556422 -21.4192 0
      vertex -0.513659 -21.3228 0
    endloop
  endfacet
  facet normal 0 0 -1
    outer loop
      vertex 23.6039 -21.5135 0
      vertex -0.603868 -21.5135 0
      vertex -0.556422 -21.4192 0
    endloop
  endfacet
  facet normal 0 0 -1
    outer loop
      vertex 23.6559 -21.6053 0
      vertex -0.655883 -21.6053 0
      vertex -0.603868 -21.5135 0
    endloop
  endfacet
  facet normal 0 0 -1
    outer loop
      vertex 23.7123 -21.6945 0
      vertex -0.712339 -21.6945 0
      vertex -0.655883 -21.6053 0
    endloop
  endfacet
  facet normal 0 0 -1
    outer loop
      vertex 23.7731 -21.7808 0
      vertex -0.773104 -21.7808 0
      vertex -0.712339 -21.6945 0
    endloop
  endfacet
  facet normal 0 0 -1
    outer loop
      vertex 23.838 -21.8639 0
      vertex -0.838027 -21.8639 0
      vertex -0.773104 -21.7808 0
    endloop
  endfacet
  facet normal 0 0 -1
    outer loop
      vertex 23.907 -21.9439 0
      vertex -0.906955 -21.9439 0
      vertex -0.838027 -21.8639 0
    endloop
  endfacet
  facet normal 0 0 -1
    outer loop
      vertex 23.9797 -22.0203 0
      vertex -0.97972 -22.0203 0
      vertex -0.906955 -21.9439 0
    endloop
  endfacet
  facet normal 0 0 -1
    outer loop
      vertex 24.0561 -22.093 0
      vertex -1.05615 -22.093 0
      vertex -0.97972 -22.0203 0
    endloop
  endfacet
  facet normal 0 0 -1
    outer loop
      vertex 24.1361 -22.162 0
      vertex -1.13605 -22.162 0
      vertex -1.05615 -22.093 0
    endloop
  endfacet
  facet normal 0 0 -1
    outer loop
      vertex 24.2192 -22.2269 0
      vertex -1.21925 -22.2269 0
      vertex -1.13605 -22.162 0
    endloop
  endfacet
  facet normal 0 0 -1
    outer loop
      vertex 24.3055 -22.2877 0
      vertex -1.30552 -22.2877 0
      vertex -1.21925 -22.2269 0
    endloop
  endfacet
  facet normal 0 0 -1
    outer loop
      vertex 24.3947 -22.3441 0
      vertex -1.39468 -22.3441 0
      vertex -1.30552 -22.2877 0
    endloop
  endfacet
  facet normal -0 0 -1
    outer loop
      vertex 24.3947 -22.3441 0
      vertex -1.4865 -22.3961 0
      vertex -1.39468 -22.3441 0
    endloop
  endfacet
  facet normal 0 0 -1
    outer loop
      vertex 24.4865 -22.3961 0
      vertex -1.4865 -22.3961 0
      vertex 24.3947 -22.3441 0
    endloop
  endfacet
  facet normal 0 0 -1
    outer loop
      vertex -6 -25 0
      vertex -1.58076 -22.4436 0
      vertex 29 -25 0
    endloop
  endfacet
  facet normal 0 0 -1
    outer loop
      vertex -1.58076 -22.4436 0
      vertex -6 -25 0
      vertex -1.67723 -22.4863 0
    endloop
  endfacet
  facet normal 0 0 -1
    outer loop
      vertex -1.67723 -22.4863 0
      vertex -6 -25 0
      vertex -1.77569 -22.5243 0
    endloop
  endfacet
  facet normal 0 0 -1
    outer loop
      vertex -1.77569 -22.5243 0
      vertex -6 -25 0
      vertex -1.87589 -22.5574 0
    endloop
  endfacet
  facet normal 0 0 -1
    outer loop
      vertex -1.87589 -22.5574 0
      vertex -6 -25 0
      vertex -1.97759 -22.5856 0
    endloop
  endfacet
  facet normal 0 0 -1
    outer loop
      vertex -1.97759 -22.5856 0
      vertex -6 -25 0
      vertex -2.08055 -22.6087 0
    endloop
  endfacet
  facet normal 0 0 -1
    outer loop
      vertex -2.08055 -22.6087 0
      vertex -6 -25 0
      vertex -2.18453 -22.6267 0
    endloop
  endfacet
  facet normal 0 0 -1
    outer loop
      vertex -2.18453 -22.6267 0
      vertex -6 -25 0
      vertex -2.28926 -22.6396 0
    endloop
  endfacet
  facet normal 0 0 -1
    outer loop
      vertex -2.28926 -22.6396 0
      vertex -6 -25 0
      vertex -2.3945 -22.6474 0
    endloop
  endfacet
  facet normal 0 0 -1
    outer loop
      vertex -2.3945 -22.6474 0
      vertex -6 -25 0
      vertex -2.5 -22.65 0
    endloop
  endfacet
  facet normal -0 0 -1
    outer loop
      vertex -2.5 -22.65 0
      vertex -6 -25 0
      vertex -2.6055 -22.6474 0
    endloop
  endfacet
  facet normal 0 0 -1
    outer loop
      vertex -4.63965 20.2893 0
      vertex -6 25 0
      vertex -4.64741 20.3945 0
    endloop
  endfacet
  facet normal -0 0 -1
    outer loop
      vertex -4.64741 -20.6055 0
      vertex -6 -25 0
      vertex -4.65 -20.5 0
    endloop
  endfacet
  facet normal -0 0 -1
    outer loop
      vertex -4.63965 -20.7107 0
      vertex -6 -25 0
      vertex -4.64741 -20.6055 0
    endloop
  endfacet
  facet normal -0 0 -1
    outer loop
      vertex -4.62673 -20.8155 0
      vertex -6 -25 0
      vertex -4.63965 -20.7107 0
    endloop
  endfacet
  facet normal -0 0 -1
    outer loop
      vertex -4.60869 -20.9194 0
      vertex -6 -25 0
      vertex -4.62673 -20.8155 0
    endloop
  endfacet
  facet normal -0 0 -1
    outer loop
      vertex -4.58557 -21.0224 0
      vertex -6 -25 0
      vertex -4.60869 -20.9194 0
    endloop
  endfacet
  facet normal -0 0 -1
    outer loop
      vertex -4.55742 -21.1241 0
      vertex -6 -25 0
      vertex -4.58557 -21.0224 0
    endloop
  endfacet
  facet normal -0 0 -1
    outer loop
      vertex -4.52432 -21.2243 0
      vertex -6 -25 0
      vertex -4.55742 -21.1241 0
    endloop
  endfacet
  facet normal -0 0 -1
    outer loop
      vertex -4.48634 -21.3228 0
      vertex -6 -25 0
      vertex -4.52432 -21.2243 0
    endloop
  endfacet
  facet normal -0 0 -1
    outer loop
      vertex -4.44358 -21.4192 0
      vertex -6 -25 0
      vertex -4.48634 -21.3228 0
    endloop
  endfacet
  facet normal -0 0 -1
    outer loop
      vertex -4.39613 -21.5135 0
      vertex -6 -25 0
      vertex -4.44358 -21.4192 0
    endloop
  endfacet
  facet normal -0 0 -1
    outer loop
      vertex -4.34412 -21.6053 0
      vertex -6 -25 0
      vertex -4.39613 -21.5135 0
    endloop
  endfacet
  facet normal -0 0 -1
    outer loop
      vertex -4.28766 -21.6945 0
      vertex -6 -25 0
      vertex -4.34412 -21.6053 0
    endloop
  endfacet
  facet normal -0 0 -1
    outer loop
      vertex -4.2269 -21.7808 0
      vertex -6 -25 0
      vertex -4.28766 -21.6945 0
    endloop
  endfacet
  facet normal -0 0 -1
    outer loop
      vertex -4.16197 -21.8639 0
      vertex -6 -25 0
      vertex -4.2269 -21.7808 0
    endloop
  endfacet
  facet normal -0 0 -1
    outer loop
      vertex -4.09304 -21.9439 0
      vertex -6 -25 0
      vertex -4.16197 -21.8639 0
    endloop
  endfacet
  facet normal -0 0 -1
    outer loop
      vertex -4.02028 -22.0203 0
      vertex -6 -25 0
      vertex -4.09304 -21.9439 0
    endloop
  endfacet
  facet normal -0 0 -1
    outer loop
      vertex -3.94385 -22.093 0
      vertex -6 -25 0
      vertex -4.02028 -22.0203 0
    endloop
  endfacet
  facet normal -0 0 -1
    outer loop
      vertex -3.86395 -22.162 0
      vertex -6 -25 0
      vertex -3.94385 -22.093 0
    endloop
  endfacet
  facet normal -0 0 -1
    outer loop
      vertex -3.78075 -22.2269 0
      vertex -6 -25 0
      vertex -3.86395 -22.162 0
    endloop
  endfacet
  facet normal -0 0 -1
    outer loop
      vertex -3.69448 -22.2877 0
      vertex -6 -25 0
      vertex -3.78075 -22.2269 0
    endloop
  endfacet
  facet normal -0 0 -1
    outer loop
      vertex -3.60532 -22.3441 0
      vertex -6 -25 0
      vertex -3.69448 -22.2877 0
    endloop
  endfacet
  facet normal -0 0 -1
    outer loop
      vertex -3.5135 -22.3961 0
      vertex -6 -25 0
      vertex -3.60532 -22.3441 0
    endloop
  endfacet
  facet normal -0 0 -1
    outer loop
      vertex -3.41924 -22.4436 0
      vertex -6 -25 0
      vertex -3.5135 -22.3961 0
    endloop
  endfacet
  facet normal -0 0 -1
    outer loop
      vertex -3.32277 -22.4863 0
      vertex -6 -25 0
      vertex -3.41924 -22.4436 0
    endloop
  endfacet
  facet normal -0 0 -1
    outer loop
      vertex -3.22431 -22.5243 0
      vertex -6 -25 0
      vertex -3.32277 -22.4863 0
    endloop
  endfacet
  facet normal -0 0 -1
    outer loop
      vertex -3.12411 -22.5574 0
      vertex -6 -25 0
      vertex -3.22431 -22.5243 0
    endloop
  endfacet
  facet normal -0 0 -1
    outer loop
      vertex -3.02241 -22.5856 0
      vertex -6 -25 0
      vertex -3.12411 -22.5574 0
    endloop
  endfacet
  facet normal -0 0 -1
    outer loop
      vertex -2.91944 -22.6087 0
      vertex -6 -25 0
      vertex -3.02241 -22.5856 0
    endloop
  endfacet
  facet normal -0 0 -1
    outer loop
      vertex -2.81547 -22.6267 0
      vertex -6 -25 0
      vertex -2.91944 -22.6087 0
    endloop
  endfacet
  facet normal -0 0 -1
    outer loop
      vertex -2.71074 -22.6396 0
      vertex -6 -25 0
      vertex -2.81547 -22.6267 0
    endloop
  endfacet
  facet normal -0 0 -1
    outer loop
      vertex -2.6055 -22.6474 0
      vertex -6 -25 0
      vertex -2.71074 -22.6396 0
    endloop
  endfacet
  facet normal 0 0 -1
    outer loop
      vertex 27.6396 -20.2893 0
      vertex 29 -25 0
      vertex 27.6474 -20.3945 0
    endloop
  endfacet
  facet normal 0 0 -1
    outer loop
      vertex 27.6474 20.6055 0
      vertex 29 25 0
      vertex 27.65 20.5 0
    endloop
  endfacet
  facet normal 0 0 -1
    outer loop
      vertex 27.6396 20.7107 0
      vertex 29 25 0
      vertex 27.6474 20.6055 0
    endloop
  endfacet
  facet normal 0 0 -1
    outer loop
      vertex 27.6267 20.8155 0
      vertex 29 25 0
      vertex 27.6396 20.7107 0
    endloop
  endfacet
  facet normal 0 0 -1
    outer loop
      vertex 27.6087 20.9194 0
      vertex 29 25 0
      vertex 27.6267 20.8155 0
    endloop
  endfacet
  facet normal 0 0 -1
    outer loop
      vertex 27.5856 21.0224 0
      vertex 29 25 0
      vertex 27.6087 20.9194 0
    endloop
  endfacet
  facet normal 0 0 -1
    outer loop
      vertex 27.5574 21.1241 0
      vertex 29 25 0
      vertex 27.5856 21.0224 0
    endloop
  endfacet
  facet normal 0 0 -1
    outer loop
      vertex 27.5243 21.2243 0
      vertex 29 25 0
      vertex 27.5574 21.1241 0
    endloop
  endfacet
  facet normal 0 0 -1
    outer loop
      vertex 27.4863 21.3228 0
      vertex 29 25 0
      vertex 27.5243 21.2243 0
    endloop
  endfacet
  facet normal 0 0 -1
    outer loop
      vertex 27.4436 21.4192 0
      vertex 29 25 0
      vertex 27.4863 21.3228 0
    endloop
  endfacet
  facet normal 0 0 -1
    outer loop
      vertex 27.3961 21.5135 0
      vertex 29 25 0
      vertex 27.4436 21.4192 0
    endloop
  endfacet
  facet normal 0 0 -1
    outer loop
      vertex 27.3441 21.6053 0
      vertex 29 25 0
      vertex 27.3961 21.5135 0
    endloop
  endfacet
  facet normal 0 0 -1
    outer loop
      vertex 27.2877 21.6945 0
      vertex 29 25 0
      vertex 27.3441 21.6053 0
    endloop
  endfacet
  facet normal 0 0 -1
    outer loop
      vertex 27.2269 21.7808 0
      vertex 29 25 0
      vertex 27.2877 21.6945 0
    endloop
  endfacet
  facet normal 0 0 -1
    outer loop
      vertex 27.162 21.8639 0
      vertex 29 25 0
      vertex 27.2269 21.7808 0
    endloop
  endfacet
  facet normal 0 0 -1
    outer loop
      vertex 27.093 21.9439 0
      vertex 29 25 0
      vertex 27.162 21.8639 0
    endloop
  endfacet
  facet normal 0 0 -1
    outer loop
      vertex 27.0203 22.0203 0
      vertex 29 25 0
      vertex 27.093 21.9439 0
    endloop
  endfacet
  facet normal 0 0 -1
    outer loop
      vertex 26.9439 22.093 0
      vertex 29 25 0
      vertex 27.0203 22.0203 0
    endloop
  endfacet
  facet normal 0 0 -1
    outer loop
      vertex 26.8639 22.162 0
      vertex 29 25 0
      vertex 26.9439 22.093 0
    endloop
  endfacet
  facet normal 0 0 -1
    outer loop
      vertex 26.7808 22.2269 0
      vertex 29 25 0
      vertex 26.8639 22.162 0
    endloop
  endfacet
  facet normal 0 0 -1
    outer loop
      vertex 26.6945 22.2877 0
      vertex 29 25 0
      vertex 26.7808 22.2269 0
    endloop
  endfacet
  facet normal 0 0 -1
    outer loop
      vertex 26.6053 22.3441 0
      vertex 29 25 0
      vertex 26.6945 22.2877 0
    endloop
  endfacet
  facet normal 0 0 -1
    outer loop
      vertex 26.5135 22.3961 0
      vertex 29 25 0
      vertex 26.6053 22.3441 0
    endloop
  endfacet
  facet normal 0 0 -1
    outer loop
      vertex 26.4192 22.4436 0
      vertex 29 25 0
      vertex 26.5135 22.3961 0
    endloop
  endfacet
  facet normal 0 0 -1
    outer loop
      vertex 26.3228 22.4863 0
      vertex 29 25 0
      vertex 26.4192 22.4436 0
    endloop
  endfacet
  facet normal 0 0 -1
    outer loop
      vertex 26.2243 22.5243 0
      vertex 29 25 0
      vertex 26.3228 22.4863 0
    endloop
  endfacet
  facet normal 0 0 -1
    outer loop
      vertex 26.1241 22.5574 0
      vertex 29 25 0
      vertex 26.2243 22.5243 0
    endloop
  endfacet
  facet normal 0 0 -1
    outer loop
      vertex 26.0224 22.5856 0
      vertex 29 25 0
      vertex 26.1241 22.5574 0
    endloop
  endfacet
  facet normal 0 0 -1
    outer loop
      vertex 25.9194 22.6087 0
      vertex 29 25 0
      vertex 26.0224 22.5856 0
    endloop
  endfacet
  facet normal 0 0 -1
    outer loop
      vertex 25.8155 22.6267 0
      vertex 29 25 0
      vertex 25.9194 22.6087 0
    endloop
  endfacet
  facet normal 0 0 -1
    outer loop
      vertex 25.7107 22.6396 0
      vertex 29 25 0
      vertex 25.8155 22.6267 0
    endloop
  endfacet
  facet normal 0 0 -1
    outer loop
      vertex 25.6055 22.6474 0
      vertex 29 25 0
      vertex 25.7107 22.6396 0
    endloop
  endfacet
  facet normal 0 0 -1
    outer loop
      vertex 25.5 22.65 0
      vertex 29 25 0
      vertex 25.6055 22.6474 0
    endloop
  endfacet
  facet normal 0 0 -1
    outer loop
      vertex 25.3945 22.6474 0
      vertex 29 25 0
      vertex 25.5 22.65 0
    endloop
  endfacet
  facet normal 0 0 -1
    outer loop
      vertex 25.2893 22.6396 0
      vertex 29 25 0
      vertex 25.3945 22.6474 0
    endloop
  endfacet
  facet normal 0 0 -1
    outer loop
      vertex 25.1845 22.6267 0
      vertex 29 25 0
      vertex 25.2893 22.6396 0
    endloop
  endfacet
  facet normal 0 0 -1
    outer loop
      vertex 25.0806 22.6087 0
      vertex 29 25 0
      vertex 25.1845 22.6267 0
    endloop
  endfacet
  facet normal 0 0 -1
    outer loop
      vertex 24.9776 22.5856 0
      vertex 29 25 0
      vertex 25.0806 22.6087 0
    endloop
  endfacet
  facet normal 0 0 -1
    outer loop
      vertex 24.8759 22.5574 0
      vertex 29 25 0
      vertex 24.9776 22.5856 0
    endloop
  endfacet
  facet normal 0 0 -1
    outer loop
      vertex 24.7757 22.5243 0
      vertex 29 25 0
      vertex 24.8759 22.5574 0
    endloop
  endfacet
  facet normal 0 0 -1
    outer loop
      vertex 24.6772 22.4863 0
      vertex 29 25 0
      vertex 24.7757 22.5243 0
    endloop
  endfacet
  facet normal 0 0 -1
    outer loop
      vertex 24.5808 22.4436 0
      vertex 29 25 0
      vertex 24.6772 22.4863 0
    endloop
  endfacet
  facet normal 0 0 -1
    outer loop
      vertex -1.58076 22.4436 0
      vertex 24.5808 22.4436 0
      vertex 24.4865 22.3961 0
    endloop
  endfacet
  facet normal 0 0 -1
    outer loop
      vertex -1.4865 22.3961 0
      vertex 24.4865 22.3961 0
      vertex 24.3947 22.3441 0
    endloop
  endfacet
  facet normal 0 0 -1
    outer loop
      vertex 23.3526 20.3945 0
      vertex -0.349999 20.5 0
      vertex 23.35 20.5 0
    endloop
  endfacet
  facet normal 0 0 -1
    outer loop
      vertex 23.35 20.5 0
      vertex -0.349999 20.5 0
      vertex 23.3526 20.6055 0
    endloop
  endfacet
  facet normal 0 0 -1
    outer loop
      vertex -0.35259 20.6055 0
      vertex 23.3526 20.6055 0
      vertex -0.349999 20.5 0
    endloop
  endfacet
  facet normal 0 0 -1
    outer loop
      vertex 23.3526 20.6055 0
      vertex -0.35259 20.6055 0
      vertex 23.3604 20.7107 0
    endloop
  endfacet
  facet normal 0 0 -1
    outer loop
      vertex -0.360353 20.7107 0
      vertex 23.3604 20.7107 0
      vertex -0.35259 20.6055 0
    endloop
  endfacet
  facet normal 0 0 -1
    outer loop
      vertex 23.3604 20.7107 0
      vertex -0.360353 20.7107 0
      vertex 23.3733 20.8155 0
    endloop
  endfacet
  facet normal 0 0 -1
    outer loop
      vertex -0.37327 20.8155 0
      vertex 23.3733 20.8155 0
      vertex -0.360353 20.7107 0
    endloop
  endfacet
  facet normal 0 0 -1
    outer loop
      vertex 23.3733 20.8155 0
      vertex -0.37327 20.8155 0
      vertex 23.3913 20.9194 0
    endloop
  endfacet
  facet normal 0 0 -1
    outer loop
      vertex -0.391312 20.9194 0
      vertex 23.3913 20.9194 0
      vertex -0.37327 20.8155 0
    endloop
  endfacet
  facet normal 0 0 -1
    outer loop
      vertex 23.3913 20.9194 0
      vertex -0.391312 20.9194 0
      vertex 23.4144 21.0224 0
    endloop
  endfacet
  facet normal 0 0 -1
    outer loop
      vertex -0.414433 21.0224 0
      vertex 23.4144 21.0224 0
      vertex -0.391312 20.9194 0
    endloop
  endfacet
  facet normal 0 0 -1
    outer loop
      vertex 23.4144 21.0224 0
      vertex -0.414433 21.0224 0
      vertex 23.4426 21.1241 0
    endloop
  endfacet
  facet normal 0 0 -1
    outer loop
      vertex -0.442577 21.1241 0
      vertex 23.4426 21.1241 0
      vertex -0.414433 21.0224 0
    endloop
  endfacet
  facet normal 0 0 -1
    outer loop
      vertex 23.4426 21.1241 0
      vertex -0.442577 21.1241 0
      vertex 23.4757 21.2243 0
    endloop
  endfacet
  facet normal 0 0 -1
    outer loop
      vertex -0.475679 21.2243 0
      vertex 23.4757 21.2243 0
      vertex -0.442577 21.1241 0
    endloop
  endfacet
  facet normal 0 0 -1
    outer loop
      vertex 23.4757 21.2243 0
      vertex -0.475679 21.2243 0
      vertex 23.5137 21.3228 0
    endloop
  endfacet
  facet normal 0 0 -1
    outer loop
      vertex -0.513659 21.3228 0
      vertex 23.5137 21.3228 0
      vertex -0.475679 21.2243 0
    endloop
  endfacet
  facet normal 0 0 -1
    outer loop
      vertex 23.5137 21.3228 0
      vertex -0.513659 21.3228 0
      vertex 23.5564 21.4192 0
    endloop
  endfacet
  facet normal 0 0 -1
    outer loop
      vertex -0.556422 21.4192 0
      vertex 23.5564 21.4192 0
      vertex -0.513659 21.3228 0
    endloop
  endfacet
  facet normal 0 0 -1
    outer loop
      vertex 23.5564 21.4192 0
      vertex -0.556422 21.4192 0
      vertex 23.6039 21.5135 0
    endloop
  endfacet
  facet normal 0 0 -1
    outer loop
      vertex -0.603868 21.5135 0
      vertex 23.6039 21.5135 0
      vertex -0.556422 21.4192 0
    endloop
  endfacet
  facet normal 0 0 -1
    outer loop
      vertex 23.6039 21.5135 0
      vertex -0.603868 21.5135 0
      vertex 23.6559 21.6053 0
    endloop
  endfacet
  facet normal 0 0 -1
    outer loop
      vertex -0.414433 -19.9776 0
      vertex 23.4144 -19.9776 0
      vertex -0.391312 -20.0806 0
    endloop
  endfacet
  facet normal 0 0 -1
    outer loop
      vertex -0.655883 21.6053 0
      vertex 23.6559 21.6053 0
      vertex -0.603868 21.5135 0
    endloop
  endfacet
  facet normal 0 0 -1
    outer loop
      vertex 23.6559 21.6053 0
      vertex -0.655883 21.6053 0
      vertex 23.7123 21.6945 0
    endloop
  endfacet
  facet normal 0 0 -1
    outer loop
      vertex -0.712339 21.6945 0
      vertex 23.7123 21.6945 0
      vertex -0.655883 21.6053 0
    endloop
  endfacet
  facet normal 0 0 -1
    outer loop
      vertex 23.7123 21.6945 0
      vertex -0.712339 21.6945 0
      vertex 23.7731 21.7808 0
    endloop
  endfacet
  facet normal 0 0 -1
    outer loop
      vertex -0.773104 21.7808 0
      vertex 23.7731 21.7808 0
      vertex -0.712339 21.6945 0
    endloop
  endfacet
  facet normal 0 0 -1
    outer loop
      vertex 23.7731 21.7808 0
      vertex -0.773104 21.7808 0
      vertex 23.838 21.8639 0
    endloop
  endfacet
  facet normal 0 0 -1
    outer loop
      vertex -0.838027 21.8639 0
      vertex 23.838 21.8639 0
      vertex -0.773104 21.7808 0
    endloop
  endfacet
  facet normal 0 0 -1
    outer loop
      vertex 23.838 21.8639 0
      vertex -0.838027 21.8639 0
      vertex 23.907 21.9439 0
    endloop
  endfacet
  facet normal 0 0 -1
    outer loop
      vertex -0.906955 21.9439 0
      vertex 23.907 21.9439 0
      vertex -0.838027 21.8639 0
    endloop
  endfacet
  facet normal 0 0 -1
    outer loop
      vertex 23.907 21.9439 0
      vertex -0.906955 21.9439 0
      vertex 23.9797 22.0203 0
    endloop
  endfacet
  facet normal 0 0 -1
    outer loop
      vertex -0.97972 22.0203 0
      vertex 23.9797 22.0203 0
      vertex -0.906955 21.9439 0
    endloop
  endfacet
  facet normal 0 0 -1
    outer loop
      vertex 23.9797 22.0203 0
      vertex -0.97972 22.0203 0
      vertex 24.0561 22.093 0
    endloop
  endfacet
  facet normal 0 0 -1
    outer loop
      vertex -1.05615 22.093 0
      vertex 24.0561 22.093 0
      vertex -0.97972 22.0203 0
    endloop
  endfacet
  facet normal 0 0 -1
    outer loop
      vertex 24.0561 22.093 0
      vertex -1.05615 22.093 0
      vertex 24.1361 22.162 0
    endloop
  endfacet
  facet normal 0 0 -1
    outer loop
      vertex -1.13605 22.162 0
      vertex 24.1361 22.162 0
      vertex -1.05615 22.093 0
    endloop
  endfacet
  facet normal 0 0 -1
    outer loop
      vertex 24.1361 22.162 0
      vertex -1.13605 22.162 0
      vertex 24.2192 22.2269 0
    endloop
  endfacet
  facet normal 0 0 -1
    outer loop
      vertex -1.21925 22.2269 0
      vertex 24.2192 22.2269 0
      vertex -1.13605 22.162 0
    endloop
  endfacet
  facet normal 0 0 -1
    outer loop
      vertex 24.2192 22.2269 0
      vertex -1.21925 22.2269 0
      vertex 24.3055 22.2877 0
    endloop
  endfacet
  facet normal 0 0 -1
    outer loop
      vertex -1.30552 22.2877 0
      vertex 24.3055 22.2877 0
      vertex -1.21925 22.2269 0
    endloop
  endfacet
  facet normal 0 0 -1
    outer loop
      vertex 24.3055 22.2877 0
      vertex -1.30552 22.2877 0
      vertex 24.3947 22.3441 0
    endloop
  endfacet
  facet normal 0 0 -1
    outer loop
      vertex -1.39468 22.3441 0
      vertex 24.3947 22.3441 0
      vertex -1.30552 22.2877 0
    endloop
  endfacet
  facet normal 0 0 -1
    outer loop
      vertex -1.4865 22.3961 0
      vertex 24.3947 22.3441 0
      vertex -1.39468 22.3441 0
    endloop
  endfacet
  facet normal 0 0 -1
    outer loop
      vertex 24.4865 22.3961 0
      vertex -1.4865 22.3961 0
      vertex -1.58076 22.4436 0
    endloop
  endfacet
  facet normal 0 0 -1
    outer loop
      vertex 24.5808 22.4436 0
      vertex -1.58076 22.4436 0
      vertex 29 25 0
    endloop
  endfacet
  facet normal 0 0 -1
    outer loop
      vertex -6 25 0
      vertex -1.58076 22.4436 0
      vertex -1.67723 22.4863 0
    endloop
  endfacet
  facet normal 0 0 -1
    outer loop
      vertex -6 25 0
      vertex -1.67723 22.4863 0
      vertex -1.77569 22.5243 0
    endloop
  endfacet
  facet normal 0 0 -1
    outer loop
      vertex -6 25 0
      vertex -1.77569 22.5243 0
      vertex -1.87589 22.5574 0
    endloop
  endfacet
  facet normal 0 0 -1
    outer loop
      vertex -6 25 0
      vertex -1.87589 22.5574 0
      vertex -1.97759 22.5856 0
    endloop
  endfacet
  facet normal 0 0 -1
    outer loop
      vertex -6 25 0
      vertex -1.97759 22.5856 0
      vertex -2.08055 22.6087 0
    endloop
  endfacet
  facet normal 0 0 -1
    outer loop
      vertex -6 25 0
      vertex -2.08055 22.6087 0
      vertex -2.18453 22.6267 0
    endloop
  endfacet
  facet normal 0 0 -1
    outer loop
      vertex -6 25 0
      vertex -2.18453 22.6267 0
      vertex -2.28926 22.6396 0
    endloop
  endfacet
  facet normal 0 0 -1
    outer loop
      vertex -6 25 0
      vertex -2.28926 22.6396 0
      vertex -2.3945 22.6474 0
    endloop
  endfacet
  facet normal 0 0 -1
    outer loop
      vertex -6 25 0
      vertex -2.3945 22.6474 0
      vertex -2.5 22.65 0
    endloop
  endfacet
  facet normal 0 0 -1
    outer loop
      vertex -6 25 0
      vertex -2.5 22.65 0
      vertex -2.6055 22.6474 0
    endloop
  endfacet
  facet normal 0 0 -1
    outer loop
      vertex -6 25 0
      vertex -2.6055 22.6474 0
      vertex -2.71074 22.6396 0
    endloop
  endfacet
  facet normal 0 0 -1
    outer loop
      vertex -4.64741 20.3945 0
      vertex -6 25 0
      vertex -4.65 20.5 0
    endloop
  endfacet
  facet normal 0 0 -1
    outer loop
      vertex -1.58076 22.4436 0
      vertex -6 25 0
      vertex 29 25 0
    endloop
  endfacet
  facet normal 0 0 -1
    outer loop
      vertex -2.81547 22.6267 0
      vertex -6 25 0
      vertex -2.71074 22.6396 0
    endloop
  endfacet
  facet normal 0 0 -1
    outer loop
      vertex -2.91944 22.6087 0
      vertex -6 25 0
      vertex -2.81547 22.6267 0
    endloop
  endfacet
  facet normal 0 0 -1
    outer loop
      vertex -3.02241 22.5856 0
      vertex -6 25 0
      vertex -2.91944 22.6087 0
    endloop
  endfacet
  facet normal 0 0 -1
    outer loop
      vertex -3.12411 22.5574 0
      vertex -6 25 0
      vertex -3.02241 22.5856 0
    endloop
  endfacet
  facet normal 0 0 -1
    outer loop
      vertex -3.22431 22.5243 0
      vertex -6 25 0
      vertex -3.12411 22.5574 0
    endloop
  endfacet
  facet normal 0 0 -1
    outer loop
      vertex -3.32277 22.4863 0
      vertex -6 25 0
      vertex -3.22431 22.5243 0
    endloop
  endfacet
  facet normal 0 0 -1
    outer loop
      vertex -3.41924 22.4436 0
      vertex -6 25 0
      vertex -3.32277 22.4863 0
    endloop
  endfacet
  facet normal 0 0 -1
    outer loop
      vertex -3.5135 22.3961 0
      vertex -6 25 0
      vertex -3.41924 22.4436 0
    endloop
  endfacet
  facet normal 0 0 -1
    outer loop
      vertex -3.60532 22.3441 0
      vertex -6 25 0
      vertex -3.5135 22.3961 0
    endloop
  endfacet
  facet normal 0 0 -1
    outer loop
      vertex -3.69448 22.2877 0
      vertex -6 25 0
      vertex -3.60532 22.3441 0
    endloop
  endfacet
  facet normal 0 0 -1
    outer loop
      vertex -3.78075 22.2269 0
      vertex -6 25 0
      vertex -3.69448 22.2877 0
    endloop
  endfacet
  facet normal 0 0 -1
    outer loop
      vertex -3.86395 22.162 0
      vertex -6 25 0
      vertex -3.78075 22.2269 0
    endloop
  endfacet
  facet normal 0 0 -1
    outer loop
      vertex -3.94385 22.093 0
      vertex -6 25 0
      vertex -3.86395 22.162 0
    endloop
  endfacet
  facet normal 0 0 -1
    outer loop
      vertex -4.02028 22.0203 0
      vertex -6 25 0
      vertex -3.94385 22.093 0
    endloop
  endfacet
  facet normal 0 0 -1
    outer loop
      vertex -4.09304 21.9439 0
      vertex -6 25 0
      vertex -4.02028 22.0203 0
    endloop
  endfacet
  facet normal 0 0 -1
    outer loop
      vertex -4.16197 21.8639 0
      vertex -6 25 0
      vertex -4.09304 21.9439 0
    endloop
  endfacet
  facet normal 0 0 -1
    outer loop
      vertex -4.2269 21.7808 0
      vertex -6 25 0
      vertex -4.16197 21.8639 0
    endloop
  endfacet
  facet normal 0 0 -1
    outer loop
      vertex -4.28766 21.6945 0
      vertex -6 25 0
      vertex -4.2269 21.7808 0
    endloop
  endfacet
  facet normal 0 0 -1
    outer loop
      vertex -4.34412 21.6053 0
      vertex -6 25 0
      vertex -4.28766 21.6945 0
    endloop
  endfacet
  facet normal 0 0 -1
    outer loop
      vertex -4.39613 21.5135 0
      vertex -6 25 0
      vertex -4.34412 21.6053 0
    endloop
  endfacet
  facet normal 0 0 -1
    outer loop
      vertex -4.44358 21.4192 0
      vertex -6 25 0
      vertex -4.39613 21.5135 0
    endloop
  endfacet
  facet normal 0 0 -1
    outer loop
      vertex -4.48634 21.3228 0
      vertex -6 25 0
      vertex -4.44358 21.4192 0
    endloop
  endfacet
  facet normal 0 0 -1
    outer loop
      vertex -4.52432 21.2243 0
      vertex -6 25 0
      vertex -4.48634 21.3228 0
    endloop
  endfacet
  facet normal 0 0 -1
    outer loop
      vertex -4.55742 21.1241 0
      vertex -6 25 0
      vertex -4.52432 21.2243 0
    endloop
  endfacet
  facet normal 0 0 -1
    outer loop
      vertex -4.58557 21.0224 0
      vertex -6 25 0
      vertex -4.55742 21.1241 0
    endloop
  endfacet
  facet normal 0 0 -1
    outer loop
      vertex -4.60869 20.9194 0
      vertex -6 25 0
      vertex -4.58557 21.0224 0
    endloop
  endfacet
  facet normal 0 0 -1
    outer loop
      vertex -4.62673 20.8155 0
      vertex -6 25 0
      vertex -4.60869 20.9194 0
    endloop
  endfacet
  facet normal 0 0 -1
    outer loop
      vertex -4.63965 20.7107 0
      vertex -6 25 0
      vertex -4.62673 20.8155 0
    endloop
  endfacet
  facet normal 0 0 -1
    outer loop
      vertex -4.64741 20.6055 0
      vertex -6 25 0
      vertex -4.63965 20.7107 0
    endloop
  endfacet
  facet normal 0 0 -1
    outer loop
      vertex -4.65 20.5 0
      vertex -6 25 0
      vertex -4.64741 20.6055 0
    endloop
  endfacet
  facet normal 0 0 -1
    outer loop
      vertex 0.5 9 0
      vertex 23.5564 19.5808 0
      vertex 23.5 9 0
    endloop
  endfacet
  facet normal -0 0 -1
    outer loop
      vertex 23.5564 19.5808 0
      vertex 0.5 9 0
      vertex 23.5137 19.6772 0
    endloop
  endfacet
  facet normal -0 0 -1
    outer loop
      vertex 23.5137 19.6772 0
      vertex 0.5 9 0
      vertex 23.4757 19.7757 0
    endloop
  endfacet
  facet normal 0 0 -1
    outer loop
      vertex -0.349999 20.5 0
      vertex 23.4757 19.7757 0
      vertex 0.5 9 0
    endloop
  endfacet
  facet normal 0 0 -1
    outer loop
      vertex 23.4757 19.7757 0
      vertex -0.349999 20.5 0
      vertex 23.4426 19.8759 0
    endloop
  endfacet
  facet normal 0 0 -1
    outer loop
      vertex 23.4426 19.8759 0
      vertex -0.349999 20.5 0
      vertex 23.4144 19.9776 0
    endloop
  endfacet
  facet normal 0 0 -1
    outer loop
      vertex 23.4144 19.9776 0
      vertex -0.349999 20.5 0
      vertex 23.3913 20.0806 0
    endloop
  endfacet
  facet normal 0 0 -1
    outer loop
      vertex 23.3913 20.0806 0
      vertex -0.349999 20.5 0
      vertex 23.3733 20.1845 0
    endloop
  endfacet
  facet normal 0 0 -1
    outer loop
      vertex 23.3733 20.1845 0
      vertex -0.349999 20.5 0
      vertex 23.3604 20.2893 0
    endloop
  endfacet
  facet normal 0 0 -1
    outer loop
      vertex 23.3604 20.2893 0
      vertex -0.349999 20.5 0
      vertex 23.3526 20.3945 0
    endloop
  endfacet
  facet normal -1 0 0
    outer loop
      vertex -6 -25 0
      vertex -6 25 3.2
      vertex -6 25 0
    endloop
  endfacet
  facet normal -1 -0 0
    outer loop
      vertex -6 25 3.2
      vertex -6 -25 0
      vertex -6 -25 3.2
    endloop
  endfacet
  facet normal 0 1 -0
    outer loop
      vertex 29 25 0
      vertex 13.2452 25 3.2
      vertex 29 25 3.2
    endloop
  endfacet
  facet normal 0 1 0
    outer loop
      vertex 13.2452 25 3.2
      vertex 29 25 0
      vertex 10.7548 25 3.2
    endloop
  endfacet
  facet normal 0 1 0
    outer loop
      vertex -6 25 0
      vertex 10.7548 25 3.2
      vertex 29 25 0
    endloop
  endfacet
  facet normal 0 1 0
    outer loop
      vertex 10.7548 25 3.2
      vertex -6 25 0
      vertex -6 25 3.2
    endloop
  endfacet
  facet normal 0 -1 0
    outer loop
      vertex -6 -25 0
      vertex 10.7548 -25 3.2
      vertex -6 -25 3.2
    endloop
  endfacet
  facet normal 0 -1 0
    outer loop
      vertex 29 -25 0
      vertex 10.7548 -25 3.2
      vertex -6 -25 0
    endloop
  endfacet
  facet normal 0 -1 0
    outer loop
      vertex 10.7548 -25 3.2
      vertex 29 -25 0
      vertex 13.2452 -25 3.2
    endloop
  endfacet
  facet normal 0 -1 0
    outer loop
      vertex 13.2452 -25 3.2
      vertex 29 -25 0
      vertex 29 -25 3.2
    endloop
  endfacet
  facet normal -0.997288 0.0735927 0
    outer loop
      vertex -0.360353 -20.7107 0
      vertex -0.35259 -20.6055 3.2
      vertex -0.35259 -20.6055 0
    endloop
  endfacet
  facet normal -0.997288 0.0735927 0
    outer loop
      vertex -0.35259 -20.6055 3.2
      vertex -0.360353 -20.7107 0
      vertex -0.360353 -20.7107 3.2
    endloop
  endfacet
  facet normal 0.787987 -0.615692 0
    outer loop
      vertex -4.2269 -19.2192 3.2
      vertex -4.16197 -19.1361 0
      vertex -4.16197 -19.1361 3.2
    endloop
  endfacet
  facet normal 0.787987 -0.615692 0
    outer loop
      vertex -4.16197 -19.1361 0
      vertex -4.2269 -19.2192 3.2
      vertex -4.2269 -19.2192 0
    endloop
  endfacet
  facet normal -0.0246371 -0.999696 0
    outer loop
      vertex -2.5 -18.35 0
      vertex -2.3945 -18.3526 3.2
      vertex -2.5 -18.35 3.2
    endloop
  endfacet
  facet normal -0.0246371 -0.999696 -0
    outer loop
      vertex -2.3945 -18.3526 3.2
      vertex -2.5 -18.35 0
      vertex -2.3945 -18.3526 0
    endloop
  endfacet
  facet normal -0.997288 -0.0735927 0
    outer loop
      vertex -0.35259 -20.3945 0
      vertex -0.360353 -20.2893 3.2
      vertex -0.360353 -20.2893 0
    endloop
  endfacet
  facet normal -0.997288 -0.0735927 0
    outer loop
      vertex -0.360353 -20.2893 3.2
      vertex -0.35259 -20.3945 0
      vertex -0.35259 -20.3945 3.2
    endloop
  endfacet
  facet normal -0.975719 -0.219025 0
    outer loop
      vertex -0.391312 -20.0806 0
      vertex -0.414433 -19.9776 3.2
      vertex -0.414433 -19.9776 0
    endloop
  endfacet
  facet normal -0.975719 -0.219025 0
    outer loop
      vertex -0.414433 -19.9776 3.2
      vertex -0.391312 -20.0806 0
      vertex -0.391312 -20.0806 3.2
    endloop
  endfacet
  facet normal -0.817649 -0.575718 0
    outer loop
      vertex -0.712339 -19.3055 0
      vertex -0.773104 -19.2192 3.2
      vertex -0.773104 -19.2192 0
    endloop
  endfacet
  facet normal -0.817649 -0.575718 0
    outer loop
      vertex -0.773104 -19.2192 3.2
      vertex -0.712339 -19.3055 0
      vertex -0.712339 -19.3055 3.2
    endloop
  endfacet
  facet normal -0.999699 0.0245518 0
    outer loop
      vertex -0.35259 -20.6055 0
      vertex -0.349999 -20.5 3.2
      vertex -0.349999 -20.5 0
    endloop
  endfacet
  facet normal -0.999699 0.0245518 0
    outer loop
      vertex -0.349999 -20.5 3.2
      vertex -0.35259 -20.6055 0
      vertex -0.35259 -20.6055 3.2
    endloop
  endfacet
  facet normal -0.893303 -0.449455 0
    outer loop
      vertex -0.556422 -19.5808 0
      vertex -0.603868 -19.4865 3.2
      vertex -0.603868 -19.4865 0
    endloop
  endfacet
  facet normal -0.893303 -0.449455 0
    outer loop
      vertex -0.603868 -19.4865 3.2
      vertex -0.556422 -19.5808 0
      vertex -0.556422 -19.5808 3.2
    endloop
  endfacet
  facet normal 0.992486 0.122356 0
    outer loop
      vertex -4.62673 -20.8155 3.2
      vertex -4.63965 -20.7107 0
      vertex -4.63965 -20.7107 3.2
    endloop
  endfacet
  facet normal 0.992486 0.122356 0
    outer loop
      vertex -4.63965 -20.7107 0
      vertex -4.62673 -20.8155 3.2
      vertex -4.62673 -20.8155 0
    endloop
  endfacet
  facet normal 0.787987 0.615692 0
    outer loop
      vertex -4.16197 -21.8639 3.2
      vertex -4.2269 -21.7808 0
      vertex -4.2269 -21.7808 3.2
    endloop
  endfacet
  facet normal 0.787987 0.615692 0
    outer loop
      vertex -4.2269 -21.7808 0
      vertex -4.16197 -21.8639 3.2
      vertex -4.16197 -21.8639 0
    endloop
  endfacet
  facet normal -0.0739136 0.997265 0
    outer loop
      vertex -2.28926 -22.6396 0
      vertex -2.3945 -22.6474 3.2
      vertex -2.28926 -22.6396 3.2
    endloop
  endfacet
  facet normal -0.0739136 0.997265 0
    outer loop
      vertex -2.3945 -22.6474 3.2
      vertex -2.28926 -22.6396 0
      vertex -2.3945 -22.6474 0
    endloop
  endfacet
  facet normal -0.985256 0.171087 0
    outer loop
      vertex -0.391312 -20.9194 0
      vertex -0.37327 -20.8155 3.2
      vertex -0.37327 -20.8155 0
    endloop
  endfacet
  facet normal -0.985256 0.171087 0
    outer loop
      vertex -0.37327 -20.8155 3.2
      vertex -0.391312 -20.9194 0
      vertex -0.391312 -20.9194 3.2
    endloop
  endfacet
  facet normal -0.12225 -0.992499 0
    outer loop
      vertex -2.28926 -18.3604 0
      vertex -2.18453 -18.3733 3.2
      vertex -2.28926 -18.3604 3.2
    endloop
  endfacet
  facet normal -0.12225 -0.992499 -0
    outer loop
      vertex -2.18453 -18.3733 3.2
      vertex -2.28926 -18.3604 0
      vertex -2.18453 -18.3733 0
    endloop
  endfacet
  facet normal -0.576073 -0.817398 0
    outer loop
      vertex -1.30552 -18.7123 0
      vertex -1.21925 -18.7731 3.2
      vertex -1.30552 -18.7123 3.2
    endloop
  endfacet
  facet normal -0.576073 -0.817398 -0
    outer loop
      vertex -1.21925 -18.7731 3.2
      vertex -1.30552 -18.7123 0
      vertex -1.21925 -18.7731 0
    endloop
  endfacet
  facet normal -0.534592 0.84511 0
    outer loop
      vertex -1.30552 -22.2877 0
      vertex -1.39468 -22.3441 3.2
      vertex -1.30552 -22.2877 3.2
    endloop
  endfacet
  facet normal -0.534592 0.84511 0
    outer loop
      vertex -1.39468 -22.3441 3.2
      vertex -1.30552 -22.2877 0
      vertex -1.39468 -22.3441 0
    endloop
  endfacet
  facet normal -0.313668 0.949533 0
    outer loop
      vertex -1.77569 -22.5243 0
      vertex -1.87589 -22.5574 3.2
      vertex -1.77569 -22.5243 3.2
    endloop
  endfacet
  facet normal -0.313668 0.949533 0
    outer loop
      vertex -1.87589 -22.5574 3.2
      vertex -1.77569 -22.5243 0
      vertex -1.87589 -22.5574 0
    endloop
  endfacet
  facet normal 0.576073 0.817398 -0
    outer loop
      vertex -3.69448 -22.2877 0
      vertex -3.78075 -22.2269 3.2
      vertex -3.69448 -22.2877 3.2
    endloop
  endfacet
  facet normal 0.576073 0.817398 0
    outer loop
      vertex -3.78075 -22.2269 3.2
      vertex -3.69448 -22.2877 0
      vertex -3.78075 -22.2269 0
    endloop
  endfacet
  facet normal 0.12225 -0.992499 0
    outer loop
      vertex -2.81547 -18.3733 0
      vertex -2.71074 -18.3604 3.2
      vertex -2.81547 -18.3733 3.2
    endloop
  endfacet
  facet normal 0.12225 -0.992499 0
    outer loop
      vertex -2.71074 -18.3604 3.2
      vertex -2.81547 -18.3733 0
      vertex -2.71074 -18.3604 0
    endloop
  endfacet
  facet normal -0.99249 -0.122328 0
    outer loop
      vertex -0.360353 -20.2893 0
      vertex -0.37327 -20.1845 3.2
      vertex -0.37327 -20.1845 0
    endloop
  endfacet
  facet normal -0.99249 -0.122328 0
    outer loop
      vertex -0.37327 -20.1845 3.2
      vertex -0.360353 -20.2893 0
      vertex -0.360353 -20.2893 3.2
    endloop
  endfacet
  facet normal -0.360058 -0.93293 0
    outer loop
      vertex -1.77569 -18.4757 0
      vertex -1.67723 -18.5137 3.2
      vertex -1.77569 -18.4757 3.2
    endloop
  endfacet
  facet normal -0.360058 -0.93293 -0
    outer loop
      vertex -1.67723 -18.5137 3.2
      vertex -1.77569 -18.4757 0
      vertex -1.67723 -18.5137 0
    endloop
  endfacet
  facet normal -0.963777 -0.266711 0
    outer loop
      vertex -0.414433 -19.9776 0
      vertex -0.442577 -19.8759 3.2
      vertex -0.442577 -19.8759 0
    endloop
  endfacet
  facet normal -0.963777 -0.266711 0
    outer loop
      vertex -0.442577 -19.8759 3.2
      vertex -0.414433 -19.9776 0
      vertex -0.414433 -19.9776 3.2
    endloop
  endfacet
  facet normal 0.615055 0.788484 -0
    outer loop
      vertex -3.78075 -22.2269 0
      vertex -3.86395 -22.162 3.2
      vertex -3.78075 -22.2269 3.2
    endloop
  endfacet
  facet normal 0.615055 0.788484 0
    outer loop
      vertex -3.86395 -22.162 3.2
      vertex -3.78075 -22.2269 0
      vertex -3.86395 -22.162 0
    endloop
  endfacet
  facet normal 0.450016 0.893021 -0
    outer loop
      vertex -3.41924 -22.4436 0
      vertex -3.5135 -22.3961 3.2
      vertex -3.41924 -22.4436 3.2
    endloop
  endfacet
  facet normal 0.450016 0.893021 0
    outer loop
      vertex -3.5135 -22.3961 3.2
      vertex -3.41924 -22.4436 0
      vertex -3.5135 -22.3961 0
    endloop
  endfacet
  facet normal -0.949527 0.313685 0
    outer loop
      vertex -0.475679 -21.2243 0
      vertex -0.442577 -21.1241 3.2
      vertex -0.442577 -21.1241 0
    endloop
  endfacet
  facet normal -0.949527 0.313685 0
    outer loop
      vertex -0.442577 -21.1241 3.2
      vertex -0.475679 -21.2243 0
      vertex -0.475679 -21.2243 3.2
    endloop
  endfacet
  facet normal 0.534592 0.84511 -0
    outer loop
      vertex -3.60532 -22.3441 0
      vertex -3.69448 -22.2877 3.2
      vertex -3.60532 -22.3441 3.2
    endloop
  endfacet
  facet normal 0.534592 0.84511 0
    outer loop
      vertex -3.69448 -22.2877 3.2
      vertex -3.60532 -22.3441 0
      vertex -3.69448 -22.2877 0
    endloop
  endfacet
  facet normal -0.653595 -0.756844 0
    outer loop
      vertex -1.13605 -18.838 0
      vertex -1.05615 -18.907 3.2
      vertex -1.13605 -18.838 3.2
    endloop
  endfacet
  facet normal -0.653595 -0.756844 -0
    outer loop
      vertex -1.05615 -18.907 3.2
      vertex -1.13605 -18.838 0
      vertex -1.05615 -18.907 0
    endloop
  endfacet
  facet normal -0.450016 0.893021 0
    outer loop
      vertex -1.4865 -22.3961 0
      vertex -1.58076 -22.4436 3.2
      vertex -1.4865 -22.3961 3.2
    endloop
  endfacet
  facet normal -0.450016 0.893021 0
    outer loop
      vertex -1.58076 -22.4436 3.2
      vertex -1.4865 -22.3961 0
      vertex -1.58076 -22.4436 0
    endloop
  endfacet
  facet normal -0.615055 -0.788484 0
    outer loop
      vertex -1.21925 -18.7731 0
      vertex -1.13605 -18.838 3.2
      vertex -1.21925 -18.7731 3.2
    endloop
  endfacet
  facet normal -0.615055 -0.788484 -0
    outer loop
      vertex -1.13605 -18.838 3.2
      vertex -1.21925 -18.7731 0
      vertex -1.13605 -18.838 0
    endloop
  endfacet
  facet normal 0.0739136 -0.997265 0
    outer loop
      vertex -2.71074 -18.3604 0
      vertex -2.6055 -18.3526 3.2
      vertex -2.71074 -18.3604 3.2
    endloop
  endfacet
  facet normal 0.0739136 -0.997265 0
    outer loop
      vertex -2.6055 -18.3526 3.2
      vertex -2.71074 -18.3604 0
      vertex -2.6055 -18.3526 0
    endloop
  endfacet
  facet normal 0.218897 0.975748 -0
    outer loop
      vertex -2.91944 -22.6087 0
      vertex -3.02241 -22.5856 3.2
      vertex -2.91944 -22.6087 3.2
    endloop
  endfacet
  facet normal 0.218897 0.975748 0
    outer loop
      vertex -3.02241 -22.5856 3.2
      vertex -2.91944 -22.6087 0
      vertex -3.02241 -22.5856 0
    endloop
  endfacet
  facet normal -0.999699 -0.0245518 0
    outer loop
      vertex -0.349999 -20.5 0
      vertex -0.35259 -20.3945 3.2
      vertex -0.35259 -20.3945 0
    endloop
  endfacet
  facet normal -0.999699 -0.0245518 0
    outer loop
      vertex -0.35259 -20.3945 3.2
      vertex -0.349999 -20.5 0
      vertex -0.349999 -20.5 3.2
    endloop
  endfacet
  facet normal -0.963777 0.266711 0
    outer loop
      vertex -0.442577 -21.1241 0
      vertex -0.414433 -21.0224 3.2
      vertex -0.414433 -21.0224 0
    endloop
  endfacet
  facet normal -0.963777 0.266711 0
    outer loop
      vertex -0.414433 -21.0224 3.2
      vertex -0.442577 -21.1241 0
      vertex -0.442577 -21.1241 3.2
    endloop
  endfacet
  facet normal 0.914108 -0.40547 0
    outer loop
      vertex -4.48634 -19.6772 3.2
      vertex -4.44358 -19.5808 0
      vertex -4.44358 -19.5808 3.2
    endloop
  endfacet
  facet normal 0.914108 -0.40547 0
    outer loop
      vertex -4.44358 -19.5808 0
      vertex -4.48634 -19.6772 3.2
      vertex -4.48634 -19.6772 0
    endloop
  endfacet
  facet normal 0.914108 0.40547 0
    outer loop
      vertex -4.44358 -21.4192 3.2
      vertex -4.48634 -21.3228 0
      vertex -4.48634 -21.3228 3.2
    endloop
  endfacet
  facet normal 0.914108 0.40547 0
    outer loop
      vertex -4.48634 -21.3228 0
      vertex -4.44358 -21.4192 3.2
      vertex -4.44358 -21.4192 0
    endloop
  endfacet
  facet normal -0.576073 0.817398 0
    outer loop
      vertex -1.21925 -22.2269 0
      vertex -1.30552 -22.2877 3.2
      vertex -1.21925 -22.2269 3.2
    endloop
  endfacet
  facet normal -0.576073 0.817398 0
    outer loop
      vertex -1.30552 -22.2877 3.2
      vertex -1.21925 -22.2269 0
      vertex -1.30552 -22.2877 0
    endloop
  endfacet
  facet normal 0.844962 -0.534827 0
    outer loop
      vertex -4.34412 -19.3947 3.2
      vertex -4.28766 -19.3055 0
      vertex -4.28766 -19.3055 3.2
    endloop
  endfacet
  facet normal 0.844962 -0.534827 0
    outer loop
      vertex -4.28766 -19.3055 0
      vertex -4.34412 -19.3947 3.2
      vertex -4.34412 -19.3947 0
    endloop
  endfacet
  facet normal 0.170589 -0.985342 0
    outer loop
      vertex -2.91944 -18.3913 0
      vertex -2.81547 -18.3733 3.2
      vertex -2.91944 -18.3913 3.2
    endloop
  endfacet
  facet normal 0.170589 -0.985342 0
    outer loop
      vertex -2.81547 -18.3733 3.2
      vertex -2.91944 -18.3913 0
      vertex -2.81547 -18.3733 0
    endloop
  endfacet
  facet normal -0.170573 -0.985345 0
    outer loop
      vertex -2.18453 -18.3733 0
      vertex -2.08055 -18.3913 3.2
      vertex -2.18453 -18.3733 3.2
    endloop
  endfacet
  facet normal -0.170573 -0.985345 -0
    outer loop
      vertex -2.08055 -18.3913 3.2
      vertex -2.18453 -18.3733 0
      vertex -2.08055 -18.3913 0
    endloop
  endfacet
  facet normal 0.689205 -0.724566 0
    outer loop
      vertex -4.02028 -18.9797 0
      vertex -3.94385 -18.907 3.2
      vertex -4.02028 -18.9797 3.2
    endloop
  endfacet
  facet normal 0.689205 -0.724566 0
    outer loop
      vertex -3.94385 -18.907 3.2
      vertex -4.02028 -18.9797 0
      vertex -3.94385 -18.907 0
    endloop
  endfacet
  facet normal -0.933043 -0.359766 0
    outer loop
      vertex -0.475679 -19.7757 0
      vertex -0.513659 -19.6772 3.2
      vertex -0.513659 -19.6772 0
    endloop
  endfacet
  facet normal -0.933043 -0.359766 0
    outer loop
      vertex -0.513659 -19.6772 3.2
      vertex -0.475679 -19.7757 0
      vertex -0.475679 -19.7757 3.2
    endloop
  endfacet
  facet normal -0.949527 -0.313685 0
    outer loop
      vertex -0.442577 -19.8759 0
      vertex -0.475679 -19.7757 3.2
      vertex -0.475679 -19.7757 0
    endloop
  endfacet
  facet normal -0.949527 -0.313685 0
    outer loop
      vertex -0.475679 -19.7757 3.2
      vertex -0.442577 -19.8759 0
      vertex -0.442577 -19.8759 3.2
    endloop
  endfacet
  facet normal 0.313668 0.949533 -0
    outer loop
      vertex -3.12411 -22.5574 0
      vertex -3.22431 -22.5243 3.2
      vertex -3.12411 -22.5574 3.2
    endloop
  endfacet
  facet normal 0.313668 0.949533 0
    outer loop
      vertex -3.22431 -22.5243 3.2
      vertex -3.12411 -22.5574 0
      vertex -3.22431 -22.5243 0
    endloop
  endfacet
  facet normal 0.817671 -0.575686 0
    outer loop
      vertex -4.28766 -19.3055 3.2
      vertex -4.2269 -19.2192 0
      vertex -4.2269 -19.2192 3.2
    endloop
  endfacet
  facet normal 0.817671 -0.575686 0
    outer loop
      vertex -4.2269 -19.2192 0
      vertex -4.28766 -19.3055 3.2
      vertex -4.28766 -19.3055 0
    endloop
  endfacet
  facet normal -0.757586 0.652736 0
    outer loop
      vertex -0.906955 -21.9439 0
      vertex -0.838027 -21.8639 3.2
      vertex -0.838027 -21.8639 0
    endloop
  endfacet
  facet normal -0.757586 0.652736 0
    outer loop
      vertex -0.838027 -21.8639 3.2
      vertex -0.906955 -21.9439 0
      vertex -0.906955 -21.9439 3.2
    endloop
  endfacet
  facet normal 0.933043 0.359766 0
    outer loop
      vertex -4.48634 -21.3228 3.2
      vertex -4.52432 -21.2243 0
      vertex -4.52432 -21.2243 3.2
    endloop
  endfacet
  facet normal 0.933043 0.359766 0
    outer loop
      vertex -4.52432 -21.2243 0
      vertex -4.48634 -21.3228 3.2
      vertex -4.48634 -21.3228 0
    endloop
  endfacet
  facet normal 0.724147 0.689646 0
    outer loop
      vertex -4.02028 -22.0203 3.2
      vertex -4.09304 -21.9439 0
      vertex -4.09304 -21.9439 3.2
    endloop
  endfacet
  facet normal 0.724147 0.689646 0
    outer loop
      vertex -4.09304 -21.9439 0
      vertex -4.02028 -22.0203 3.2
      vertex -4.02028 -22.0203 0
    endloop
  endfacet
  facet normal 0.218897 -0.975748 0
    outer loop
      vertex -3.02241 -18.4144 0
      vertex -2.91944 -18.3913 3.2
      vertex -3.02241 -18.4144 3.2
    endloop
  endfacet
  facet normal 0.218897 -0.975748 0
    outer loop
      vertex -2.91944 -18.3913 3.2
      vertex -3.02241 -18.4144 0
      vertex -2.91944 -18.3913 0
    endloop
  endfacet
  facet normal -0.12225 0.992499 0
    outer loop
      vertex -2.18453 -22.6267 0
      vertex -2.28926 -22.6396 3.2
      vertex -2.18453 -22.6267 3.2
    endloop
  endfacet
  facet normal -0.12225 0.992499 0
    outer loop
      vertex -2.28926 -22.6396 3.2
      vertex -2.18453 -22.6267 0
      vertex -2.28926 -22.6396 0
    endloop
  endfacet
  facet normal 0.949533 0.313668 0
    outer loop
      vertex -4.52432 -21.2243 3.2
      vertex -4.55742 -21.1241 0
      vertex -4.55742 -21.1241 3.2
    endloop
  endfacet
  facet normal 0.949533 0.313668 0
    outer loop
      vertex -4.55742 -21.1241 0
      vertex -4.52432 -21.2243 3.2
      vertex -4.52432 -21.2243 0
    endloop
  endfacet
  facet normal 0.360058 -0.93293 0
    outer loop
      vertex -3.32277 -18.5137 0
      vertex -3.22431 -18.4757 3.2
      vertex -3.32277 -18.5137 3.2
    endloop
  endfacet
  facet normal 0.360058 -0.93293 0
    outer loop
      vertex -3.22431 -18.4757 3.2
      vertex -3.32277 -18.5137 0
      vertex -3.22431 -18.4757 0
    endloop
  endfacet
  facet normal 0.933043 -0.359766 0
    outer loop
      vertex -4.52432 -19.7757 3.2
      vertex -4.48634 -19.6772 0
      vertex -4.48634 -19.6772 3.2
    endloop
  endfacet
  facet normal 0.933043 -0.359766 0
    outer loop
      vertex -4.48634 -19.6772 0
      vertex -4.52432 -19.7757 3.2
      vertex -4.52432 -19.7757 0
    endloop
  endfacet
  facet normal -0.170573 0.985345 0
    outer loop
      vertex -2.08055 -22.6087 0
      vertex -2.18453 -22.6267 3.2
      vertex -2.08055 -22.6087 3.2
    endloop
  endfacet
  facet normal -0.170573 0.985345 0
    outer loop
      vertex -2.18453 -22.6267 3.2
      vertex -2.08055 -22.6087 0
      vertex -2.18453 -22.6267 0
    endloop
  endfacet
  facet normal 0.999699 -0.0245424 0
    outer loop
      vertex -4.65 -20.5 3.2
      vertex -4.64741 -20.3945 0
      vertex -4.64741 -20.3945 3.2
    endloop
  endfacet
  facet normal 0.999699 -0.0245424 0
    outer loop
      vertex -4.64741 -20.3945 0
      vertex -4.65 -20.5 3.2
      vertex -4.65 -20.5 0
    endloop
  endfacet
  facet normal -0.492788 0.87015 0
    outer loop
      vertex -1.39468 -22.3441 0
      vertex -1.4865 -22.3961 3.2
      vertex -1.39468 -22.3441 3.2
    endloop
  endfacet
  facet normal -0.492788 0.87015 0
    outer loop
      vertex -1.4865 -22.3961 3.2
      vertex -1.39468 -22.3441 0
      vertex -1.4865 -22.3961 0
    endloop
  endfacet
  facet normal -0.653595 0.756844 0
    outer loop
      vertex -1.05615 -22.093 0
      vertex -1.13605 -22.162 3.2
      vertex -1.05615 -22.093 3.2
    endloop
  endfacet
  facet normal -0.653595 0.756844 0
    outer loop
      vertex -1.13605 -22.162 3.2
      vertex -1.05615 -22.093 0
      vertex -1.13605 -22.162 0
    endloop
  endfacet
  facet normal -0.360058 0.93293 0
    outer loop
      vertex -1.67723 -22.4863 0
      vertex -1.77569 -22.5243 3.2
      vertex -1.67723 -22.4863 3.2
    endloop
  endfacet
  facet normal -0.360058 0.93293 0
    outer loop
      vertex -1.77569 -22.5243 3.2
      vertex -1.67723 -22.4863 0
      vertex -1.77569 -22.5243 0
    endloop
  endfacet
  facet normal -0.534592 -0.84511 0
    outer loop
      vertex -1.39468 -18.6559 0
      vertex -1.30552 -18.7123 3.2
      vertex -1.39468 -18.6559 3.2
    endloop
  endfacet
  facet normal -0.534592 -0.84511 -0
    outer loop
      vertex -1.30552 -18.7123 3.2
      vertex -1.39468 -18.6559 0
      vertex -1.30552 -18.7123 0
    endloop
  endfacet
  facet normal -0.844979 0.5348 0
    outer loop
      vertex -0.712339 -21.6945 0
      vertex -0.655883 -21.6053 3.2
      vertex -0.655883 -21.6053 0
    endloop
  endfacet
  facet normal -0.844979 0.5348 0
    outer loop
      vertex -0.655883 -21.6053 3.2
      vertex -0.712339 -21.6945 0
      vertex -0.712339 -21.6945 3.2
    endloop
  endfacet
  facet normal -0.870043 -0.492977 0
    outer loop
      vertex -0.603868 -19.4865 0
      vertex -0.655883 -19.3947 3.2
      vertex -0.655883 -19.3947 0
    endloop
  endfacet
  facet normal -0.870043 -0.492977 0
    outer loop
      vertex -0.655883 -19.3947 3.2
      vertex -0.603868 -19.4865 0
      vertex -0.603868 -19.4865 3.2
    endloop
  endfacet
  facet normal 0.170589 0.985342 -0
    outer loop
      vertex -2.81547 -22.6267 0
      vertex -2.91944 -22.6087 3.2
      vertex -2.81547 -22.6267 3.2
    endloop
  endfacet
  facet normal 0.170589 0.985342 0
    outer loop
      vertex -2.91944 -22.6087 3.2
      vertex -2.81547 -22.6267 0
      vertex -2.91944 -22.6087 0
    endloop
  endfacet
  facet normal -0.450016 -0.893021 0
    outer loop
      vertex -1.58076 -18.5564 0
      vertex -1.4865 -18.6039 3.2
      vertex -1.58076 -18.5564 3.2
    endloop
  endfacet
  facet normal -0.450016 -0.893021 -0
    outer loop
      vertex -1.4865 -18.6039 3.2
      vertex -1.58076 -18.5564 0
      vertex -1.4865 -18.6039 0
    endloop
  endfacet
  facet normal -0.914098 0.405493 0
    outer loop
      vertex -0.556422 -21.4192 0
      vertex -0.513659 -21.3228 3.2
      vertex -0.513659 -21.3228 0
    endloop
  endfacet
  facet normal -0.914098 0.405493 0
    outer loop
      vertex -0.513659 -21.3228 3.2
      vertex -0.556422 -21.4192 0
      vertex -0.556422 -21.4192 3.2
    endloop
  endfacet
  facet normal 0.963762 -0.266764 0
    outer loop
      vertex -4.58557 -19.9776 3.2
      vertex -4.55742 -19.8759 0
      vertex -4.55742 -19.8759 3.2
    endloop
  endfacet
  facet normal 0.963762 -0.266764 0
    outer loop
      vertex -4.55742 -19.8759 0
      vertex -4.58557 -19.9776 3.2
      vertex -4.58557 -19.9776 0
    endloop
  endfacet
  facet normal -0.99249 0.122328 0
    outer loop
      vertex -0.37327 -20.8155 0
      vertex -0.360353 -20.7107 3.2
      vertex -0.360353 -20.7107 0
    endloop
  endfacet
  facet normal -0.99249 0.122328 0
    outer loop
      vertex -0.360353 -20.7107 3.2
      vertex -0.37327 -20.8155 0
      vertex -0.37327 -20.8155 3.2
    endloop
  endfacet
  facet normal -0.844979 -0.5348 0
    outer loop
      vertex -0.655883 -19.3947 0
      vertex -0.712339 -19.3055 3.2
      vertex -0.712339 -19.3055 0
    endloop
  endfacet
  facet normal -0.844979 -0.5348 0
    outer loop
      vertex -0.712339 -19.3055 3.2
      vertex -0.655883 -19.3947 0
      vertex -0.655883 -19.3947 3.2
    endloop
  endfacet
  facet normal 0.492788 0.87015 -0
    outer loop
      vertex -3.5135 -22.3961 0
      vertex -3.60532 -22.3441 3.2
      vertex -3.5135 -22.3961 3.2
    endloop
  endfacet
  facet normal 0.492788 0.87015 0
    outer loop
      vertex -3.60532 -22.3441 3.2
      vertex -3.5135 -22.3961 0
      vertex -3.60532 -22.3441 0
    endloop
  endfacet
  facet normal 0.999699 0.0245424 0
    outer loop
      vertex -4.64741 -20.6055 3.2
      vertex -4.65 -20.5 0
      vertex -4.65 -20.5 3.2
    endloop
  endfacet
  facet normal 0.999699 0.0245424 0
    outer loop
      vertex -4.65 -20.5 0
      vertex -4.64741 -20.6055 3.2
      vertex -4.64741 -20.6055 0
    endloop
  endfacet
  facet normal 0.757576 -0.652747 0
    outer loop
      vertex -4.16197 -19.1361 3.2
      vertex -4.09304 -19.0561 0
      vertex -4.09304 -19.0561 3.2
    endloop
  endfacet
  facet normal 0.757576 -0.652747 0
    outer loop
      vertex -4.09304 -19.0561 0
      vertex -4.16197 -19.1361 3.2
      vertex -4.16197 -19.1361 0
    endloop
  endfacet
  facet normal -0.0739136 -0.997265 0
    outer loop
      vertex -2.3945 -18.3526 0
      vertex -2.28926 -18.3604 3.2
      vertex -2.3945 -18.3526 3.2
    endloop
  endfacet
  facet normal -0.0739136 -0.997265 -0
    outer loop
      vertex -2.28926 -18.3604 3.2
      vertex -2.3945 -18.3526 0
      vertex -2.28926 -18.3604 0
    endloop
  endfacet
  facet normal -0.724123 -0.689671 0
    outer loop
      vertex -0.906955 -19.0561 0
      vertex -0.97972 -18.9797 3.2
      vertex -0.97972 -18.9797 0
    endloop
  endfacet
  facet normal -0.724123 -0.689671 0
    outer loop
      vertex -0.97972 -18.9797 3.2
      vertex -0.906955 -19.0561 0
      vertex -0.906955 -19.0561 3.2
    endloop
  endfacet
  facet normal -0.985256 -0.171087 0
    outer loop
      vertex -0.37327 -20.1845 0
      vertex -0.391312 -20.0806 3.2
      vertex -0.391312 -20.0806 0
    endloop
  endfacet
  facet normal -0.985256 -0.171087 0
    outer loop
      vertex -0.391312 -20.0806 3.2
      vertex -0.37327 -20.1845 0
      vertex -0.37327 -20.1845 3.2
    endloop
  endfacet
  facet normal 0.360058 0.93293 -0
    outer loop
      vertex -3.22431 -22.5243 0
      vertex -3.32277 -22.4863 3.2
      vertex -3.22431 -22.5243 3.2
    endloop
  endfacet
  facet normal 0.360058 0.93293 0
    outer loop
      vertex -3.32277 -22.4863 3.2
      vertex -3.22431 -22.5243 0
      vertex -3.32277 -22.4863 0
    endloop
  endfacet
  facet normal -0.689205 -0.724566 0
    outer loop
      vertex -1.05615 -18.907 0
      vertex -0.97972 -18.9797 3.2
      vertex -1.05615 -18.907 3.2
    endloop
  endfacet
  facet normal -0.689205 -0.724566 -0
    outer loop
      vertex -0.97972 -18.9797 3.2
      vertex -1.05615 -18.907 0
      vertex -0.97972 -18.9797 0
    endloop
  endfacet
  facet normal -0.0246371 0.999696 0
    outer loop
      vertex -2.3945 -22.6474 0
      vertex -2.5 -22.65 3.2
      vertex -2.3945 -22.6474 3.2
    endloop
  endfacet
  facet normal -0.0246371 0.999696 0
    outer loop
      vertex -2.5 -22.65 3.2
      vertex -2.3945 -22.6474 0
      vertex -2.5 -22.65 0
    endloop
  endfacet
  facet normal -0.267204 -0.96364 0
    outer loop
      vertex -1.97759 -18.4144 0
      vertex -1.87589 -18.4426 3.2
      vertex -1.97759 -18.4144 3.2
    endloop
  endfacet
  facet normal -0.267204 -0.96364 -0
    outer loop
      vertex -1.87589 -18.4426 3.2
      vertex -1.97759 -18.4144 0
      vertex -1.87589 -18.4426 0
    endloop
  endfacet
  facet normal -0.689205 0.724566 0
    outer loop
      vertex -0.97972 -22.0203 0
      vertex -1.05615 -22.093 3.2
      vertex -0.97972 -22.0203 3.2
    endloop
  endfacet
  facet normal -0.689205 0.724566 0
    outer loop
      vertex -1.05615 -22.093 3.2
      vertex -0.97972 -22.0203 0
      vertex -1.05615 -22.093 0
    endloop
  endfacet
  facet normal 0.949533 -0.313668 0
    outer loop
      vertex -4.55742 -19.8759 3.2
      vertex -4.52432 -19.7757 0
      vertex -4.52432 -19.7757 3.2
    endloop
  endfacet
  facet normal 0.949533 -0.313668 0
    outer loop
      vertex -4.52432 -19.7757 0
      vertex -4.55742 -19.8759 3.2
      vertex -4.55742 -19.8759 0
    endloop
  endfacet
  facet normal -0.404748 -0.914428 0
    outer loop
      vertex -1.67723 -18.5137 0
      vertex -1.58076 -18.5564 3.2
      vertex -1.67723 -18.5137 3.2
    endloop
  endfacet
  facet normal -0.404748 -0.914428 -0
    outer loop
      vertex -1.58076 -18.5564 3.2
      vertex -1.67723 -18.5137 0
      vertex -1.58076 -18.5564 0
    endloop
  endfacet
  facet normal 0.313668 -0.949533 0
    outer loop
      vertex -3.22431 -18.4757 0
      vertex -3.12411 -18.4426 3.2
      vertex -3.22431 -18.4757 3.2
    endloop
  endfacet
  facet normal 0.313668 -0.949533 0
    outer loop
      vertex -3.12411 -18.4426 3.2
      vertex -3.22431 -18.4757 0
      vertex -3.12411 -18.4426 0
    endloop
  endfacet
  facet normal 0.870063 -0.492941 0
    outer loop
      vertex -4.39613 -19.4865 3.2
      vertex -4.34412 -19.3947 0
      vertex -4.34412 -19.3947 3.2
    endloop
  endfacet
  facet normal 0.870063 -0.492941 0
    outer loop
      vertex -4.34412 -19.3947 0
      vertex -4.39613 -19.4865 3.2
      vertex -4.39613 -19.4865 0
    endloop
  endfacet
  facet normal -0.267204 0.96364 0
    outer loop
      vertex -1.87589 -22.5574 0
      vertex -1.97759 -22.5856 3.2
      vertex -1.87589 -22.5574 3.2
    endloop
  endfacet
  facet normal -0.267204 0.96364 0
    outer loop
      vertex -1.97759 -22.5856 3.2
      vertex -1.87589 -22.5574 0
      vertex -1.97759 -22.5856 0
    endloop
  endfacet
  facet normal 0.99729 0.0735644 0
    outer loop
      vertex -4.63965 -20.7107 3.2
      vertex -4.64741 -20.6055 0
      vertex -4.64741 -20.6055 3.2
    endloop
  endfacet
  facet normal 0.99729 0.0735644 0
    outer loop
      vertex -4.64741 -20.6055 0
      vertex -4.63965 -20.7107 3.2
      vertex -4.63965 -20.7107 0
    endloop
  endfacet
  facet normal 0.985259 0.171069 0
    outer loop
      vertex -4.60869 -20.9194 3.2
      vertex -4.62673 -20.8155 0
      vertex -4.62673 -20.8155 3.2
    endloop
  endfacet
  facet normal 0.985259 0.171069 0
    outer loop
      vertex -4.62673 -20.8155 0
      vertex -4.60869 -20.9194 3.2
      vertex -4.60869 -20.9194 0
    endloop
  endfacet
  facet normal 0.653595 -0.756844 0
    outer loop
      vertex -3.94385 -18.907 0
      vertex -3.86395 -18.838 3.2
      vertex -3.94385 -18.907 3.2
    endloop
  endfacet
  facet normal 0.653595 -0.756844 0
    outer loop
      vertex -3.86395 -18.838 3.2
      vertex -3.94385 -18.907 0
      vertex -3.86395 -18.838 0
    endloop
  endfacet
  facet normal -0.313668 -0.949533 0
    outer loop
      vertex -1.87589 -18.4426 0
      vertex -1.77569 -18.4757 3.2
      vertex -1.87589 -18.4426 3.2
    endloop
  endfacet
  facet normal -0.313668 -0.949533 -0
    outer loop
      vertex -1.77569 -18.4757 3.2
      vertex -1.87589 -18.4426 0
      vertex -1.77569 -18.4757 0
    endloop
  endfacet
  facet normal -0.914098 -0.405493 0
    outer loop
      vertex -0.513659 -19.6772 0
      vertex -0.556422 -19.5808 3.2
      vertex -0.556422 -19.5808 0
    endloop
  endfacet
  facet normal -0.914098 -0.405493 0
    outer loop
      vertex -0.556422 -19.5808 3.2
      vertex -0.513659 -19.6772 0
      vertex -0.513659 -19.6772 3.2
    endloop
  endfacet
  facet normal 0.0739136 0.997265 -0
    outer loop
      vertex -2.6055 -22.6474 0
      vertex -2.71074 -22.6396 3.2
      vertex -2.6055 -22.6474 3.2
    endloop
  endfacet
  facet normal 0.0739136 0.997265 0
    outer loop
      vertex -2.71074 -22.6396 3.2
      vertex -2.6055 -22.6474 0
      vertex -2.71074 -22.6396 0
    endloop
  endfacet
  facet normal 0.0246371 0.999696 -0
    outer loop
      vertex -2.5 -22.65 0
      vertex -2.6055 -22.6474 3.2
      vertex -2.5 -22.65 3.2
    endloop
  endfacet
  facet normal 0.0246371 0.999696 0
    outer loop
      vertex -2.6055 -22.6474 3.2
      vertex -2.5 -22.65 0
      vertex -2.6055 -22.6474 0
    endloop
  endfacet
  facet normal -0.817649 0.575718 0
    outer loop
      vertex -0.773104 -21.7808 0
      vertex -0.712339 -21.6945 3.2
      vertex -0.712339 -21.6945 0
    endloop
  endfacet
  facet normal -0.817649 0.575718 0
    outer loop
      vertex -0.712339 -21.6945 3.2
      vertex -0.773104 -21.7808 0
      vertex -0.773104 -21.7808 3.2
    endloop
  endfacet
  facet normal 0.12225 0.992499 -0
    outer loop
      vertex -2.71074 -22.6396 0
      vertex -2.81547 -22.6267 3.2
      vertex -2.71074 -22.6396 3.2
    endloop
  endfacet
  facet normal 0.12225 0.992499 0
    outer loop
      vertex -2.81547 -22.6267 3.2
      vertex -2.71074 -22.6396 0
      vertex -2.81547 -22.6267 0
    endloop
  endfacet
  facet normal 0.870063 0.492941 0
    outer loop
      vertex -4.34412 -21.6053 3.2
      vertex -4.39613 -21.5135 0
      vertex -4.39613 -21.5135 3.2
    endloop
  endfacet
  facet normal 0.870063 0.492941 0
    outer loop
      vertex -4.39613 -21.5135 0
      vertex -4.34412 -21.6053 3.2
      vertex -4.34412 -21.6053 0
    endloop
  endfacet
  facet normal 0.844962 0.534827 0
    outer loop
      vertex -4.28766 -21.6945 3.2
      vertex -4.34412 -21.6053 0
      vertex -4.34412 -21.6053 3.2
    endloop
  endfacet
  facet normal 0.844962 0.534827 0
    outer loop
      vertex -4.34412 -21.6053 0
      vertex -4.28766 -21.6945 3.2
      vertex -4.28766 -21.6945 0
    endloop
  endfacet
  facet normal 0.267204 0.96364 -0
    outer loop
      vertex -3.02241 -22.5856 0
      vertex -3.12411 -22.5574 3.2
      vertex -3.02241 -22.5856 3.2
    endloop
  endfacet
  facet normal 0.267204 0.96364 0
    outer loop
      vertex -3.12411 -22.5574 3.2
      vertex -3.02241 -22.5856 0
      vertex -3.12411 -22.5574 0
    endloop
  endfacet
  facet normal 0.975721 -0.219016 0
    outer loop
      vertex -4.60869 -20.0806 3.2
      vertex -4.58557 -19.9776 0
      vertex -4.58557 -19.9776 3.2
    endloop
  endfacet
  facet normal 0.975721 -0.219016 0
    outer loop
      vertex -4.58557 -19.9776 0
      vertex -4.60869 -20.0806 3.2
      vertex -4.60869 -20.0806 0
    endloop
  endfacet
  facet normal -0.404748 0.914428 0
    outer loop
      vertex -1.58076 -22.4436 0
      vertex -1.67723 -22.4863 3.2
      vertex -1.58076 -22.4436 3.2
    endloop
  endfacet
  facet normal -0.404748 0.914428 0
    outer loop
      vertex -1.67723 -22.4863 3.2
      vertex -1.58076 -22.4436 0
      vertex -1.67723 -22.4863 0
    endloop
  endfacet
  facet normal 0.0246371 -0.999696 0
    outer loop
      vertex -2.6055 -18.3526 0
      vertex -2.5 -18.35 3.2
      vertex -2.6055 -18.3526 3.2
    endloop
  endfacet
  facet normal 0.0246371 -0.999696 0
    outer loop
      vertex -2.5 -18.35 3.2
      vertex -2.6055 -18.3526 0
      vertex -2.5 -18.35 0
    endloop
  endfacet
  facet normal 0.757576 0.652747 0
    outer loop
      vertex -4.09304 -21.9439 3.2
      vertex -4.16197 -21.8639 0
      vertex -4.16197 -21.8639 3.2
    endloop
  endfacet
  facet normal 0.757576 0.652747 0
    outer loop
      vertex -4.16197 -21.8639 0
      vertex -4.09304 -21.9439 3.2
      vertex -4.09304 -21.9439 0
    endloop
  endfacet
  facet normal 0.450016 -0.893021 0
    outer loop
      vertex -3.5135 -18.6039 0
      vertex -3.41924 -18.5564 3.2
      vertex -3.5135 -18.6039 3.2
    endloop
  endfacet
  facet normal 0.450016 -0.893021 0
    outer loop
      vertex -3.41924 -18.5564 3.2
      vertex -3.5135 -18.6039 0
      vertex -3.41924 -18.5564 0
    endloop
  endfacet
  facet normal -0.975719 0.219025 0
    outer loop
      vertex -0.414433 -21.0224 0
      vertex -0.391312 -20.9194 3.2
      vertex -0.391312 -20.9194 0
    endloop
  endfacet
  facet normal -0.975719 0.219025 0
    outer loop
      vertex -0.391312 -20.9194 3.2
      vertex -0.414433 -21.0224 0
      vertex -0.414433 -21.0224 3.2
    endloop
  endfacet
  facet normal 0.817671 0.575686 0
    outer loop
      vertex -4.2269 -21.7808 3.2
      vertex -4.28766 -21.6945 0
      vertex -4.28766 -21.6945 3.2
    endloop
  endfacet
  facet normal 0.817671 0.575686 0
    outer loop
      vertex -4.28766 -21.6945 0
      vertex -4.2269 -21.7808 3.2
      vertex -4.2269 -21.7808 0
    endloop
  endfacet
  facet normal -0.615055 0.788484 0
    outer loop
      vertex -1.13605 -22.162 0
      vertex -1.21925 -22.2269 3.2
      vertex -1.13605 -22.162 3.2
    endloop
  endfacet
  facet normal -0.615055 0.788484 0
    outer loop
      vertex -1.21925 -22.2269 3.2
      vertex -1.13605 -22.162 0
      vertex -1.21925 -22.2269 0
    endloop
  endfacet
  facet normal -0.870043 0.492977 0
    outer loop
      vertex -0.655883 -21.6053 0
      vertex -0.603868 -21.5135 3.2
      vertex -0.603868 -21.5135 0
    endloop
  endfacet
  facet normal -0.870043 0.492977 0
    outer loop
      vertex -0.603868 -21.5135 3.2
      vertex -0.655883 -21.6053 0
      vertex -0.655883 -21.6053 3.2
    endloop
  endfacet
  facet normal -0.788019 -0.615651 0
    outer loop
      vertex -0.773104 -19.2192 0
      vertex -0.838027 -19.1361 3.2
      vertex -0.838027 -19.1361 0
    endloop
  endfacet
  facet normal -0.788019 -0.615651 0
    outer loop
      vertex -0.838027 -19.1361 3.2
      vertex -0.773104 -19.2192 0
      vertex -0.773104 -19.2192 3.2
    endloop
  endfacet
  facet normal 0.653595 0.756844 -0
    outer loop
      vertex -3.86395 -22.162 0
      vertex -3.94385 -22.093 3.2
      vertex -3.86395 -22.162 3.2
    endloop
  endfacet
  facet normal 0.653595 0.756844 0
    outer loop
      vertex -3.94385 -22.093 3.2
      vertex -3.86395 -22.162 0
      vertex -3.94385 -22.093 0
    endloop
  endfacet
  facet normal -0.893303 0.449455 0
    outer loop
      vertex -0.603868 -21.5135 0
      vertex -0.556422 -21.4192 3.2
      vertex -0.556422 -21.4192 0
    endloop
  endfacet
  facet normal -0.893303 0.449455 0
    outer loop
      vertex -0.556422 -21.4192 3.2
      vertex -0.603868 -21.5135 0
      vertex -0.603868 -21.5135 3.2
    endloop
  endfacet
  facet normal -0.933043 0.359766 0
    outer loop
      vertex -0.513659 -21.3228 0
      vertex -0.475679 -21.2243 3.2
      vertex -0.475679 -21.2243 0
    endloop
  endfacet
  facet normal -0.933043 0.359766 0
    outer loop
      vertex -0.475679 -21.2243 3.2
      vertex -0.513659 -21.3228 0
      vertex -0.513659 -21.3228 3.2
    endloop
  endfacet
  facet normal -0.218917 0.975744 0
    outer loop
      vertex -1.97759 -22.5856 0
      vertex -2.08055 -22.6087 3.2
      vertex -1.97759 -22.5856 3.2
    endloop
  endfacet
  facet normal -0.218917 0.975744 0
    outer loop
      vertex -2.08055 -22.6087 3.2
      vertex -1.97759 -22.5856 0
      vertex -2.08055 -22.6087 0
    endloop
  endfacet
  facet normal 0.724147 -0.689646 0
    outer loop
      vertex -4.09304 -19.0561 3.2
      vertex -4.02028 -18.9797 0
      vertex -4.02028 -18.9797 3.2
    endloop
  endfacet
  facet normal 0.724147 -0.689646 0
    outer loop
      vertex -4.02028 -18.9797 0
      vertex -4.09304 -19.0561 3.2
      vertex -4.09304 -19.0561 0
    endloop
  endfacet
  facet normal -0.788019 0.615651 0
    outer loop
      vertex -0.838027 -21.8639 0
      vertex -0.773104 -21.7808 3.2
      vertex -0.773104 -21.7808 0
    endloop
  endfacet
  facet normal -0.788019 0.615651 0
    outer loop
      vertex -0.773104 -21.7808 3.2
      vertex -0.838027 -21.8639 0
      vertex -0.838027 -21.8639 3.2
    endloop
  endfacet
  facet normal 0.404748 0.914428 -0
    outer loop
      vertex -3.32277 -22.4863 0
      vertex -3.41924 -22.4436 3.2
      vertex -3.32277 -22.4863 3.2
    endloop
  endfacet
  facet normal 0.404748 0.914428 0
    outer loop
      vertex -3.41924 -22.4436 3.2
      vertex -3.32277 -22.4863 0
      vertex -3.41924 -22.4436 0
    endloop
  endfacet
  facet normal -0.724123 0.689671 0
    outer loop
      vertex -0.97972 -22.0203 0
      vertex -0.906955 -21.9439 3.2
      vertex -0.906955 -21.9439 0
    endloop
  endfacet
  facet normal -0.724123 0.689671 0
    outer loop
      vertex -0.906955 -21.9439 3.2
      vertex -0.97972 -22.0203 0
      vertex -0.97972 -22.0203 3.2
    endloop
  endfacet
  facet normal 0.975721 0.219016 0
    outer loop
      vertex -4.58557 -21.0224 3.2
      vertex -4.60869 -20.9194 0
      vertex -4.60869 -20.9194 3.2
    endloop
  endfacet
  facet normal 0.975721 0.219016 0
    outer loop
      vertex -4.60869 -20.9194 0
      vertex -4.58557 -21.0224 3.2
      vertex -4.58557 -21.0224 0
    endloop
  endfacet
  facet normal -0.757586 -0.652736 0
    outer loop
      vertex -0.838027 -19.1361 0
      vertex -0.906955 -19.0561 3.2
      vertex -0.906955 -19.0561 0
    endloop
  endfacet
  facet normal -0.757586 -0.652736 0
    outer loop
      vertex -0.906955 -19.0561 3.2
      vertex -0.838027 -19.1361 0
      vertex -0.838027 -19.1361 3.2
    endloop
  endfacet
  facet normal -0.218917 -0.975744 0
    outer loop
      vertex -2.08055 -18.3913 0
      vertex -1.97759 -18.4144 3.2
      vertex -2.08055 -18.3913 3.2
    endloop
  endfacet
  facet normal -0.218917 -0.975744 -0
    outer loop
      vertex -1.97759 -18.4144 3.2
      vertex -2.08055 -18.3913 0
      vertex -1.97759 -18.4144 0
    endloop
  endfacet
  facet normal -0.492788 -0.87015 0
    outer loop
      vertex -1.4865 -18.6039 0
      vertex -1.39468 -18.6559 3.2
      vertex -1.4865 -18.6039 3.2
    endloop
  endfacet
  facet normal -0.492788 -0.87015 -0
    outer loop
      vertex -1.39468 -18.6559 3.2
      vertex -1.4865 -18.6039 0
      vertex -1.39468 -18.6559 0
    endloop
  endfacet
  facet normal 0.689205 0.724566 -0
    outer loop
      vertex -3.94385 -22.093 0
      vertex -4.02028 -22.0203 3.2
      vertex -3.94385 -22.093 3.2
    endloop
  endfacet
  facet normal 0.689205 0.724566 0
    outer loop
      vertex -4.02028 -22.0203 3.2
      vertex -3.94385 -22.093 0
      vertex -4.02028 -22.0203 0
    endloop
  endfacet
  facet normal 0.576073 -0.817398 0
    outer loop
      vertex -3.78075 -18.7731 0
      vertex -3.69448 -18.7123 3.2
      vertex -3.78075 -18.7731 3.2
    endloop
  endfacet
  facet normal 0.576073 -0.817398 0
    outer loop
      vertex -3.69448 -18.7123 3.2
      vertex -3.78075 -18.7731 0
      vertex -3.69448 -18.7123 0
    endloop
  endfacet
  facet normal 0.615055 -0.788484 0
    outer loop
      vertex -3.86395 -18.838 0
      vertex -3.78075 -18.7731 3.2
      vertex -3.86395 -18.838 3.2
    endloop
  endfacet
  facet normal 0.615055 -0.788484 0
    outer loop
      vertex -3.78075 -18.7731 3.2
      vertex -3.86395 -18.838 0
      vertex -3.78075 -18.7731 0
    endloop
  endfacet
  facet normal 0.992486 -0.122356 0
    outer loop
      vertex -4.63965 -20.2893 3.2
      vertex -4.62673 -20.1845 0
      vertex -4.62673 -20.1845 3.2
    endloop
  endfacet
  facet normal 0.992486 -0.122356 0
    outer loop
      vertex -4.62673 -20.1845 0
      vertex -4.63965 -20.2893 3.2
      vertex -4.63965 -20.2893 0
    endloop
  endfacet
  facet normal 0.985259 -0.171069 0
    outer loop
      vertex -4.62673 -20.1845 3.2
      vertex -4.60869 -20.0806 0
      vertex -4.60869 -20.0806 3.2
    endloop
  endfacet
  facet normal 0.985259 -0.171069 0
    outer loop
      vertex -4.60869 -20.0806 0
      vertex -4.62673 -20.1845 3.2
      vertex -4.62673 -20.1845 0
    endloop
  endfacet
  facet normal 0.99729 -0.0735644 0
    outer loop
      vertex -4.64741 -20.3945 3.2
      vertex -4.63965 -20.2893 0
      vertex -4.63965 -20.2893 3.2
    endloop
  endfacet
  facet normal 0.99729 -0.0735644 0
    outer loop
      vertex -4.63965 -20.2893 0
      vertex -4.64741 -20.3945 3.2
      vertex -4.64741 -20.3945 0
    endloop
  endfacet
  facet normal 0.534592 -0.84511 0
    outer loop
      vertex -3.69448 -18.7123 0
      vertex -3.60532 -18.6559 3.2
      vertex -3.69448 -18.7123 3.2
    endloop
  endfacet
  facet normal 0.534592 -0.84511 0
    outer loop
      vertex -3.60532 -18.6559 3.2
      vertex -3.69448 -18.7123 0
      vertex -3.60532 -18.6559 0
    endloop
  endfacet
  facet normal 0.492788 -0.87015 0
    outer loop
      vertex -3.60532 -18.6559 0
      vertex -3.5135 -18.6039 3.2
      vertex -3.60532 -18.6559 3.2
    endloop
  endfacet
  facet normal 0.492788 -0.87015 0
    outer loop
      vertex -3.5135 -18.6039 3.2
      vertex -3.60532 -18.6559 0
      vertex -3.5135 -18.6039 0
    endloop
  endfacet
  facet normal 0.267204 -0.96364 0
    outer loop
      vertex -3.12411 -18.4426 0
      vertex -3.02241 -18.4144 3.2
      vertex -3.12411 -18.4426 3.2
    endloop
  endfacet
  facet normal 0.267204 -0.96364 0
    outer loop
      vertex -3.02241 -18.4144 3.2
      vertex -3.12411 -18.4426 0
      vertex -3.02241 -18.4144 0
    endloop
  endfacet
  facet normal 0.893288 -0.449486 0
    outer loop
      vertex -4.44358 -19.5808 3.2
      vertex -4.39613 -19.4865 0
      vertex -4.39613 -19.4865 3.2
    endloop
  endfacet
  facet normal 0.893288 -0.449486 0
    outer loop
      vertex -4.39613 -19.4865 0
      vertex -4.44358 -19.5808 3.2
      vertex -4.44358 -19.5808 0
    endloop
  endfacet
  facet normal 0.963762 0.266764 0
    outer loop
      vertex -4.55742 -21.1241 3.2
      vertex -4.58557 -21.0224 0
      vertex -4.58557 -21.0224 3.2
    endloop
  endfacet
  facet normal 0.963762 0.266764 0
    outer loop
      vertex -4.58557 -21.0224 0
      vertex -4.55742 -21.1241 3.2
      vertex -4.55742 -21.1241 0
    endloop
  endfacet
  facet normal 0.404748 -0.914428 0
    outer loop
      vertex -3.41924 -18.5564 0
      vertex -3.32277 -18.5137 3.2
      vertex -3.41924 -18.5564 3.2
    endloop
  endfacet
  facet normal 0.404748 -0.914428 0
    outer loop
      vertex -3.32277 -18.5137 3.2
      vertex -3.41924 -18.5564 0
      vertex -3.32277 -18.5137 0
    endloop
  endfacet
  facet normal 0.893288 0.449486 0
    outer loop
      vertex -4.39613 -21.5135 3.2
      vertex -4.44358 -21.4192 0
      vertex -4.44358 -21.4192 3.2
    endloop
  endfacet
  facet normal 0.893288 0.449486 0
    outer loop
      vertex -4.44358 -21.4192 0
      vertex -4.39613 -21.5135 3.2
      vertex -4.39613 -21.5135 0
    endloop
  endfacet
  facet normal 0.933043 0.359766 0
    outer loop
      vertex -4.48634 19.6772 3.2
      vertex -4.52432 19.7757 0
      vertex -4.52432 19.7757 3.2
    endloop
  endfacet
  facet normal 0.933043 0.359766 0
    outer loop
      vertex -4.52432 19.7757 0
      vertex -4.48634 19.6772 3.2
      vertex -4.48634 19.6772 0
    endloop
  endfacet
  facet normal -0.99249 -0.122328 0
    outer loop
      vertex -0.360353 20.7107 0
      vertex -0.37327 20.8155 3.2
      vertex -0.37327 20.8155 0
    endloop
  endfacet
  facet normal -0.99249 -0.122328 0
    outer loop
      vertex -0.37327 20.8155 3.2
      vertex -0.360353 20.7107 0
      vertex -0.360353 20.7107 3.2
    endloop
  endfacet
  facet normal -0.817649 0.575718 0
    outer loop
      vertex -0.773104 19.2192 0
      vertex -0.712339 19.3055 3.2
      vertex -0.712339 19.3055 0
    endloop
  endfacet
  facet normal -0.817649 0.575718 0
    outer loop
      vertex -0.712339 19.3055 3.2
      vertex -0.773104 19.2192 0
      vertex -0.773104 19.2192 3.2
    endloop
  endfacet
  facet normal 0.724147 -0.689646 0
    outer loop
      vertex -4.09304 21.9439 3.2
      vertex -4.02028 22.0203 0
      vertex -4.02028 22.0203 3.2
    endloop
  endfacet
  facet normal 0.724147 -0.689646 0
    outer loop
      vertex -4.02028 22.0203 0
      vertex -4.09304 21.9439 3.2
      vertex -4.09304 21.9439 0
    endloop
  endfacet
  facet normal -0.997288 -0.0735927 0
    outer loop
      vertex -0.35259 20.6055 0
      vertex -0.360353 20.7107 3.2
      vertex -0.360353 20.7107 0
    endloop
  endfacet
  facet normal -0.997288 -0.0735927 0
    outer loop
      vertex -0.360353 20.7107 3.2
      vertex -0.35259 20.6055 0
      vertex -0.35259 20.6055 3.2
    endloop
  endfacet
  facet normal 0.404748 -0.914428 0
    outer loop
      vertex -3.41924 22.4436 0
      vertex -3.32277 22.4863 3.2
      vertex -3.41924 22.4436 3.2
    endloop
  endfacet
  facet normal 0.404748 -0.914428 0
    outer loop
      vertex -3.32277 22.4863 3.2
      vertex -3.41924 22.4436 0
      vertex -3.32277 22.4863 0
    endloop
  endfacet
  facet normal -0.997288 0.0735927 0
    outer loop
      vertex -0.360353 20.2893 0
      vertex -0.35259 20.3945 3.2
      vertex -0.35259 20.3945 0
    endloop
  endfacet
  facet normal -0.997288 0.0735927 0
    outer loop
      vertex -0.35259 20.3945 3.2
      vertex -0.360353 20.2893 0
      vertex -0.360353 20.2893 3.2
    endloop
  endfacet
  facet normal -0.985256 0.171087 0
    outer loop
      vertex -0.391312 20.0806 0
      vertex -0.37327 20.1845 3.2
      vertex -0.37327 20.1845 0
    endloop
  endfacet
  facet normal -0.985256 0.171087 0
    outer loop
      vertex -0.37327 20.1845 3.2
      vertex -0.391312 20.0806 0
      vertex -0.391312 20.0806 3.2
    endloop
  endfacet
  facet normal -0.689205 -0.724566 0
    outer loop
      vertex -1.05615 22.093 0
      vertex -0.97972 22.0203 3.2
      vertex -1.05615 22.093 3.2
    endloop
  endfacet
  facet normal -0.689205 -0.724566 -0
    outer loop
      vertex -0.97972 22.0203 3.2
      vertex -1.05615 22.093 0
      vertex -0.97972 22.0203 0
    endloop
  endfacet
  facet normal -0.492788 -0.87015 0
    outer loop
      vertex -1.4865 22.3961 0
      vertex -1.39468 22.3441 3.2
      vertex -1.4865 22.3961 3.2
    endloop
  endfacet
  facet normal -0.492788 -0.87015 -0
    outer loop
      vertex -1.39468 22.3441 3.2
      vertex -1.4865 22.3961 0
      vertex -1.39468 22.3441 0
    endloop
  endfacet
  facet normal -0.0246371 -0.999696 0
    outer loop
      vertex -2.5 22.65 0
      vertex -2.3945 22.6474 3.2
      vertex -2.5 22.65 3.2
    endloop
  endfacet
  facet normal -0.0246371 -0.999696 -0
    outer loop
      vertex -2.3945 22.6474 3.2
      vertex -2.5 22.65 0
      vertex -2.3945 22.6474 0
    endloop
  endfacet
  facet normal 0.870063 0.492941 0
    outer loop
      vertex -4.34412 19.3947 3.2
      vertex -4.39613 19.4865 0
      vertex -4.39613 19.4865 3.2
    endloop
  endfacet
  facet normal 0.870063 0.492941 0
    outer loop
      vertex -4.39613 19.4865 0
      vertex -4.34412 19.3947 3.2
      vertex -4.34412 19.3947 0
    endloop
  endfacet
  facet normal 0.992486 0.122356 0
    outer loop
      vertex -4.62673 20.1845 3.2
      vertex -4.63965 20.2893 0
      vertex -4.63965 20.2893 3.2
    endloop
  endfacet
  facet normal 0.992486 0.122356 0
    outer loop
      vertex -4.63965 20.2893 0
      vertex -4.62673 20.1845 3.2
      vertex -4.62673 20.1845 0
    endloop
  endfacet
  facet normal -0.0739136 -0.997265 0
    outer loop
      vertex -2.3945 22.6474 0
      vertex -2.28926 22.6396 3.2
      vertex -2.3945 22.6474 3.2
    endloop
  endfacet
  facet normal -0.0739136 -0.997265 -0
    outer loop
      vertex -2.28926 22.6396 3.2
      vertex -2.3945 22.6474 0
      vertex -2.28926 22.6396 0
    endloop
  endfacet
  facet normal -0.534592 -0.84511 0
    outer loop
      vertex -1.39468 22.3441 0
      vertex -1.30552 22.2877 3.2
      vertex -1.39468 22.3441 3.2
    endloop
  endfacet
  facet normal -0.534592 -0.84511 -0
    outer loop
      vertex -1.30552 22.2877 3.2
      vertex -1.39468 22.3441 0
      vertex -1.30552 22.2877 0
    endloop
  endfacet
  facet normal 0.787987 -0.615692 0
    outer loop
      vertex -4.2269 21.7808 3.2
      vertex -4.16197 21.8639 0
      vertex -4.16197 21.8639 3.2
    endloop
  endfacet
  facet normal 0.787987 -0.615692 0
    outer loop
      vertex -4.16197 21.8639 0
      vertex -4.2269 21.7808 3.2
      vertex -4.2269 21.7808 0
    endloop
  endfacet
  facet normal -0.757586 0.652736 0
    outer loop
      vertex -0.906955 19.0561 0
      vertex -0.838027 19.1361 3.2
      vertex -0.838027 19.1361 0
    endloop
  endfacet
  facet normal -0.757586 0.652736 0
    outer loop
      vertex -0.838027 19.1361 3.2
      vertex -0.906955 19.0561 0
      vertex -0.906955 19.0561 3.2
    endloop
  endfacet
  facet normal -0.999699 0.0245518 0
    outer loop
      vertex -0.35259 20.3945 0
      vertex -0.349999 20.5 3.2
      vertex -0.349999 20.5 0
    endloop
  endfacet
  facet normal -0.999699 0.0245518 0
    outer loop
      vertex -0.349999 20.5 3.2
      vertex -0.35259 20.3945 0
      vertex -0.35259 20.3945 3.2
    endloop
  endfacet
  facet normal -0.218917 0.975744 0
    outer loop
      vertex -1.97759 18.4144 0
      vertex -2.08055 18.3913 3.2
      vertex -1.97759 18.4144 3.2
    endloop
  endfacet
  facet normal -0.218917 0.975744 0
    outer loop
      vertex -2.08055 18.3913 3.2
      vertex -1.97759 18.4144 0
      vertex -2.08055 18.3913 0
    endloop
  endfacet
  facet normal -0.12225 0.992499 0
    outer loop
      vertex -2.18453 18.3733 0
      vertex -2.28926 18.3604 3.2
      vertex -2.18453 18.3733 3.2
    endloop
  endfacet
  facet normal -0.12225 0.992499 0
    outer loop
      vertex -2.28926 18.3604 3.2
      vertex -2.18453 18.3733 0
      vertex -2.28926 18.3604 0
    endloop
  endfacet
  facet normal 0.0739136 -0.997265 0
    outer loop
      vertex -2.71074 22.6396 0
      vertex -2.6055 22.6474 3.2
      vertex -2.71074 22.6396 3.2
    endloop
  endfacet
  facet normal 0.0739136 -0.997265 0
    outer loop
      vertex -2.6055 22.6474 3.2
      vertex -2.71074 22.6396 0
      vertex -2.6055 22.6474 0
    endloop
  endfacet
  facet normal -0.615055 -0.788484 0
    outer loop
      vertex -1.21925 22.2269 0
      vertex -1.13605 22.162 3.2
      vertex -1.21925 22.2269 3.2
    endloop
  endfacet
  facet normal -0.615055 -0.788484 -0
    outer loop
      vertex -1.13605 22.162 3.2
      vertex -1.21925 22.2269 0
      vertex -1.13605 22.162 0
    endloop
  endfacet
  facet normal -0.844979 -0.5348 0
    outer loop
      vertex -0.655883 21.6053 0
      vertex -0.712339 21.6945 3.2
      vertex -0.712339 21.6945 0
    endloop
  endfacet
  facet normal -0.844979 -0.5348 0
    outer loop
      vertex -0.712339 21.6945 3.2
      vertex -0.655883 21.6053 0
      vertex -0.655883 21.6053 3.2
    endloop
  endfacet
  facet normal -0.999699 -0.0245518 0
    outer loop
      vertex -0.349999 20.5 0
      vertex -0.35259 20.6055 3.2
      vertex -0.35259 20.6055 0
    endloop
  endfacet
  facet normal -0.999699 -0.0245518 0
    outer loop
      vertex -0.35259 20.6055 3.2
      vertex -0.349999 20.5 0
      vertex -0.349999 20.5 3.2
    endloop
  endfacet
  facet normal 0.893288 -0.449486 0
    outer loop
      vertex -4.44358 21.4192 3.2
      vertex -4.39613 21.5135 0
      vertex -4.39613 21.5135 3.2
    endloop
  endfacet
  facet normal 0.893288 -0.449486 0
    outer loop
      vertex -4.39613 21.5135 0
      vertex -4.44358 21.4192 3.2
      vertex -4.44358 21.4192 0
    endloop
  endfacet
  facet normal 0.576073 -0.817398 0
    outer loop
      vertex -3.78075 22.2269 0
      vertex -3.69448 22.2877 3.2
      vertex -3.78075 22.2269 3.2
    endloop
  endfacet
  facet normal 0.576073 -0.817398 0
    outer loop
      vertex -3.69448 22.2877 3.2
      vertex -3.78075 22.2269 0
      vertex -3.69448 22.2877 0
    endloop
  endfacet
  facet normal -0.963777 -0.266711 0
    outer loop
      vertex -0.414433 21.0224 0
      vertex -0.442577 21.1241 3.2
      vertex -0.442577 21.1241 0
    endloop
  endfacet
  facet normal -0.963777 -0.266711 0
    outer loop
      vertex -0.442577 21.1241 3.2
      vertex -0.414433 21.0224 0
      vertex -0.414433 21.0224 3.2
    endloop
  endfacet
  facet normal -0.963777 0.266711 0
    outer loop
      vertex -0.442577 19.8759 0
      vertex -0.414433 19.9776 3.2
      vertex -0.414433 19.9776 0
    endloop
  endfacet
  facet normal -0.963777 0.266711 0
    outer loop
      vertex -0.414433 19.9776 3.2
      vertex -0.442577 19.8759 0
      vertex -0.442577 19.8759 3.2
    endloop
  endfacet
  facet normal 0.492788 -0.87015 0
    outer loop
      vertex -3.60532 22.3441 0
      vertex -3.5135 22.3961 3.2
      vertex -3.60532 22.3441 3.2
    endloop
  endfacet
  facet normal 0.492788 -0.87015 0
    outer loop
      vertex -3.5135 22.3961 3.2
      vertex -3.60532 22.3441 0
      vertex -3.5135 22.3961 0
    endloop
  endfacet
  facet normal 0.170589 -0.985342 0
    outer loop
      vertex -2.91944 22.6087 0
      vertex -2.81547 22.6267 3.2
      vertex -2.91944 22.6087 3.2
    endloop
  endfacet
  facet normal 0.170589 -0.985342 0
    outer loop
      vertex -2.81547 22.6267 3.2
      vertex -2.91944 22.6087 0
      vertex -2.81547 22.6267 0
    endloop
  endfacet
  facet normal -0.267204 0.96364 0
    outer loop
      vertex -1.87589 18.4426 0
      vertex -1.97759 18.4144 3.2
      vertex -1.87589 18.4426 3.2
    endloop
  endfacet
  facet normal -0.267204 0.96364 0
    outer loop
      vertex -1.97759 18.4144 3.2
      vertex -1.87589 18.4426 0
      vertex -1.97759 18.4144 0
    endloop
  endfacet
  facet normal 0.870063 -0.492941 0
    outer loop
      vertex -4.39613 21.5135 3.2
      vertex -4.34412 21.6053 0
      vertex -4.34412 21.6053 3.2
    endloop
  endfacet
  facet normal 0.870063 -0.492941 0
    outer loop
      vertex -4.34412 21.6053 0
      vertex -4.39613 21.5135 3.2
      vertex -4.39613 21.5135 0
    endloop
  endfacet
  facet normal 0.0246371 0.999696 -0
    outer loop
      vertex -2.5 18.35 0
      vertex -2.6055 18.3526 3.2
      vertex -2.5 18.35 3.2
    endloop
  endfacet
  facet normal 0.0246371 0.999696 0
    outer loop
      vertex -2.6055 18.3526 3.2
      vertex -2.5 18.35 0
      vertex -2.6055 18.3526 0
    endloop
  endfacet
  facet normal -0.757586 -0.652736 0
    outer loop
      vertex -0.838027 21.8639 0
      vertex -0.906955 21.9439 3.2
      vertex -0.906955 21.9439 0
    endloop
  endfacet
  facet normal -0.757586 -0.652736 0
    outer loop
      vertex -0.906955 21.9439 3.2
      vertex -0.838027 21.8639 0
      vertex -0.838027 21.8639 3.2
    endloop
  endfacet
  facet normal 0.689205 -0.724566 0
    outer loop
      vertex -4.02028 22.0203 0
      vertex -3.94385 22.093 3.2
      vertex -4.02028 22.0203 3.2
    endloop
  endfacet
  facet normal 0.689205 -0.724566 0
    outer loop
      vertex -3.94385 22.093 3.2
      vertex -4.02028 22.0203 0
      vertex -3.94385 22.093 0
    endloop
  endfacet
  facet normal -0.404748 -0.914428 0
    outer loop
      vertex -1.67723 22.4863 0
      vertex -1.58076 22.4436 3.2
      vertex -1.67723 22.4863 3.2
    endloop
  endfacet
  facet normal -0.404748 -0.914428 -0
    outer loop
      vertex -1.58076 22.4436 3.2
      vertex -1.67723 22.4863 0
      vertex -1.58076 22.4436 0
    endloop
  endfacet
  facet normal 0.12225 -0.992499 0
    outer loop
      vertex -2.81547 22.6267 0
      vertex -2.71074 22.6396 3.2
      vertex -2.81547 22.6267 3.2
    endloop
  endfacet
  facet normal 0.12225 -0.992499 0
    outer loop
      vertex -2.71074 22.6396 3.2
      vertex -2.81547 22.6267 0
      vertex -2.71074 22.6396 0
    endloop
  endfacet
  facet normal -0.576073 0.817398 0
    outer loop
      vertex -1.21925 18.7731 0
      vertex -1.30552 18.7123 3.2
      vertex -1.21925 18.7731 3.2
    endloop
  endfacet
  facet normal -0.576073 0.817398 0
    outer loop
      vertex -1.30552 18.7123 3.2
      vertex -1.21925 18.7731 0
      vertex -1.30552 18.7123 0
    endloop
  endfacet
  facet normal 0.534592 -0.84511 0
    outer loop
      vertex -3.69448 22.2877 0
      vertex -3.60532 22.3441 3.2
      vertex -3.69448 22.2877 3.2
    endloop
  endfacet
  facet normal 0.534592 -0.84511 0
    outer loop
      vertex -3.60532 22.3441 3.2
      vertex -3.69448 22.2877 0
      vertex -3.60532 22.3441 0
    endloop
  endfacet
  facet normal -0.933043 0.359766 0
    outer loop
      vertex -0.513659 19.6772 0
      vertex -0.475679 19.7757 3.2
      vertex -0.475679 19.7757 0
    endloop
  endfacet
  facet normal -0.933043 0.359766 0
    outer loop
      vertex -0.475679 19.7757 3.2
      vertex -0.513659 19.6772 0
      vertex -0.513659 19.6772 3.2
    endloop
  endfacet
  facet normal 0.914108 -0.40547 0
    outer loop
      vertex -4.48634 21.3228 3.2
      vertex -4.44358 21.4192 0
      vertex -4.44358 21.4192 3.2
    endloop
  endfacet
  facet normal 0.914108 -0.40547 0
    outer loop
      vertex -4.44358 21.4192 0
      vertex -4.48634 21.3228 3.2
      vertex -4.48634 21.3228 0
    endloop
  endfacet
  facet normal -0.576073 -0.817398 0
    outer loop
      vertex -1.30552 22.2877 0
      vertex -1.21925 22.2269 3.2
      vertex -1.30552 22.2877 3.2
    endloop
  endfacet
  facet normal -0.576073 -0.817398 -0
    outer loop
      vertex -1.21925 22.2269 3.2
      vertex -1.30552 22.2877 0
      vertex -1.21925 22.2269 0
    endloop
  endfacet
  facet normal 0.949533 -0.313668 0
    outer loop
      vertex -4.55742 21.1241 3.2
      vertex -4.52432 21.2243 0
      vertex -4.52432 21.2243 3.2
    endloop
  endfacet
  facet normal 0.949533 -0.313668 0
    outer loop
      vertex -4.52432 21.2243 0
      vertex -4.55742 21.1241 3.2
      vertex -4.55742 21.1241 0
    endloop
  endfacet
  facet normal 0.313668 0.949533 -0
    outer loop
      vertex -3.12411 18.4426 0
      vertex -3.22431 18.4757 3.2
      vertex -3.12411 18.4426 3.2
    endloop
  endfacet
  facet normal 0.313668 0.949533 0
    outer loop
      vertex -3.22431 18.4757 3.2
      vertex -3.12411 18.4426 0
      vertex -3.22431 18.4757 0
    endloop
  endfacet
  facet normal -0.724123 0.689671 0
    outer loop
      vertex -0.97972 18.9797 0
      vertex -0.906955 19.0561 3.2
      vertex -0.906955 19.0561 0
    endloop
  endfacet
  facet normal -0.724123 0.689671 0
    outer loop
      vertex -0.906955 19.0561 3.2
      vertex -0.97972 18.9797 0
      vertex -0.97972 18.9797 3.2
    endloop
  endfacet
  facet normal 0.724147 0.689646 0
    outer loop
      vertex -4.02028 18.9797 3.2
      vertex -4.09304 19.0561 0
      vertex -4.09304 19.0561 3.2
    endloop
  endfacet
  facet normal 0.724147 0.689646 0
    outer loop
      vertex -4.09304 19.0561 0
      vertex -4.02028 18.9797 3.2
      vertex -4.02028 18.9797 0
    endloop
  endfacet
  facet normal -0.893303 -0.449455 0
    outer loop
      vertex -0.556422 21.4192 0
      vertex -0.603868 21.5135 3.2
      vertex -0.603868 21.5135 0
    endloop
  endfacet
  facet normal -0.893303 -0.449455 0
    outer loop
      vertex -0.603868 21.5135 3.2
      vertex -0.556422 21.4192 0
      vertex -0.556422 21.4192 3.2
    endloop
  endfacet
  facet normal 0.534592 0.84511 -0
    outer loop
      vertex -3.60532 18.6559 0
      vertex -3.69448 18.7123 3.2
      vertex -3.60532 18.6559 3.2
    endloop
  endfacet
  facet normal 0.534592 0.84511 0
    outer loop
      vertex -3.69448 18.7123 3.2
      vertex -3.60532 18.6559 0
      vertex -3.69448 18.7123 0
    endloop
  endfacet
  facet normal 0.450016 0.893021 -0
    outer loop
      vertex -3.41924 18.5564 0
      vertex -3.5135 18.6039 3.2
      vertex -3.41924 18.5564 3.2
    endloop
  endfacet
  facet normal 0.450016 0.893021 0
    outer loop
      vertex -3.5135 18.6039 3.2
      vertex -3.41924 18.5564 0
      vertex -3.5135 18.6039 0
    endloop
  endfacet
  facet normal 0.985259 0.171069 0
    outer loop
      vertex -4.60869 20.0806 3.2
      vertex -4.62673 20.1845 0
      vertex -4.62673 20.1845 3.2
    endloop
  endfacet
  facet normal 0.985259 0.171069 0
    outer loop
      vertex -4.62673 20.1845 0
      vertex -4.60869 20.0806 3.2
      vertex -4.60869 20.0806 0
    endloop
  endfacet
  facet normal -0.450016 -0.893021 0
    outer loop
      vertex -1.58076 22.4436 0
      vertex -1.4865 22.3961 3.2
      vertex -1.58076 22.4436 3.2
    endloop
  endfacet
  facet normal -0.450016 -0.893021 -0
    outer loop
      vertex -1.4865 22.3961 3.2
      vertex -1.58076 22.4436 0
      vertex -1.4865 22.3961 0
    endloop
  endfacet
  facet normal 0.450016 -0.893021 0
    outer loop
      vertex -3.5135 22.3961 0
      vertex -3.41924 22.4436 3.2
      vertex -3.5135 22.3961 3.2
    endloop
  endfacet
  facet normal 0.450016 -0.893021 0
    outer loop
      vertex -3.41924 22.4436 3.2
      vertex -3.5135 22.3961 0
      vertex -3.41924 22.4436 0
    endloop
  endfacet
  facet normal 0.949533 0.313668 0
    outer loop
      vertex -4.52432 19.7757 3.2
      vertex -4.55742 19.8759 0
      vertex -4.55742 19.8759 3.2
    endloop
  endfacet
  facet normal 0.949533 0.313668 0
    outer loop
      vertex -4.55742 19.8759 0
      vertex -4.52432 19.7757 3.2
      vertex -4.52432 19.7757 0
    endloop
  endfacet
  facet normal -0.450016 0.893021 0
    outer loop
      vertex -1.4865 18.6039 0
      vertex -1.58076 18.5564 3.2
      vertex -1.4865 18.6039 3.2
    endloop
  endfacet
  facet normal -0.450016 0.893021 0
    outer loop
      vertex -1.58076 18.5564 3.2
      vertex -1.4865 18.6039 0
      vertex -1.58076 18.5564 0
    endloop
  endfacet
  facet normal 0.999699 0.0245424 0
    outer loop
      vertex -4.64741 20.3945 3.2
      vertex -4.65 20.5 0
      vertex -4.65 20.5 3.2
    endloop
  endfacet
  facet normal 0.999699 0.0245424 0
    outer loop
      vertex -4.65 20.5 0
      vertex -4.64741 20.3945 3.2
      vertex -4.64741 20.3945 0
    endloop
  endfacet
  facet normal -0.817649 -0.575718 0
    outer loop
      vertex -0.712339 21.6945 0
      vertex -0.773104 21.7808 3.2
      vertex -0.773104 21.7808 0
    endloop
  endfacet
  facet normal -0.817649 -0.575718 0
    outer loop
      vertex -0.773104 21.7808 3.2
      vertex -0.712339 21.6945 0
      vertex -0.712339 21.6945 3.2
    endloop
  endfacet
  facet normal -0.534592 0.84511 0
    outer loop
      vertex -1.30552 18.7123 0
      vertex -1.39468 18.6559 3.2
      vertex -1.30552 18.7123 3.2
    endloop
  endfacet
  facet normal -0.534592 0.84511 0
    outer loop
      vertex -1.39468 18.6559 3.2
      vertex -1.30552 18.7123 0
      vertex -1.39468 18.6559 0
    endloop
  endfacet
  facet normal 0.999699 -0.0245424 0
    outer loop
      vertex -4.65 20.5 3.2
      vertex -4.64741 20.6055 0
      vertex -4.64741 20.6055 3.2
    endloop
  endfacet
  facet normal 0.999699 -0.0245424 0
    outer loop
      vertex -4.64741 20.6055 0
      vertex -4.65 20.5 3.2
      vertex -4.65 20.5 0
    endloop
  endfacet
  facet normal -0.985256 -0.171087 0
    outer loop
      vertex -0.37327 20.8155 0
      vertex -0.391312 20.9194 3.2
      vertex -0.391312 20.9194 0
    endloop
  endfacet
  facet normal -0.985256 -0.171087 0
    outer loop
      vertex -0.391312 20.9194 3.2
      vertex -0.37327 20.8155 0
      vertex -0.37327 20.8155 3.2
    endloop
  endfacet
  facet normal -0.788019 -0.615651 0
    outer loop
      vertex -0.773104 21.7808 0
      vertex -0.838027 21.8639 3.2
      vertex -0.838027 21.8639 0
    endloop
  endfacet
  facet normal -0.788019 -0.615651 0
    outer loop
      vertex -0.838027 21.8639 3.2
      vertex -0.773104 21.7808 0
      vertex -0.773104 21.7808 3.2
    endloop
  endfacet
  facet normal -0.360058 0.93293 0
    outer loop
      vertex -1.67723 18.5137 0
      vertex -1.77569 18.4757 3.2
      vertex -1.67723 18.5137 3.2
    endloop
  endfacet
  facet normal -0.360058 0.93293 0
    outer loop
      vertex -1.77569 18.4757 3.2
      vertex -1.67723 18.5137 0
      vertex -1.77569 18.4757 0
    endloop
  endfacet
  facet normal -0.404748 0.914428 0
    outer loop
      vertex -1.58076 18.5564 0
      vertex -1.67723 18.5137 3.2
      vertex -1.58076 18.5564 3.2
    endloop
  endfacet
  facet normal -0.404748 0.914428 0
    outer loop
      vertex -1.67723 18.5137 3.2
      vertex -1.58076 18.5564 0
      vertex -1.67723 18.5137 0
    endloop
  endfacet
  facet normal 0.12225 0.992499 -0
    outer loop
      vertex -2.71074 18.3604 0
      vertex -2.81547 18.3733 3.2
      vertex -2.71074 18.3604 3.2
    endloop
  endfacet
  facet normal 0.12225 0.992499 0
    outer loop
      vertex -2.81547 18.3733 3.2
      vertex -2.71074 18.3604 0
      vertex -2.81547 18.3733 0
    endloop
  endfacet
  facet normal -0.615055 0.788484 0
    outer loop
      vertex -1.13605 18.838 0
      vertex -1.21925 18.7731 3.2
      vertex -1.13605 18.838 3.2
    endloop
  endfacet
  facet normal -0.615055 0.788484 0
    outer loop
      vertex -1.21925 18.7731 3.2
      vertex -1.13605 18.838 0
      vertex -1.21925 18.7731 0
    endloop
  endfacet
  facet normal 0.757576 -0.652747 0
    outer loop
      vertex -4.16197 21.8639 3.2
      vertex -4.09304 21.9439 0
      vertex -4.09304 21.9439 3.2
    endloop
  endfacet
  facet normal 0.757576 -0.652747 0
    outer loop
      vertex -4.09304 21.9439 0
      vertex -4.16197 21.8639 3.2
      vertex -4.16197 21.8639 0
    endloop
  endfacet
  facet normal -0.975719 0.219025 0
    outer loop
      vertex -0.414433 19.9776 0
      vertex -0.391312 20.0806 3.2
      vertex -0.391312 20.0806 0
    endloop
  endfacet
  facet normal -0.975719 0.219025 0
    outer loop
      vertex -0.391312 20.0806 3.2
      vertex -0.414433 19.9776 0
      vertex -0.414433 19.9776 3.2
    endloop
  endfacet
  facet normal -0.933043 -0.359766 0
    outer loop
      vertex -0.475679 21.2243 0
      vertex -0.513659 21.3228 3.2
      vertex -0.513659 21.3228 0
    endloop
  endfacet
  facet normal -0.933043 -0.359766 0
    outer loop
      vertex -0.513659 21.3228 3.2
      vertex -0.475679 21.2243 0
      vertex -0.475679 21.2243 3.2
    endloop
  endfacet
  facet normal 0.492788 0.87015 -0
    outer loop
      vertex -3.5135 18.6039 0
      vertex -3.60532 18.6559 3.2
      vertex -3.5135 18.6039 3.2
    endloop
  endfacet
  facet normal 0.492788 0.87015 0
    outer loop
      vertex -3.60532 18.6559 3.2
      vertex -3.5135 18.6039 0
      vertex -3.60532 18.6559 0
    endloop
  endfacet
  facet normal 0.267204 -0.96364 0
    outer loop
      vertex -3.12411 22.5574 0
      vertex -3.02241 22.5856 3.2
      vertex -3.12411 22.5574 3.2
    endloop
  endfacet
  facet normal 0.267204 -0.96364 0
    outer loop
      vertex -3.02241 22.5856 3.2
      vertex -3.12411 22.5574 0
      vertex -3.02241 22.5856 0
    endloop
  endfacet
  facet normal -0.949527 -0.313685 0
    outer loop
      vertex -0.442577 21.1241 0
      vertex -0.475679 21.2243 3.2
      vertex -0.475679 21.2243 0
    endloop
  endfacet
  facet normal -0.949527 -0.313685 0
    outer loop
      vertex -0.475679 21.2243 3.2
      vertex -0.442577 21.1241 0
      vertex -0.442577 21.1241 3.2
    endloop
  endfacet
  facet normal -0.949527 0.313685 0
    outer loop
      vertex -0.475679 19.7757 0
      vertex -0.442577 19.8759 3.2
      vertex -0.442577 19.8759 0
    endloop
  endfacet
  facet normal -0.949527 0.313685 0
    outer loop
      vertex -0.442577 19.8759 3.2
      vertex -0.475679 19.7757 0
      vertex -0.475679 19.7757 3.2
    endloop
  endfacet
  facet normal -0.0739136 0.997265 0
    outer loop
      vertex -2.28926 18.3604 0
      vertex -2.3945 18.3526 3.2
      vertex -2.28926 18.3604 3.2
    endloop
  endfacet
  facet normal -0.0739136 0.997265 0
    outer loop
      vertex -2.3945 18.3526 3.2
      vertex -2.28926 18.3604 0
      vertex -2.3945 18.3526 0
    endloop
  endfacet
  facet normal 0.975721 -0.219016 0
    outer loop
      vertex -4.60869 20.9194 3.2
      vertex -4.58557 21.0224 0
      vertex -4.58557 21.0224 3.2
    endloop
  endfacet
  facet normal 0.975721 -0.219016 0
    outer loop
      vertex -4.58557 21.0224 0
      vertex -4.60869 20.9194 3.2
      vertex -4.60869 20.9194 0
    endloop
  endfacet
  facet normal -0.914098 -0.405493 0
    outer loop
      vertex -0.513659 21.3228 0
      vertex -0.556422 21.4192 3.2
      vertex -0.556422 21.4192 0
    endloop
  endfacet
  facet normal -0.914098 -0.405493 0
    outer loop
      vertex -0.556422 21.4192 3.2
      vertex -0.513659 21.3228 0
      vertex -0.513659 21.3228 3.2
    endloop
  endfacet
  facet normal -0.99249 0.122328 0
    outer loop
      vertex -0.37327 20.1845 0
      vertex -0.360353 20.2893 3.2
      vertex -0.360353 20.2893 0
    endloop
  endfacet
  facet normal -0.99249 0.122328 0
    outer loop
      vertex -0.360353 20.2893 3.2
      vertex -0.37327 20.1845 0
      vertex -0.37327 20.1845 3.2
    endloop
  endfacet
  facet normal 0.218897 -0.975748 0
    outer loop
      vertex -3.02241 22.5856 0
      vertex -2.91944 22.6087 3.2
      vertex -3.02241 22.5856 3.2
    endloop
  endfacet
  facet normal 0.218897 -0.975748 0
    outer loop
      vertex -2.91944 22.6087 3.2
      vertex -3.02241 22.5856 0
      vertex -2.91944 22.6087 0
    endloop
  endfacet
  facet normal -0.975719 -0.219025 0
    outer loop
      vertex -0.391312 20.9194 0
      vertex -0.414433 21.0224 3.2
      vertex -0.414433 21.0224 0
    endloop
  endfacet
  facet normal -0.975719 -0.219025 0
    outer loop
      vertex -0.414433 21.0224 3.2
      vertex -0.391312 20.9194 0
      vertex -0.391312 20.9194 3.2
    endloop
  endfacet
  facet normal -0.870043 -0.492977 0
    outer loop
      vertex -0.603868 21.5135 0
      vertex -0.655883 21.6053 3.2
      vertex -0.655883 21.6053 0
    endloop
  endfacet
  facet normal -0.870043 -0.492977 0
    outer loop
      vertex -0.655883 21.6053 3.2
      vertex -0.603868 21.5135 0
      vertex -0.603868 21.5135 3.2
    endloop
  endfacet
  facet normal 0.757576 0.652747 0
    outer loop
      vertex -4.09304 19.0561 3.2
      vertex -4.16197 19.1361 0
      vertex -4.16197 19.1361 3.2
    endloop
  endfacet
  facet normal 0.757576 0.652747 0
    outer loop
      vertex -4.16197 19.1361 0
      vertex -4.09304 19.0561 3.2
      vertex -4.09304 19.0561 0
    endloop
  endfacet
  facet normal -0.313668 -0.949533 0
    outer loop
      vertex -1.87589 22.5574 0
      vertex -1.77569 22.5243 3.2
      vertex -1.87589 22.5574 3.2
    endloop
  endfacet
  facet normal -0.313668 -0.949533 -0
    outer loop
      vertex -1.77569 22.5243 3.2
      vertex -1.87589 22.5574 0
      vertex -1.77569 22.5243 0
    endloop
  endfacet
  facet normal 0.0739136 0.997265 -0
    outer loop
      vertex -2.6055 18.3526 0
      vertex -2.71074 18.3604 3.2
      vertex -2.6055 18.3526 3.2
    endloop
  endfacet
  facet normal 0.0739136 0.997265 0
    outer loop
      vertex -2.71074 18.3604 3.2
      vertex -2.6055 18.3526 0
      vertex -2.71074 18.3604 0
    endloop
  endfacet
  facet normal 0.914108 0.40547 0
    outer loop
      vertex -4.44358 19.5808 3.2
      vertex -4.48634 19.6772 0
      vertex -4.48634 19.6772 3.2
    endloop
  endfacet
  facet normal 0.914108 0.40547 0
    outer loop
      vertex -4.48634 19.6772 0
      vertex -4.44358 19.5808 3.2
      vertex -4.44358 19.5808 0
    endloop
  endfacet
  facet normal -0.360058 -0.93293 0
    outer loop
      vertex -1.77569 22.5243 0
      vertex -1.67723 22.4863 3.2
      vertex -1.77569 22.5243 3.2
    endloop
  endfacet
  facet normal -0.360058 -0.93293 -0
    outer loop
      vertex -1.67723 22.4863 3.2
      vertex -1.77569 22.5243 0
      vertex -1.67723 22.4863 0
    endloop
  endfacet
  facet normal -0.267204 -0.96364 0
    outer loop
      vertex -1.97759 22.5856 0
      vertex -1.87589 22.5574 3.2
      vertex -1.97759 22.5856 3.2
    endloop
  endfacet
  facet normal -0.267204 -0.96364 -0
    outer loop
      vertex -1.87589 22.5574 3.2
      vertex -1.97759 22.5856 0
      vertex -1.87589 22.5574 0
    endloop
  endfacet
  facet normal -0.724123 -0.689671 0
    outer loop
      vertex -0.906955 21.9439 0
      vertex -0.97972 22.0203 3.2
      vertex -0.97972 22.0203 0
    endloop
  endfacet
  facet normal -0.724123 -0.689671 0
    outer loop
      vertex -0.97972 22.0203 3.2
      vertex -0.906955 21.9439 0
      vertex -0.906955 21.9439 3.2
    endloop
  endfacet
  facet normal 0.576073 0.817398 -0
    outer loop
      vertex -3.69448 18.7123 0
      vertex -3.78075 18.7731 3.2
      vertex -3.69448 18.7123 3.2
    endloop
  endfacet
  facet normal 0.576073 0.817398 0
    outer loop
      vertex -3.78075 18.7731 3.2
      vertex -3.69448 18.7123 0
      vertex -3.78075 18.7731 0
    endloop
  endfacet
  facet normal -0.653595 -0.756844 0
    outer loop
      vertex -1.13605 22.162 0
      vertex -1.05615 22.093 3.2
      vertex -1.13605 22.162 3.2
    endloop
  endfacet
  facet normal -0.653595 -0.756844 -0
    outer loop
      vertex -1.05615 22.093 3.2
      vertex -1.13605 22.162 0
      vertex -1.05615 22.093 0
    endloop
  endfacet
  facet normal -0.653595 0.756844 0
    outer loop
      vertex -1.05615 18.907 0
      vertex -1.13605 18.838 3.2
      vertex -1.05615 18.907 3.2
    endloop
  endfacet
  facet normal -0.653595 0.756844 0
    outer loop
      vertex -1.13605 18.838 3.2
      vertex -1.05615 18.907 0
      vertex -1.13605 18.838 0
    endloop
  endfacet
  facet normal 0.218897 0.975748 -0
    outer loop
      vertex -2.91944 18.3913 0
      vertex -3.02241 18.4144 3.2
      vertex -2.91944 18.3913 3.2
    endloop
  endfacet
  facet normal 0.218897 0.975748 0
    outer loop
      vertex -3.02241 18.4144 3.2
      vertex -2.91944 18.3913 0
      vertex -3.02241 18.4144 0
    endloop
  endfacet
  facet normal -0.170573 0.985345 0
    outer loop
      vertex -2.08055 18.3913 0
      vertex -2.18453 18.3733 3.2
      vertex -2.08055 18.3913 3.2
    endloop
  endfacet
  facet normal -0.170573 0.985345 0
    outer loop
      vertex -2.18453 18.3733 3.2
      vertex -2.08055 18.3913 0
      vertex -2.18453 18.3733 0
    endloop
  endfacet
  facet normal 0.992486 -0.122356 0
    outer loop
      vertex -4.63965 20.7107 3.2
      vertex -4.62673 20.8155 0
      vertex -4.62673 20.8155 3.2
    endloop
  endfacet
  facet normal 0.992486 -0.122356 0
    outer loop
      vertex -4.62673 20.8155 0
      vertex -4.63965 20.7107 3.2
      vertex -4.63965 20.7107 0
    endloop
  endfacet
  facet normal 0.360058 -0.93293 0
    outer loop
      vertex -3.32277 22.4863 0
      vertex -3.22431 22.5243 3.2
      vertex -3.32277 22.4863 3.2
    endloop
  endfacet
  facet normal 0.360058 -0.93293 0
    outer loop
      vertex -3.22431 22.5243 3.2
      vertex -3.32277 22.4863 0
      vertex -3.22431 22.5243 0
    endloop
  endfacet
  facet normal -0.0246371 0.999696 0
    outer loop
      vertex -2.3945 18.3526 0
      vertex -2.5 18.35 3.2
      vertex -2.3945 18.3526 3.2
    endloop
  endfacet
  facet normal -0.0246371 0.999696 0
    outer loop
      vertex -2.5 18.35 3.2
      vertex -2.3945 18.3526 0
      vertex -2.5 18.35 0
    endloop
  endfacet
  facet normal 0.689205 0.724566 -0
    outer loop
      vertex -3.94385 18.907 0
      vertex -4.02028 18.9797 3.2
      vertex -3.94385 18.907 3.2
    endloop
  endfacet
  facet normal 0.689205 0.724566 0
    outer loop
      vertex -4.02028 18.9797 3.2
      vertex -3.94385 18.907 0
      vertex -4.02028 18.9797 0
    endloop
  endfacet
  facet normal 0.99729 0.0735644 0
    outer loop
      vertex -4.63965 20.2893 3.2
      vertex -4.64741 20.3945 0
      vertex -4.64741 20.3945 3.2
    endloop
  endfacet
  facet normal 0.99729 0.0735644 0
    outer loop
      vertex -4.64741 20.3945 0
      vertex -4.63965 20.2893 3.2
      vertex -4.63965 20.2893 0
    endloop
  endfacet
  facet normal 0.0246371 -0.999696 0
    outer loop
      vertex -2.6055 22.6474 0
      vertex -2.5 22.65 3.2
      vertex -2.6055 22.6474 3.2
    endloop
  endfacet
  facet normal 0.0246371 -0.999696 0
    outer loop
      vertex -2.5 22.65 3.2
      vertex -2.6055 22.6474 0
      vertex -2.5 22.65 0
    endloop
  endfacet
  facet normal -0.914098 0.405493 0
    outer loop
      vertex -0.556422 19.5808 0
      vertex -0.513659 19.6772 3.2
      vertex -0.513659 19.6772 0
    endloop
  endfacet
  facet normal -0.914098 0.405493 0
    outer loop
      vertex -0.513659 19.6772 3.2
      vertex -0.556422 19.5808 0
      vertex -0.556422 19.5808 3.2
    endloop
  endfacet
  facet normal 0.844962 -0.534827 0
    outer loop
      vertex -4.34412 21.6053 3.2
      vertex -4.28766 21.6945 0
      vertex -4.28766 21.6945 3.2
    endloop
  endfacet
  facet normal 0.844962 -0.534827 0
    outer loop
      vertex -4.28766 21.6945 0
      vertex -4.34412 21.6053 3.2
      vertex -4.34412 21.6053 0
    endloop
  endfacet
  facet normal -0.12225 -0.992499 0
    outer loop
      vertex -2.28926 22.6396 0
      vertex -2.18453 22.6267 3.2
      vertex -2.28926 22.6396 3.2
    endloop
  endfacet
  facet normal -0.12225 -0.992499 -0
    outer loop
      vertex -2.18453 22.6267 3.2
      vertex -2.28926 22.6396 0
      vertex -2.18453 22.6267 0
    endloop
  endfacet
  facet normal 0.933043 -0.359766 0
    outer loop
      vertex -4.52432 21.2243 3.2
      vertex -4.48634 21.3228 0
      vertex -4.48634 21.3228 3.2
    endloop
  endfacet
  facet normal 0.933043 -0.359766 0
    outer loop
      vertex -4.48634 21.3228 0
      vertex -4.52432 21.2243 3.2
      vertex -4.52432 21.2243 0
    endloop
  endfacet
  facet normal 0.975721 0.219016 0
    outer loop
      vertex -4.58557 19.9776 3.2
      vertex -4.60869 20.0806 0
      vertex -4.60869 20.0806 3.2
    endloop
  endfacet
  facet normal 0.975721 0.219016 0
    outer loop
      vertex -4.60869 20.0806 0
      vertex -4.58557 19.9776 3.2
      vertex -4.58557 19.9776 0
    endloop
  endfacet
  facet normal -0.893303 0.449455 0
    outer loop
      vertex -0.603868 19.4865 0
      vertex -0.556422 19.5808 3.2
      vertex -0.556422 19.5808 0
    endloop
  endfacet
  facet normal -0.893303 0.449455 0
    outer loop
      vertex -0.556422 19.5808 3.2
      vertex -0.603868 19.4865 0
      vertex -0.603868 19.4865 3.2
    endloop
  endfacet
  facet normal -0.313668 0.949533 0
    outer loop
      vertex -1.77569 18.4757 0
      vertex -1.87589 18.4426 3.2
      vertex -1.77569 18.4757 3.2
    endloop
  endfacet
  facet normal -0.313668 0.949533 0
    outer loop
      vertex -1.87589 18.4426 3.2
      vertex -1.77569 18.4757 0
      vertex -1.87589 18.4426 0
    endloop
  endfacet
  facet normal -0.492788 0.87015 0
    outer loop
      vertex -1.39468 18.6559 0
      vertex -1.4865 18.6039 3.2
      vertex -1.39468 18.6559 3.2
    endloop
  endfacet
  facet normal -0.492788 0.87015 0
    outer loop
      vertex -1.4865 18.6039 3.2
      vertex -1.39468 18.6559 0
      vertex -1.4865 18.6039 0
    endloop
  endfacet
  facet normal -0.870043 0.492977 0
    outer loop
      vertex -0.655883 19.3947 0
      vertex -0.603868 19.4865 3.2
      vertex -0.603868 19.4865 0
    endloop
  endfacet
  facet normal -0.870043 0.492977 0
    outer loop
      vertex -0.603868 19.4865 3.2
      vertex -0.655883 19.3947 0
      vertex -0.655883 19.3947 3.2
    endloop
  endfacet
  facet normal 0.267204 0.96364 -0
    outer loop
      vertex -3.02241 18.4144 0
      vertex -3.12411 18.4426 3.2
      vertex -3.02241 18.4144 3.2
    endloop
  endfacet
  facet normal 0.267204 0.96364 0
    outer loop
      vertex -3.12411 18.4426 3.2
      vertex -3.02241 18.4144 0
      vertex -3.12411 18.4426 0
    endloop
  endfacet
  facet normal -0.170573 -0.985345 0
    outer loop
      vertex -2.18453 22.6267 0
      vertex -2.08055 22.6087 3.2
      vertex -2.18453 22.6267 3.2
    endloop
  endfacet
  facet normal -0.170573 -0.985345 -0
    outer loop
      vertex -2.08055 22.6087 3.2
      vertex -2.18453 22.6267 0
      vertex -2.08055 22.6087 0
    endloop
  endfacet
  facet normal 0.615055 0.788484 -0
    outer loop
      vertex -3.78075 18.7731 0
      vertex -3.86395 18.838 3.2
      vertex -3.78075 18.7731 3.2
    endloop
  endfacet
  facet normal 0.615055 0.788484 0
    outer loop
      vertex -3.86395 18.838 3.2
      vertex -3.78075 18.7731 0
      vertex -3.86395 18.838 0
    endloop
  endfacet
  facet normal 0.963762 -0.266764 0
    outer loop
      vertex -4.58557 21.0224 3.2
      vertex -4.55742 21.1241 0
      vertex -4.55742 21.1241 3.2
    endloop
  endfacet
  facet normal 0.963762 -0.266764 0
    outer loop
      vertex -4.55742 21.1241 0
      vertex -4.58557 21.0224 3.2
      vertex -4.58557 21.0224 0
    endloop
  endfacet
  facet normal 0.787987 0.615692 0
    outer loop
      vertex -4.16197 19.1361 3.2
      vertex -4.2269 19.2192 0
      vertex -4.2269 19.2192 3.2
    endloop
  endfacet
  facet normal 0.787987 0.615692 0
    outer loop
      vertex -4.2269 19.2192 0
      vertex -4.16197 19.1361 3.2
      vertex -4.16197 19.1361 0
    endloop
  endfacet
  facet normal 0.653595 -0.756844 0
    outer loop
      vertex -3.94385 22.093 0
      vertex -3.86395 22.162 3.2
      vertex -3.94385 22.093 3.2
    endloop
  endfacet
  facet normal 0.653595 -0.756844 0
    outer loop
      vertex -3.86395 22.162 3.2
      vertex -3.94385 22.093 0
      vertex -3.86395 22.162 0
    endloop
  endfacet
  facet normal 0.615055 -0.788484 0
    outer loop
      vertex -3.86395 22.162 0
      vertex -3.78075 22.2269 3.2
      vertex -3.86395 22.162 3.2
    endloop
  endfacet
  facet normal 0.615055 -0.788484 0
    outer loop
      vertex -3.78075 22.2269 3.2
      vertex -3.86395 22.162 0
      vertex -3.78075 22.2269 0
    endloop
  endfacet
  facet normal 0.653595 0.756844 -0
    outer loop
      vertex -3.86395 18.838 0
      vertex -3.94385 18.907 3.2
      vertex -3.86395 18.838 3.2
    endloop
  endfacet
  facet normal 0.653595 0.756844 0
    outer loop
      vertex -3.94385 18.907 3.2
      vertex -3.86395 18.838 0
      vertex -3.94385 18.907 0
    endloop
  endfacet
  facet normal 0.99729 -0.0735644 0
    outer loop
      vertex -4.64741 20.6055 3.2
      vertex -4.63965 20.7107 0
      vertex -4.63965 20.7107 3.2
    endloop
  endfacet
  facet normal 0.99729 -0.0735644 0
    outer loop
      vertex -4.63965 20.7107 0
      vertex -4.64741 20.6055 3.2
      vertex -4.64741 20.6055 0
    endloop
  endfacet
  facet normal 0.313668 -0.949533 0
    outer loop
      vertex -3.22431 22.5243 0
      vertex -3.12411 22.5574 3.2
      vertex -3.22431 22.5243 3.2
    endloop
  endfacet
  facet normal 0.313668 -0.949533 0
    outer loop
      vertex -3.12411 22.5574 3.2
      vertex -3.22431 22.5243 0
      vertex -3.12411 22.5574 0
    endloop
  endfacet
  facet normal 0.844962 0.534827 0
    outer loop
      vertex -4.28766 19.3055 3.2
      vertex -4.34412 19.3947 0
      vertex -4.34412 19.3947 3.2
    endloop
  endfacet
  facet normal 0.844962 0.534827 0
    outer loop
      vertex -4.34412 19.3947 0
      vertex -4.28766 19.3055 3.2
      vertex -4.28766 19.3055 0
    endloop
  endfacet
  facet normal 0.817671 -0.575686 0
    outer loop
      vertex -4.28766 21.6945 3.2
      vertex -4.2269 21.7808 0
      vertex -4.2269 21.7808 3.2
    endloop
  endfacet
  facet normal 0.817671 -0.575686 0
    outer loop
      vertex -4.2269 21.7808 0
      vertex -4.28766 21.6945 3.2
      vertex -4.28766 21.6945 0
    endloop
  endfacet
  facet normal -0.788019 0.615651 0
    outer loop
      vertex -0.838027 19.1361 0
      vertex -0.773104 19.2192 3.2
      vertex -0.773104 19.2192 0
    endloop
  endfacet
  facet normal -0.788019 0.615651 0
    outer loop
      vertex -0.773104 19.2192 3.2
      vertex -0.838027 19.1361 0
      vertex -0.838027 19.1361 3.2
    endloop
  endfacet
  facet normal 0.985259 -0.171069 0
    outer loop
      vertex -4.62673 20.8155 3.2
      vertex -4.60869 20.9194 0
      vertex -4.60869 20.9194 3.2
    endloop
  endfacet
  facet normal 0.985259 -0.171069 0
    outer loop
      vertex -4.60869 20.9194 0
      vertex -4.62673 20.8155 3.2
      vertex -4.62673 20.8155 0
    endloop
  endfacet
  facet normal 0.817671 0.575686 0
    outer loop
      vertex -4.2269 19.2192 3.2
      vertex -4.28766 19.3055 0
      vertex -4.28766 19.3055 3.2
    endloop
  endfacet
  facet normal 0.817671 0.575686 0
    outer loop
      vertex -4.28766 19.3055 0
      vertex -4.2269 19.2192 3.2
      vertex -4.2269 19.2192 0
    endloop
  endfacet
  facet normal -0.844979 0.5348 0
    outer loop
      vertex -0.712339 19.3055 0
      vertex -0.655883 19.3947 3.2
      vertex -0.655883 19.3947 0
    endloop
  endfacet
  facet normal -0.844979 0.5348 0
    outer loop
      vertex -0.655883 19.3947 3.2
      vertex -0.712339 19.3055 0
      vertex -0.712339 19.3055 3.2
    endloop
  endfacet
  facet normal -0.689205 0.724566 0
    outer loop
      vertex -0.97972 18.9797 0
      vertex -1.05615 18.907 3.2
      vertex -0.97972 18.9797 3.2
    endloop
  endfacet
  facet normal -0.689205 0.724566 0
    outer loop
      vertex -1.05615 18.907 3.2
      vertex -0.97972 18.9797 0
      vertex -1.05615 18.907 0
    endloop
  endfacet
  facet normal 0.963762 0.266764 0
    outer loop
      vertex -4.55742 19.8759 3.2
      vertex -4.58557 19.9776 0
      vertex -4.58557 19.9776 3.2
    endloop
  endfacet
  facet normal 0.963762 0.266764 0
    outer loop
      vertex -4.58557 19.9776 0
      vertex -4.55742 19.8759 3.2
      vertex -4.55742 19.8759 0
    endloop
  endfacet
  facet normal 0.404748 0.914428 -0
    outer loop
      vertex -3.32277 18.5137 0
      vertex -3.41924 18.5564 3.2
      vertex -3.32277 18.5137 3.2
    endloop
  endfacet
  facet normal 0.404748 0.914428 0
    outer loop
      vertex -3.41924 18.5564 3.2
      vertex -3.32277 18.5137 0
      vertex -3.41924 18.5564 0
    endloop
  endfacet
  facet normal 0.170589 0.985342 -0
    outer loop
      vertex -2.81547 18.3733 0
      vertex -2.91944 18.3913 3.2
      vertex -2.81547 18.3733 3.2
    endloop
  endfacet
  facet normal 0.170589 0.985342 0
    outer loop
      vertex -2.91944 18.3913 3.2
      vertex -2.81547 18.3733 0
      vertex -2.91944 18.3913 0
    endloop
  endfacet
  facet normal -0.218917 -0.975744 0
    outer loop
      vertex -2.08055 22.6087 0
      vertex -1.97759 22.5856 3.2
      vertex -2.08055 22.6087 3.2
    endloop
  endfacet
  facet normal -0.218917 -0.975744 -0
    outer loop
      vertex -1.97759 22.5856 3.2
      vertex -2.08055 22.6087 0
      vertex -1.97759 22.5856 0
    endloop
  endfacet
  facet normal 0.893288 0.449486 0
    outer loop
      vertex -4.39613 19.4865 3.2
      vertex -4.44358 19.5808 0
      vertex -4.44358 19.5808 3.2
    endloop
  endfacet
  facet normal 0.893288 0.449486 0
    outer loop
      vertex -4.44358 19.5808 0
      vertex -4.39613 19.4865 3.2
      vertex -4.39613 19.4865 0
    endloop
  endfacet
  facet normal 0.360058 0.93293 -0
    outer loop
      vertex -3.22431 18.4757 0
      vertex -3.32277 18.5137 3.2
      vertex -3.22431 18.4757 3.2
    endloop
  endfacet
  facet normal 0.360058 0.93293 0
    outer loop
      vertex -3.32277 18.5137 3.2
      vertex -3.22431 18.4757 0
      vertex -3.32277 18.5137 0
    endloop
  endfacet
  facet normal -0.997263 0.0739415 0
    outer loop
      vertex 27.6396 -20.7107 0
      vertex 27.6474 -20.6055 3.2
      vertex 27.6474 -20.6055 0
    endloop
  endfacet
  facet normal -0.997263 0.0739415 0
    outer loop
      vertex 27.6474 -20.6055 3.2
      vertex 27.6396 -20.7107 0
      vertex 27.6396 -20.7107 3.2
    endloop
  endfacet
  facet normal 0.788125 -0.615515 0
    outer loop
      vertex 23.7731 -19.2192 3.2
      vertex 23.838 -19.1361 0
      vertex 23.838 -19.1361 3.2
    endloop
  endfacet
  facet normal 0.788125 -0.615515 0
    outer loop
      vertex 23.838 -19.1361 0
      vertex 23.7731 -19.2192 3.2
      vertex 23.7731 -19.2192 0
    endloop
  endfacet
  facet normal -0.0246371 -0.999696 0
    outer loop
      vertex 25.5 -18.35 0
      vertex 25.6055 -18.3526 3.2
      vertex 25.5 -18.35 3.2
    endloop
  endfacet
  facet normal -0.0246371 -0.999696 -0
    outer loop
      vertex 25.6055 -18.3526 3.2
      vertex 25.5 -18.35 0
      vertex 25.6055 -18.3526 0
    endloop
  endfacet
  facet normal -0.997263 -0.0739415 0
    outer loop
      vertex 27.6474 -20.3945 0
      vertex 27.6396 -20.2893 3.2
      vertex 27.6396 -20.2893 0
    endloop
  endfacet
  facet normal -0.997263 -0.0739415 0
    outer loop
      vertex 27.6396 -20.2893 3.2
      vertex 27.6474 -20.3945 0
      vertex 27.6474 -20.3945 3.2
    endloop
  endfacet
  facet normal -0.975762 -0.218836 0
    outer loop
      vertex 27.6087 -20.0806 0
      vertex 27.5856 -19.9776 3.2
      vertex 27.5856 -19.9776 0
    endloop
  endfacet
  facet normal -0.975762 -0.218836 0
    outer loop
      vertex 27.5856 -19.9776 3.2
      vertex 27.6087 -20.0806 0
      vertex 27.6087 -20.0806 3.2
    endloop
  endfacet
  facet normal -0.817493 -0.575939 0
    outer loop
      vertex 27.2877 -19.3055 0
      vertex 27.2269 -19.2192 3.2
      vertex 27.2269 -19.2192 0
    endloop
  endfacet
  facet normal -0.817493 -0.575939 0
    outer loop
      vertex 27.2269 -19.2192 3.2
      vertex 27.2877 -19.3055 0
      vertex 27.2877 -19.3055 3.2
    endloop
  endfacet
  facet normal -0.999696 0.0246371 0
    outer loop
      vertex 27.6474 -20.6055 0
      vertex 27.65 -20.5 3.2
      vertex 27.65 -20.5 0
    endloop
  endfacet
  facet normal -0.999696 0.0246371 0
    outer loop
      vertex 27.65 -20.5 3.2
      vertex 27.6474 -20.6055 0
      vertex 27.6474 -20.6055 3.2
    endloop
  endfacet
  facet normal -0.893097 -0.449863 0
    outer loop
      vertex 27.4436 -19.5808 0
      vertex 27.3961 -19.4865 3.2
      vertex 27.3961 -19.4865 0
    endloop
  endfacet
  facet normal -0.893097 -0.449863 0
    outer loop
      vertex 27.3961 -19.4865 3.2
      vertex 27.4436 -19.5808 0
      vertex 27.4436 -19.5808 3.2
    endloop
  endfacet
  facet normal 0.992509 0.12217 0
    outer loop
      vertex 23.3733 -20.8155 3.2
      vertex 23.3604 -20.7107 0
      vertex 23.3604 -20.7107 3.2
    endloop
  endfacet
  facet normal 0.992509 0.12217 0
    outer loop
      vertex 23.3604 -20.7107 0
      vertex 23.3733 -20.8155 3.2
      vertex 23.3733 -20.8155 0
    endloop
  endfacet
  facet normal 0.788125 0.615515 0
    outer loop
      vertex 23.838 -21.8639 3.2
      vertex 23.7731 -21.7808 0
      vertex 23.7731 -21.7808 3.2
    endloop
  endfacet
  facet normal 0.788125 0.615515 0
    outer loop
      vertex 23.7731 -21.7808 0
      vertex 23.838 -21.8639 3.2
      vertex 23.838 -21.8639 0
    endloop
  endfacet
  facet normal -0.0739415 0.997263 0
    outer loop
      vertex 25.7107 -22.6396 0
      vertex 25.6055 -22.6474 3.2
      vertex 25.7107 -22.6396 3.2
    endloop
  endfacet
  facet normal -0.0739415 0.997263 0
    outer loop
      vertex 25.6055 -22.6474 3.2
      vertex 25.7107 -22.6396 0
      vertex 25.6055 -22.6474 0
    endloop
  endfacet
  facet normal -0.985323 0.170701 0
    outer loop
      vertex 27.6087 -20.9194 0
      vertex 27.6267 -20.8155 3.2
      vertex 27.6267 -20.8155 0
    endloop
  endfacet
  facet normal -0.985323 0.170701 0
    outer loop
      vertex 27.6267 -20.8155 3.2
      vertex 27.6087 -20.9194 0
      vertex 27.6087 -20.9194 3.2
    endloop
  endfacet
  facet normal -0.12217 -0.992509 0
    outer loop
      vertex 25.7107 -18.3604 0
      vertex 25.8155 -18.3733 3.2
      vertex 25.7107 -18.3604 3.2
    endloop
  endfacet
  facet normal -0.12217 -0.992509 -0
    outer loop
      vertex 25.8155 -18.3733 3.2
      vertex 25.7107 -18.3604 0
      vertex 25.8155 -18.3733 0
    endloop
  endfacet
  facet normal -0.575939 -0.817493 0
    outer loop
      vertex 26.6945 -18.7123 0
      vertex 26.7808 -18.7731 3.2
      vertex 26.6945 -18.7123 3.2
    endloop
  endfacet
  facet normal -0.575939 -0.817493 -0
    outer loop
      vertex 26.7808 -18.7731 3.2
      vertex 26.6945 -18.7123 0
      vertex 26.7808 -18.7731 0
    endloop
  endfacet
  facet normal -0.534421 0.845219 0
    outer loop
      vertex 26.6945 -22.2877 0
      vertex 26.6053 -22.3441 3.2
      vertex 26.6945 -22.2877 3.2
    endloop
  endfacet
  facet normal -0.534421 0.845219 0
    outer loop
      vertex 26.6053 -22.3441 3.2
      vertex 26.6945 -22.2877 0
      vertex 26.6053 -22.3441 0
    endloop
  endfacet
  facet normal -0.313668 0.949533 0
    outer loop
      vertex 26.2243 -22.5243 0
      vertex 26.1241 -22.5574 3.2
      vertex 26.2243 -22.5243 3.2
    endloop
  endfacet
  facet normal -0.313668 0.949533 0
    outer loop
      vertex 26.1241 -22.5574 3.2
      vertex 26.2243 -22.5243 0
      vertex 26.1241 -22.5574 0
    endloop
  endfacet
  facet normal 0.575939 0.817493 -0
    outer loop
      vertex 24.3055 -22.2877 0
      vertex 24.2192 -22.2269 3.2
      vertex 24.3055 -22.2877 3.2
    endloop
  endfacet
  facet normal 0.575939 0.817493 0
    outer loop
      vertex 24.2192 -22.2269 3.2
      vertex 24.3055 -22.2877 0
      vertex 24.2192 -22.2269 0
    endloop
  endfacet
  facet normal 0.12217 -0.992509 0
    outer loop
      vertex 25.1845 -18.3733 0
      vertex 25.2893 -18.3604 3.2
      vertex 25.1845 -18.3733 3.2
    endloop
  endfacet
  facet normal 0.12217 -0.992509 0
    outer loop
      vertex 25.2893 -18.3604 3.2
      vertex 25.1845 -18.3733 0
      vertex 25.2893 -18.3604 0
    endloop
  endfacet
  facet normal -0.992509 -0.12217 0
    outer loop
      vertex 27.6396 -20.2893 0
      vertex 27.6267 -20.1845 3.2
      vertex 27.6267 -20.1845 0
    endloop
  endfacet
  facet normal -0.992509 -0.12217 0
    outer loop
      vertex 27.6267 -20.1845 3.2
      vertex 27.6396 -20.2893 0
      vertex 27.6396 -20.2893 3.2
    endloop
  endfacet
  facet normal -0.359931 -0.932979 0
    outer loop
      vertex 26.2243 -18.4757 0
      vertex 26.3228 -18.5137 3.2
      vertex 26.2243 -18.4757 3.2
    endloop
  endfacet
  facet normal -0.359931 -0.932979 -0
    outer loop
      vertex 26.3228 -18.5137 3.2
      vertex 26.2243 -18.4757 0
      vertex 26.3228 -18.5137 0
    endloop
  endfacet
  facet normal -0.96364 -0.267204 0
    outer loop
      vertex 27.5856 -19.9776 0
      vertex 27.5574 -19.8759 3.2
      vertex 27.5574 -19.8759 0
    endloop
  endfacet
  facet normal -0.96364 -0.267204 0
    outer loop
      vertex 27.5574 -19.8759 3.2
      vertex 27.5856 -19.9776 0
      vertex 27.5856 -19.9776 3.2
    endloop
  endfacet
  facet normal 0.615515 0.788125 -0
    outer loop
      vertex 24.2192 -22.2269 0
      vertex 24.1361 -22.162 3.2
      vertex 24.2192 -22.2269 3.2
    endloop
  endfacet
  facet normal 0.615515 0.788125 0
    outer loop
      vertex 24.1361 -22.162 3.2
      vertex 24.2192 -22.2269 0
      vertex 24.1361 -22.162 0
    endloop
  endfacet
  facet normal 0.449863 0.893097 -0
    outer loop
      vertex 24.5808 -22.4436 0
      vertex 24.4865 -22.3961 3.2
      vertex 24.5808 -22.4436 3.2
    endloop
  endfacet
  facet normal 0.449863 0.893097 0
    outer loop
      vertex 24.4865 -22.3961 3.2
      vertex 24.5808 -22.4436 0
      vertex 24.4865 -22.3961 0
    endloop
  endfacet
  facet normal -0.949533 0.313668 0
    outer loop
      vertex 27.5243 -21.2243 0
      vertex 27.5574 -21.1241 3.2
      vertex 27.5574 -21.1241 0
    endloop
  endfacet
  facet normal -0.949533 0.313668 0
    outer loop
      vertex 27.5574 -21.1241 3.2
      vertex 27.5243 -21.2243 0
      vertex 27.5243 -21.2243 3.2
    endloop
  endfacet
  facet normal 0.534421 0.845219 -0
    outer loop
      vertex 24.3947 -22.3441 0
      vertex 24.3055 -22.2877 3.2
      vertex 24.3947 -22.3441 3.2
    endloop
  endfacet
  facet normal 0.534421 0.845219 0
    outer loop
      vertex 24.3055 -22.2877 3.2
      vertex 24.3947 -22.3441 0
      vertex 24.3055 -22.2877 0
    endloop
  endfacet
  facet normal -0.653127 -0.757249 0
    outer loop
      vertex 26.8639 -18.838 0
      vertex 26.9439 -18.907 3.2
      vertex 26.8639 -18.838 3.2
    endloop
  endfacet
  facet normal -0.653127 -0.757249 -0
    outer loop
      vertex 26.9439 -18.907 3.2
      vertex 26.8639 -18.838 0
      vertex 26.9439 -18.907 0
    endloop
  endfacet
  facet normal -0.449863 0.893097 0
    outer loop
      vertex 26.5135 -22.3961 0
      vertex 26.4192 -22.4436 3.2
      vertex 26.5135 -22.3961 3.2
    endloop
  endfacet
  facet normal -0.449863 0.893097 0
    outer loop
      vertex 26.4192 -22.4436 3.2
      vertex 26.5135 -22.3961 0
      vertex 26.4192 -22.4436 0
    endloop
  endfacet
  facet normal -0.615515 -0.788125 0
    outer loop
      vertex 26.7808 -18.7731 0
      vertex 26.8639 -18.838 3.2
      vertex 26.7808 -18.7731 3.2
    endloop
  endfacet
  facet normal -0.615515 -0.788125 -0
    outer loop
      vertex 26.8639 -18.838 3.2
      vertex 26.7808 -18.7731 0
      vertex 26.8639 -18.838 0
    endloop
  endfacet
  facet normal 0.0739415 -0.997263 0
    outer loop
      vertex 25.2893 -18.3604 0
      vertex 25.3945 -18.3526 3.2
      vertex 25.2893 -18.3604 3.2
    endloop
  endfacet
  facet normal 0.0739415 -0.997263 0
    outer loop
      vertex 25.3945 -18.3526 3.2
      vertex 25.2893 -18.3604 0
      vertex 25.3945 -18.3526 0
    endloop
  endfacet
  facet normal 0.218836 0.975762 -0
    outer loop
      vertex 25.0806 -22.6087 0
      vertex 24.9776 -22.5856 3.2
      vertex 25.0806 -22.6087 3.2
    endloop
  endfacet
  facet normal 0.218836 0.975762 0
    outer loop
      vertex 24.9776 -22.5856 3.2
      vertex 25.0806 -22.6087 0
      vertex 24.9776 -22.5856 0
    endloop
  endfacet
  facet normal -0.999696 -0.0246371 0
    outer loop
      vertex 27.65 -20.5 0
      vertex 27.6474 -20.3945 3.2
      vertex 27.6474 -20.3945 0
    endloop
  endfacet
  facet normal -0.999696 -0.0246371 0
    outer loop
      vertex 27.6474 -20.3945 3.2
      vertex 27.65 -20.5 0
      vertex 27.65 -20.5 3.2
    endloop
  endfacet
  facet normal -0.96364 0.267204 0
    outer loop
      vertex 27.5574 -21.1241 0
      vertex 27.5856 -21.0224 3.2
      vertex 27.5856 -21.0224 0
    endloop
  endfacet
  facet normal -0.96364 0.267204 0
    outer loop
      vertex 27.5856 -21.0224 3.2
      vertex 27.5574 -21.1241 0
      vertex 27.5574 -21.1241 3.2
    endloop
  endfacet
  facet normal 0.914319 0.404994 0
    outer loop
      vertex 23.5564 -21.4192 3.2
      vertex 23.5137 -21.3228 0
      vertex 23.5137 -21.3228 3.2
    endloop
  endfacet
  facet normal 0.914319 0.404994 0
    outer loop
      vertex 23.5137 -21.3228 0
      vertex 23.5564 -21.4192 3.2
      vertex 23.5564 -21.4192 0
    endloop
  endfacet
  facet normal -0.575939 0.817493 0
    outer loop
      vertex 26.7808 -22.2269 0
      vertex 26.6945 -22.2877 3.2
      vertex 26.7808 -22.2269 3.2
    endloop
  endfacet
  facet normal -0.575939 0.817493 0
    outer loop
      vertex 26.6945 -22.2877 3.2
      vertex 26.7808 -22.2269 0
      vertex 26.6945 -22.2877 0
    endloop
  endfacet
  facet normal 0.845219 -0.534421 0
    outer loop
      vertex 23.6559 -19.3947 3.2
      vertex 23.7123 -19.3055 0
      vertex 23.7123 -19.3055 3.2
    endloop
  endfacet
  facet normal 0.845219 -0.534421 0
    outer loop
      vertex 23.7123 -19.3055 0
      vertex 23.6559 -19.3947 3.2
      vertex 23.6559 -19.3947 0
    endloop
  endfacet
  facet normal 0.170701 -0.985323 0
    outer loop
      vertex 25.0806 -18.3913 0
      vertex 25.1845 -18.3733 3.2
      vertex 25.0806 -18.3913 3.2
    endloop
  endfacet
  facet normal 0.170701 -0.985323 0
    outer loop
      vertex 25.1845 -18.3733 3.2
      vertex 25.0806 -18.3913 0
      vertex 25.1845 -18.3733 0
    endloop
  endfacet
  facet normal -0.914319 -0.404994 0
    outer loop
      vertex 27.4863 -19.6772 0
      vertex 27.4436 -19.5808 3.2
      vertex 27.4436 -19.5808 0
    endloop
  endfacet
  facet normal -0.914319 -0.404994 0
    outer loop
      vertex 27.4436 -19.5808 3.2
      vertex 27.4863 -19.6772 0
      vertex 27.4863 -19.6772 3.2
    endloop
  endfacet
  facet normal -0.170701 -0.985323 0
    outer loop
      vertex 25.8155 -18.3733 0
      vertex 25.9194 -18.3913 3.2
      vertex 25.8155 -18.3733 3.2
    endloop
  endfacet
  facet normal -0.170701 -0.985323 -0
    outer loop
      vertex 25.9194 -18.3913 3.2
      vertex 25.8155 -18.3733 0
      vertex 25.9194 -18.3913 0
    endloop
  endfacet
  facet normal 0.689347 -0.724431 0
    outer loop
      vertex 23.9797 -18.9797 0
      vertex 24.0561 -18.907 3.2
      vertex 23.9797 -18.9797 3.2
    endloop
  endfacet
  facet normal 0.689347 -0.724431 0
    outer loop
      vertex 24.0561 -18.907 3.2
      vertex 23.9797 -18.9797 0
      vertex 24.0561 -18.907 0
    endloop
  endfacet
  facet normal -0.932979 -0.359931 0
    outer loop
      vertex 27.5243 -19.7757 0
      vertex 27.4863 -19.6772 3.2
      vertex 27.4863 -19.6772 0
    endloop
  endfacet
  facet normal -0.932979 -0.359931 0
    outer loop
      vertex 27.4863 -19.6772 3.2
      vertex 27.5243 -19.7757 0
      vertex 27.5243 -19.7757 3.2
    endloop
  endfacet
  facet normal -0.949533 -0.313668 0
    outer loop
      vertex 27.5574 -19.8759 0
      vertex 27.5243 -19.7757 3.2
      vertex 27.5243 -19.7757 0
    endloop
  endfacet
  facet normal -0.949533 -0.313668 0
    outer loop
      vertex 27.5243 -19.7757 3.2
      vertex 27.5574 -19.8759 0
      vertex 27.5574 -19.8759 3.2
    endloop
  endfacet
  facet normal 0.313668 0.949533 -0
    outer loop
      vertex 24.8759 -22.5574 0
      vertex 24.7757 -22.5243 3.2
      vertex 24.8759 -22.5574 3.2
    endloop
  endfacet
  facet normal 0.313668 0.949533 0
    outer loop
      vertex 24.7757 -22.5243 3.2
      vertex 24.8759 -22.5574 0
      vertex 24.7757 -22.5243 0
    endloop
  endfacet
  facet normal 0.817493 -0.575939 0
    outer loop
      vertex 23.7123 -19.3055 3.2
      vertex 23.7731 -19.2192 0
      vertex 23.7731 -19.2192 3.2
    endloop
  endfacet
  facet normal 0.817493 -0.575939 0
    outer loop
      vertex 23.7731 -19.2192 0
      vertex 23.7123 -19.3055 3.2
      vertex 23.7123 -19.3055 0
    endloop
  endfacet
  facet normal -0.757249 0.653127 0
    outer loop
      vertex 27.093 -21.9439 0
      vertex 27.162 -21.8639 3.2
      vertex 27.162 -21.8639 0
    endloop
  endfacet
  facet normal -0.757249 0.653127 0
    outer loop
      vertex 27.162 -21.8639 3.2
      vertex 27.093 -21.9439 0
      vertex 27.093 -21.9439 3.2
    endloop
  endfacet
  facet normal 0.932979 0.359931 0
    outer loop
      vertex 23.5137 -21.3228 3.2
      vertex 23.4757 -21.2243 0
      vertex 23.4757 -21.2243 3.2
    endloop
  endfacet
  facet normal 0.932979 0.359931 0
    outer loop
      vertex 23.4757 -21.2243 0
      vertex 23.5137 -21.3228 3.2
      vertex 23.5137 -21.3228 0
    endloop
  endfacet
  facet normal 0.724431 0.689347 0
    outer loop
      vertex 23.9797 -22.0203 3.2
      vertex 23.907 -21.9439 0
      vertex 23.907 -21.9439 3.2
    endloop
  endfacet
  facet normal 0.724431 0.689347 0
    outer loop
      vertex 23.907 -21.9439 0
      vertex 23.9797 -22.0203 3.2
      vertex 23.9797 -22.0203 0
    endloop
  endfacet
  facet normal 0.218836 -0.975762 0
    outer loop
      vertex 24.9776 -18.4144 0
      vertex 25.0806 -18.3913 3.2
      vertex 24.9776 -18.4144 3.2
    endloop
  endfacet
  facet normal 0.218836 -0.975762 0
    outer loop
      vertex 25.0806 -18.3913 3.2
      vertex 24.9776 -18.4144 0
      vertex 25.0806 -18.3913 0
    endloop
  endfacet
  facet normal -0.12217 0.992509 0
    outer loop
      vertex 25.8155 -22.6267 0
      vertex 25.7107 -22.6396 3.2
      vertex 25.8155 -22.6267 3.2
    endloop
  endfacet
  facet normal -0.12217 0.992509 0
    outer loop
      vertex 25.7107 -22.6396 3.2
      vertex 25.8155 -22.6267 0
      vertex 25.7107 -22.6396 0
    endloop
  endfacet
  facet normal 0.949533 0.313668 0
    outer loop
      vertex 23.4757 -21.2243 3.2
      vertex 23.4426 -21.1241 0
      vertex 23.4426 -21.1241 3.2
    endloop
  endfacet
  facet normal 0.949533 0.313668 0
    outer loop
      vertex 23.4426 -21.1241 0
      vertex 23.4757 -21.2243 3.2
      vertex 23.4757 -21.2243 0
    endloop
  endfacet
  facet normal 0.359931 -0.932979 0
    outer loop
      vertex 24.6772 -18.5137 0
      vertex 24.7757 -18.4757 3.2
      vertex 24.6772 -18.5137 3.2
    endloop
  endfacet
  facet normal 0.359931 -0.932979 0
    outer loop
      vertex 24.7757 -18.4757 3.2
      vertex 24.6772 -18.5137 0
      vertex 24.7757 -18.4757 0
    endloop
  endfacet
  facet normal 0.932979 -0.359931 0
    outer loop
      vertex 23.4757 -19.7757 3.2
      vertex 23.5137 -19.6772 0
      vertex 23.5137 -19.6772 3.2
    endloop
  endfacet
  facet normal 0.932979 -0.359931 0
    outer loop
      vertex 23.5137 -19.6772 0
      vertex 23.4757 -19.7757 3.2
      vertex 23.4757 -19.7757 0
    endloop
  endfacet
  facet normal -0.170701 0.985323 0
    outer loop
      vertex 25.9194 -22.6087 0
      vertex 25.8155 -22.6267 3.2
      vertex 25.9194 -22.6087 3.2
    endloop
  endfacet
  facet normal -0.170701 0.985323 0
    outer loop
      vertex 25.8155 -22.6267 3.2
      vertex 25.9194 -22.6087 0
      vertex 25.8155 -22.6267 0
    endloop
  endfacet
  facet normal 0.999696 -0.0246371 0
    outer loop
      vertex 23.35 -20.5 3.2
      vertex 23.3526 -20.3945 0
      vertex 23.3526 -20.3945 3.2
    endloop
  endfacet
  facet normal 0.999696 -0.0246371 0
    outer loop
      vertex 23.3526 -20.3945 0
      vertex 23.35 -20.5 3.2
      vertex 23.35 -20.5 0
    endloop
  endfacet
  facet normal -0.492869 0.870103 0
    outer loop
      vertex 26.6053 -22.3441 0
      vertex 26.5135 -22.3961 3.2
      vertex 26.6053 -22.3441 3.2
    endloop
  endfacet
  facet normal -0.492869 0.870103 0
    outer loop
      vertex 26.5135 -22.3961 3.2
      vertex 26.6053 -22.3441 0
      vertex 26.5135 -22.3961 0
    endloop
  endfacet
  facet normal -0.653127 0.757249 0
    outer loop
      vertex 26.9439 -22.093 0
      vertex 26.8639 -22.162 3.2
      vertex 26.9439 -22.093 3.2
    endloop
  endfacet
  facet normal -0.653127 0.757249 0
    outer loop
      vertex 26.8639 -22.162 3.2
      vertex 26.9439 -22.093 0
      vertex 26.8639 -22.162 0
    endloop
  endfacet
  facet normal -0.359931 0.932979 0
    outer loop
      vertex 26.3228 -22.4863 0
      vertex 26.2243 -22.5243 3.2
      vertex 26.3228 -22.4863 3.2
    endloop
  endfacet
  facet normal -0.359931 0.932979 0
    outer loop
      vertex 26.2243 -22.5243 3.2
      vertex 26.3228 -22.4863 0
      vertex 26.2243 -22.5243 0
    endloop
  endfacet
  facet normal -0.534421 -0.845219 0
    outer loop
      vertex 26.6053 -18.6559 0
      vertex 26.6945 -18.7123 3.2
      vertex 26.6053 -18.6559 3.2
    endloop
  endfacet
  facet normal -0.534421 -0.845219 -0
    outer loop
      vertex 26.6945 -18.7123 3.2
      vertex 26.6053 -18.6559 0
      vertex 26.6945 -18.7123 0
    endloop
  endfacet
  facet normal -0.845219 0.534421 0
    outer loop
      vertex 27.2877 -21.6945 0
      vertex 27.3441 -21.6053 3.2
      vertex 27.3441 -21.6053 0
    endloop
  endfacet
  facet normal -0.845219 0.534421 0
    outer loop
      vertex 27.3441 -21.6053 3.2
      vertex 27.2877 -21.6945 0
      vertex 27.2877 -21.6945 3.2
    endloop
  endfacet
  facet normal -0.870103 -0.492869 0
    outer loop
      vertex 27.3961 -19.4865 0
      vertex 27.3441 -19.3947 3.2
      vertex 27.3441 -19.3947 0
    endloop
  endfacet
  facet normal -0.870103 -0.492869 0
    outer loop
      vertex 27.3441 -19.3947 3.2
      vertex 27.3961 -19.4865 0
      vertex 27.3961 -19.4865 3.2
    endloop
  endfacet
  facet normal 0.170701 0.985323 -0
    outer loop
      vertex 25.1845 -22.6267 0
      vertex 25.0806 -22.6087 3.2
      vertex 25.1845 -22.6267 3.2
    endloop
  endfacet
  facet normal 0.170701 0.985323 0
    outer loop
      vertex 25.0806 -22.6087 3.2
      vertex 25.1845 -22.6267 0
      vertex 25.0806 -22.6087 0
    endloop
  endfacet
  facet normal -0.449863 -0.893097 0
    outer loop
      vertex 26.4192 -18.5564 0
      vertex 26.5135 -18.6039 3.2
      vertex 26.4192 -18.5564 3.2
    endloop
  endfacet
  facet normal -0.449863 -0.893097 -0
    outer loop
      vertex 26.5135 -18.6039 3.2
      vertex 26.4192 -18.5564 0
      vertex 26.5135 -18.6039 0
    endloop
  endfacet
  facet normal -0.914319 0.404994 0
    outer loop
      vertex 27.4436 -21.4192 0
      vertex 27.4863 -21.3228 3.2
      vertex 27.4863 -21.3228 0
    endloop
  endfacet
  facet normal -0.914319 0.404994 0
    outer loop
      vertex 27.4863 -21.3228 3.2
      vertex 27.4436 -21.4192 0
      vertex 27.4436 -21.4192 3.2
    endloop
  endfacet
  facet normal 0.96364 -0.267204 0
    outer loop
      vertex 23.4144 -19.9776 3.2
      vertex 23.4426 -19.8759 0
      vertex 23.4426 -19.8759 3.2
    endloop
  endfacet
  facet normal 0.96364 -0.267204 0
    outer loop
      vertex 23.4426 -19.8759 0
      vertex 23.4144 -19.9776 3.2
      vertex 23.4144 -19.9776 0
    endloop
  endfacet
  facet normal -0.992509 0.12217 0
    outer loop
      vertex 27.6267 -20.8155 0
      vertex 27.6396 -20.7107 3.2
      vertex 27.6396 -20.7107 0
    endloop
  endfacet
  facet normal -0.992509 0.12217 0
    outer loop
      vertex 27.6396 -20.7107 3.2
      vertex 27.6267 -20.8155 0
      vertex 27.6267 -20.8155 3.2
    endloop
  endfacet
  facet normal 0.893097 0.449863 0
    outer loop
      vertex 23.6039 -21.5135 3.2
      vertex 23.5564 -21.4192 0
      vertex 23.5564 -21.4192 3.2
    endloop
  endfacet
  facet normal 0.893097 0.449863 0
    outer loop
      vertex 23.5564 -21.4192 0
      vertex 23.6039 -21.5135 3.2
      vertex 23.6039 -21.5135 0
    endloop
  endfacet
  facet normal -0.845219 -0.534421 0
    outer loop
      vertex 27.3441 -19.3947 0
      vertex 27.2877 -19.3055 3.2
      vertex 27.2877 -19.3055 0
    endloop
  endfacet
  facet normal -0.845219 -0.534421 0
    outer loop
      vertex 27.2877 -19.3055 3.2
      vertex 27.3441 -19.3947 0
      vertex 27.3441 -19.3947 3.2
    endloop
  endfacet
  facet normal 0.492869 0.870103 -0
    outer loop
      vertex 24.4865 -22.3961 0
      vertex 24.3947 -22.3441 3.2
      vertex 24.4865 -22.3961 3.2
    endloop
  endfacet
  facet normal 0.492869 0.870103 0
    outer loop
      vertex 24.3947 -22.3441 3.2
      vertex 24.4865 -22.3961 0
      vertex 24.3947 -22.3441 0
    endloop
  endfacet
  facet normal 0.999696 0.0246371 0
    outer loop
      vertex 23.3526 -20.6055 3.2
      vertex 23.35 -20.5 0
      vertex 23.35 -20.5 3.2
    endloop
  endfacet
  facet normal 0.999696 0.0246371 0
    outer loop
      vertex 23.35 -20.5 0
      vertex 23.3526 -20.6055 3.2
      vertex 23.3526 -20.6055 0
    endloop
  endfacet
  facet normal 0.757249 -0.653127 0
    outer loop
      vertex 23.838 -19.1361 3.2
      vertex 23.907 -19.0561 0
      vertex 23.907 -19.0561 3.2
    endloop
  endfacet
  facet normal 0.757249 -0.653127 0
    outer loop
      vertex 23.907 -19.0561 0
      vertex 23.838 -19.1361 3.2
      vertex 23.838 -19.1361 0
    endloop
  endfacet
  facet normal -0.0739415 -0.997263 0
    outer loop
      vertex 25.6055 -18.3526 0
      vertex 25.7107 -18.3604 3.2
      vertex 25.6055 -18.3526 3.2
    endloop
  endfacet
  facet normal -0.0739415 -0.997263 -0
    outer loop
      vertex 25.7107 -18.3604 3.2
      vertex 25.6055 -18.3526 0
      vertex 25.7107 -18.3604 0
    endloop
  endfacet
  facet normal -0.724431 -0.689347 0
    outer loop
      vertex 27.093 -19.0561 0
      vertex 27.0203 -18.9797 3.2
      vertex 27.0203 -18.9797 0
    endloop
  endfacet
  facet normal -0.724431 -0.689347 0
    outer loop
      vertex 27.0203 -18.9797 3.2
      vertex 27.093 -19.0561 0
      vertex 27.093 -19.0561 3.2
    endloop
  endfacet
  facet normal -0.985323 -0.170701 0
    outer loop
      vertex 27.6267 -20.1845 0
      vertex 27.6087 -20.0806 3.2
      vertex 27.6087 -20.0806 0
    endloop
  endfacet
  facet normal -0.985323 -0.170701 0
    outer loop
      vertex 27.6087 -20.0806 3.2
      vertex 27.6267 -20.1845 0
      vertex 27.6267 -20.1845 3.2
    endloop
  endfacet
  facet normal 0.359931 0.932979 -0
    outer loop
      vertex 24.7757 -22.5243 0
      vertex 24.6772 -22.4863 3.2
      vertex 24.7757 -22.5243 3.2
    endloop
  endfacet
  facet normal 0.359931 0.932979 0
    outer loop
      vertex 24.6772 -22.4863 3.2
      vertex 24.7757 -22.5243 0
      vertex 24.6772 -22.4863 0
    endloop
  endfacet
  facet normal -0.689347 -0.724431 0
    outer loop
      vertex 26.9439 -18.907 0
      vertex 27.0203 -18.9797 3.2
      vertex 26.9439 -18.907 3.2
    endloop
  endfacet
  facet normal -0.689347 -0.724431 -0
    outer loop
      vertex 27.0203 -18.9797 3.2
      vertex 26.9439 -18.907 0
      vertex 27.0203 -18.9797 0
    endloop
  endfacet
  facet normal -0.0246371 0.999696 0
    outer loop
      vertex 25.6055 -22.6474 0
      vertex 25.5 -22.65 3.2
      vertex 25.6055 -22.6474 3.2
    endloop
  endfacet
  facet normal -0.0246371 0.999696 0
    outer loop
      vertex 25.5 -22.65 3.2
      vertex 25.6055 -22.6474 0
      vertex 25.5 -22.65 0
    endloop
  endfacet
  facet normal -0.267204 -0.96364 0
    outer loop
      vertex 26.0224 -18.4144 0
      vertex 26.1241 -18.4426 3.2
      vertex 26.0224 -18.4144 3.2
    endloop
  endfacet
  facet normal -0.267204 -0.96364 -0
    outer loop
      vertex 26.1241 -18.4426 3.2
      vertex 26.0224 -18.4144 0
      vertex 26.1241 -18.4426 0
    endloop
  endfacet
  facet normal -0.689347 0.724431 0
    outer loop
      vertex 27.0203 -22.0203 0
      vertex 26.9439 -22.093 3.2
      vertex 27.0203 -22.0203 3.2
    endloop
  endfacet
  facet normal -0.689347 0.724431 0
    outer loop
      vertex 26.9439 -22.093 3.2
      vertex 27.0203 -22.0203 0
      vertex 26.9439 -22.093 0
    endloop
  endfacet
  facet normal 0.949533 -0.313668 0
    outer loop
      vertex 23.4426 -19.8759 3.2
      vertex 23.4757 -19.7757 0
      vertex 23.4757 -19.7757 3.2
    endloop
  endfacet
  facet normal 0.949533 -0.313668 0
    outer loop
      vertex 23.4757 -19.7757 0
      vertex 23.4426 -19.8759 3.2
      vertex 23.4426 -19.8759 0
    endloop
  endfacet
  facet normal -0.404994 -0.914319 0
    outer loop
      vertex 26.3228 -18.5137 0
      vertex 26.4192 -18.5564 3.2
      vertex 26.3228 -18.5137 3.2
    endloop
  endfacet
  facet normal -0.404994 -0.914319 -0
    outer loop
      vertex 26.4192 -18.5564 3.2
      vertex 26.3228 -18.5137 0
      vertex 26.4192 -18.5564 0
    endloop
  endfacet
  facet normal 0.313668 -0.949533 0
    outer loop
      vertex 24.7757 -18.4757 0
      vertex 24.8759 -18.4426 3.2
      vertex 24.7757 -18.4757 3.2
    endloop
  endfacet
  facet normal 0.313668 -0.949533 0
    outer loop
      vertex 24.8759 -18.4426 3.2
      vertex 24.7757 -18.4757 0
      vertex 24.8759 -18.4426 0
    endloop
  endfacet
  facet normal 0.870103 -0.492869 0
    outer loop
      vertex 23.6039 -19.4865 3.2
      vertex 23.6559 -19.3947 0
      vertex 23.6559 -19.3947 3.2
    endloop
  endfacet
  facet normal 0.870103 -0.492869 0
    outer loop
      vertex 23.6559 -19.3947 0
      vertex 23.6039 -19.4865 3.2
      vertex 23.6039 -19.4865 0
    endloop
  endfacet
  facet normal -0.267204 0.96364 0
    outer loop
      vertex 26.1241 -22.5574 0
      vertex 26.0224 -22.5856 3.2
      vertex 26.1241 -22.5574 3.2
    endloop
  endfacet
  facet normal -0.267204 0.96364 0
    outer loop
      vertex 26.0224 -22.5856 3.2
      vertex 26.1241 -22.5574 0
      vertex 26.0224 -22.5856 0
    endloop
  endfacet
  facet normal 0.997263 0.0739415 0
    outer loop
      vertex 23.3604 -20.7107 3.2
      vertex 23.3526 -20.6055 0
      vertex 23.3526 -20.6055 3.2
    endloop
  endfacet
  facet normal 0.997263 0.0739415 0
    outer loop
      vertex 23.3526 -20.6055 0
      vertex 23.3604 -20.7107 3.2
      vertex 23.3604 -20.7107 0
    endloop
  endfacet
  facet normal 0.985323 0.170701 0
    outer loop
      vertex 23.3913 -20.9194 3.2
      vertex 23.3733 -20.8155 0
      vertex 23.3733 -20.8155 3.2
    endloop
  endfacet
  facet normal 0.985323 0.170701 0
    outer loop
      vertex 23.3733 -20.8155 0
      vertex 23.3913 -20.9194 3.2
      vertex 23.3913 -20.9194 0
    endloop
  endfacet
  facet normal 0.653127 -0.757249 0
    outer loop
      vertex 24.0561 -18.907 0
      vertex 24.1361 -18.838 3.2
      vertex 24.0561 -18.907 3.2
    endloop
  endfacet
  facet normal 0.653127 -0.757249 0
    outer loop
      vertex 24.1361 -18.838 3.2
      vertex 24.0561 -18.907 0
      vertex 24.1361 -18.838 0
    endloop
  endfacet
  facet normal -0.313668 -0.949533 0
    outer loop
      vertex 26.1241 -18.4426 0
      vertex 26.2243 -18.4757 3.2
      vertex 26.1241 -18.4426 3.2
    endloop
  endfacet
  facet normal -0.313668 -0.949533 -0
    outer loop
      vertex 26.2243 -18.4757 3.2
      vertex 26.1241 -18.4426 0
      vertex 26.2243 -18.4757 0
    endloop
  endfacet
  facet normal 0.0246371 0.999696 -0
    outer loop
      vertex 25.5 -22.65 0
      vertex 25.3945 -22.6474 3.2
      vertex 25.5 -22.65 3.2
    endloop
  endfacet
  facet normal 0.0246371 0.999696 0
    outer loop
      vertex 25.3945 -22.6474 3.2
      vertex 25.5 -22.65 0
      vertex 25.3945 -22.6474 0
    endloop
  endfacet
  facet normal -0.817493 0.575939 0
    outer loop
      vertex 27.2269 -21.7808 0
      vertex 27.2877 -21.6945 3.2
      vertex 27.2877 -21.6945 0
    endloop
  endfacet
  facet normal -0.817493 0.575939 0
    outer loop
      vertex 27.2877 -21.6945 3.2
      vertex 27.2269 -21.7808 0
      vertex 27.2269 -21.7808 3.2
    endloop
  endfacet
  facet normal 0.12217 0.992509 -0
    outer loop
      vertex 25.2893 -22.6396 0
      vertex 25.1845 -22.6267 3.2
      vertex 25.2893 -22.6396 3.2
    endloop
  endfacet
  facet normal 0.12217 0.992509 0
    outer loop
      vertex 25.1845 -22.6267 3.2
      vertex 25.2893 -22.6396 0
      vertex 25.1845 -22.6267 0
    endloop
  endfacet
  facet normal 0.870103 0.492869 0
    outer loop
      vertex 23.6559 -21.6053 3.2
      vertex 23.6039 -21.5135 0
      vertex 23.6039 -21.5135 3.2
    endloop
  endfacet
  facet normal 0.870103 0.492869 0
    outer loop
      vertex 23.6039 -21.5135 0
      vertex 23.6559 -21.6053 3.2
      vertex 23.6559 -21.6053 0
    endloop
  endfacet
  facet normal 0.845219 0.534421 0
    outer loop
      vertex 23.7123 -21.6945 3.2
      vertex 23.6559 -21.6053 0
      vertex 23.6559 -21.6053 3.2
    endloop
  endfacet
  facet normal 0.845219 0.534421 0
    outer loop
      vertex 23.6559 -21.6053 0
      vertex 23.7123 -21.6945 3.2
      vertex 23.7123 -21.6945 0
    endloop
  endfacet
  facet normal 0.267204 0.96364 -0
    outer loop
      vertex 24.9776 -22.5856 0
      vertex 24.8759 -22.5574 3.2
      vertex 24.9776 -22.5856 3.2
    endloop
  endfacet
  facet normal 0.267204 0.96364 0
    outer loop
      vertex 24.8759 -22.5574 3.2
      vertex 24.9776 -22.5856 0
      vertex 24.8759 -22.5574 0
    endloop
  endfacet
  facet normal 0.975762 -0.218836 0
    outer loop
      vertex 23.3913 -20.0806 3.2
      vertex 23.4144 -19.9776 0
      vertex 23.4144 -19.9776 3.2
    endloop
  endfacet
  facet normal 0.975762 -0.218836 0
    outer loop
      vertex 23.4144 -19.9776 0
      vertex 23.3913 -20.0806 3.2
      vertex 23.3913 -20.0806 0
    endloop
  endfacet
  facet normal -0.404994 0.914319 0
    outer loop
      vertex 26.4192 -22.4436 0
      vertex 26.3228 -22.4863 3.2
      vertex 26.4192 -22.4436 3.2
    endloop
  endfacet
  facet normal -0.404994 0.914319 0
    outer loop
      vertex 26.3228 -22.4863 3.2
      vertex 26.4192 -22.4436 0
      vertex 26.3228 -22.4863 0
    endloop
  endfacet
  facet normal 0.0246371 -0.999696 0
    outer loop
      vertex 25.3945 -18.3526 0
      vertex 25.5 -18.35 3.2
      vertex 25.3945 -18.3526 3.2
    endloop
  endfacet
  facet normal 0.0246371 -0.999696 0
    outer loop
      vertex 25.5 -18.35 3.2
      vertex 25.3945 -18.3526 0
      vertex 25.5 -18.35 0
    endloop
  endfacet
  facet normal 0.757249 0.653127 0
    outer loop
      vertex 23.907 -21.9439 3.2
      vertex 23.838 -21.8639 0
      vertex 23.838 -21.8639 3.2
    endloop
  endfacet
  facet normal 0.757249 0.653127 0
    outer loop
      vertex 23.838 -21.8639 0
      vertex 23.907 -21.9439 3.2
      vertex 23.907 -21.9439 0
    endloop
  endfacet
  facet normal 0.449863 -0.893097 0
    outer loop
      vertex 24.4865 -18.6039 0
      vertex 24.5808 -18.5564 3.2
      vertex 24.4865 -18.6039 3.2
    endloop
  endfacet
  facet normal 0.449863 -0.893097 0
    outer loop
      vertex 24.5808 -18.5564 3.2
      vertex 24.4865 -18.6039 0
      vertex 24.5808 -18.5564 0
    endloop
  endfacet
  facet normal -0.975762 0.218836 0
    outer loop
      vertex 27.5856 -21.0224 0
      vertex 27.6087 -20.9194 3.2
      vertex 27.6087 -20.9194 0
    endloop
  endfacet
  facet normal -0.975762 0.218836 0
    outer loop
      vertex 27.6087 -20.9194 3.2
      vertex 27.5856 -21.0224 0
      vertex 27.5856 -21.0224 3.2
    endloop
  endfacet
  facet normal 0.817493 0.575939 0
    outer loop
      vertex 23.7731 -21.7808 3.2
      vertex 23.7123 -21.6945 0
      vertex 23.7123 -21.6945 3.2
    endloop
  endfacet
  facet normal 0.817493 0.575939 0
    outer loop
      vertex 23.7123 -21.6945 0
      vertex 23.7731 -21.7808 3.2
      vertex 23.7731 -21.7808 0
    endloop
  endfacet
  facet normal -0.615515 0.788125 0
    outer loop
      vertex 26.8639 -22.162 0
      vertex 26.7808 -22.2269 3.2
      vertex 26.8639 -22.162 3.2
    endloop
  endfacet
  facet normal -0.615515 0.788125 0
    outer loop
      vertex 26.7808 -22.2269 3.2
      vertex 26.8639 -22.162 0
      vertex 26.7808 -22.2269 0
    endloop
  endfacet
  facet normal -0.870103 0.492869 0
    outer loop
      vertex 27.3441 -21.6053 0
      vertex 27.3961 -21.5135 3.2
      vertex 27.3961 -21.5135 0
    endloop
  endfacet
  facet normal -0.870103 0.492869 0
    outer loop
      vertex 27.3961 -21.5135 3.2
      vertex 27.3441 -21.6053 0
      vertex 27.3441 -21.6053 3.2
    endloop
  endfacet
  facet normal -0.788125 -0.615515 0
    outer loop
      vertex 27.2269 -19.2192 0
      vertex 27.162 -19.1361 3.2
      vertex 27.162 -19.1361 0
    endloop
  endfacet
  facet normal -0.788125 -0.615515 0
    outer loop
      vertex 27.162 -19.1361 3.2
      vertex 27.2269 -19.2192 0
      vertex 27.2269 -19.2192 3.2
    endloop
  endfacet
  facet normal 0.653127 0.757249 -0
    outer loop
      vertex 24.1361 -22.162 0
      vertex 24.0561 -22.093 3.2
      vertex 24.1361 -22.162 3.2
    endloop
  endfacet
  facet normal 0.653127 0.757249 0
    outer loop
      vertex 24.0561 -22.093 3.2
      vertex 24.1361 -22.162 0
      vertex 24.0561 -22.093 0
    endloop
  endfacet
  facet normal -0.893097 0.449863 0
    outer loop
      vertex 27.3961 -21.5135 0
      vertex 27.4436 -21.4192 3.2
      vertex 27.4436 -21.4192 0
    endloop
  endfacet
  facet normal -0.893097 0.449863 0
    outer loop
      vertex 27.4436 -21.4192 3.2
      vertex 27.3961 -21.5135 0
      vertex 27.3961 -21.5135 3.2
    endloop
  endfacet
  facet normal -0.218836 0.975762 0
    outer loop
      vertex 26.0224 -22.5856 0
      vertex 25.9194 -22.6087 3.2
      vertex 26.0224 -22.5856 3.2
    endloop
  endfacet
  facet normal -0.218836 0.975762 0
    outer loop
      vertex 25.9194 -22.6087 3.2
      vertex 26.0224 -22.5856 0
      vertex 25.9194 -22.6087 0
    endloop
  endfacet
  facet normal -0.932979 0.359931 0
    outer loop
      vertex 27.4863 -21.3228 0
      vertex 27.5243 -21.2243 3.2
      vertex 27.5243 -21.2243 0
    endloop
  endfacet
  facet normal -0.932979 0.359931 0
    outer loop
      vertex 27.5243 -21.2243 3.2
      vertex 27.4863 -21.3228 0
      vertex 27.4863 -21.3228 3.2
    endloop
  endfacet
  facet normal 0.724431 -0.689347 0
    outer loop
      vertex 23.907 -19.0561 3.2
      vertex 23.9797 -18.9797 0
      vertex 23.9797 -18.9797 3.2
    endloop
  endfacet
  facet normal 0.724431 -0.689347 0
    outer loop
      vertex 23.9797 -18.9797 0
      vertex 23.907 -19.0561 3.2
      vertex 23.907 -19.0561 0
    endloop
  endfacet
  facet normal -0.788125 0.615515 0
    outer loop
      vertex 27.162 -21.8639 0
      vertex 27.2269 -21.7808 3.2
      vertex 27.2269 -21.7808 0
    endloop
  endfacet
  facet normal -0.788125 0.615515 0
    outer loop
      vertex 27.2269 -21.7808 3.2
      vertex 27.162 -21.8639 0
      vertex 27.162 -21.8639 3.2
    endloop
  endfacet
  facet normal 0.404994 0.914319 -0
    outer loop
      vertex 24.6772 -22.4863 0
      vertex 24.5808 -22.4436 3.2
      vertex 24.6772 -22.4863 3.2
    endloop
  endfacet
  facet normal 0.404994 0.914319 0
    outer loop
      vertex 24.5808 -22.4436 3.2
      vertex 24.6772 -22.4863 0
      vertex 24.5808 -22.4436 0
    endloop
  endfacet
  facet normal -0.724431 0.689347 0
    outer loop
      vertex 27.0203 -22.0203 0
      vertex 27.093 -21.9439 3.2
      vertex 27.093 -21.9439 0
    endloop
  endfacet
  facet normal -0.724431 0.689347 0
    outer loop
      vertex 27.093 -21.9439 3.2
      vertex 27.0203 -22.0203 0
      vertex 27.0203 -22.0203 3.2
    endloop
  endfacet
  facet normal 0.975762 0.218836 0
    outer loop
      vertex 23.4144 -21.0224 3.2
      vertex 23.3913 -20.9194 0
      vertex 23.3913 -20.9194 3.2
    endloop
  endfacet
  facet normal 0.975762 0.218836 0
    outer loop
      vertex 23.3913 -20.9194 0
      vertex 23.4144 -21.0224 3.2
      vertex 23.4144 -21.0224 0
    endloop
  endfacet
  facet normal -0.757249 -0.653127 0
    outer loop
      vertex 27.162 -19.1361 0
      vertex 27.093 -19.0561 3.2
      vertex 27.093 -19.0561 0
    endloop
  endfacet
  facet normal -0.757249 -0.653127 0
    outer loop
      vertex 27.093 -19.0561 3.2
      vertex 27.162 -19.1361 0
      vertex 27.162 -19.1361 3.2
    endloop
  endfacet
  facet normal -0.218836 -0.975762 0
    outer loop
      vertex 25.9194 -18.3913 0
      vertex 26.0224 -18.4144 3.2
      vertex 25.9194 -18.3913 3.2
    endloop
  endfacet
  facet normal -0.218836 -0.975762 -0
    outer loop
      vertex 26.0224 -18.4144 3.2
      vertex 25.9194 -18.3913 0
      vertex 26.0224 -18.4144 0
    endloop
  endfacet
  facet normal -0.492869 -0.870103 0
    outer loop
      vertex 26.5135 -18.6039 0
      vertex 26.6053 -18.6559 3.2
      vertex 26.5135 -18.6039 3.2
    endloop
  endfacet
  facet normal -0.492869 -0.870103 -0
    outer loop
      vertex 26.6053 -18.6559 3.2
      vertex 26.5135 -18.6039 0
      vertex 26.6053 -18.6559 0
    endloop
  endfacet
  facet normal 0.689347 0.724431 -0
    outer loop
      vertex 24.0561 -22.093 0
      vertex 23.9797 -22.0203 3.2
      vertex 24.0561 -22.093 3.2
    endloop
  endfacet
  facet normal 0.689347 0.724431 0
    outer loop
      vertex 23.9797 -22.0203 3.2
      vertex 24.0561 -22.093 0
      vertex 23.9797 -22.0203 0
    endloop
  endfacet
  facet normal 0.575939 -0.817493 0
    outer loop
      vertex 24.2192 -18.7731 0
      vertex 24.3055 -18.7123 3.2
      vertex 24.2192 -18.7731 3.2
    endloop
  endfacet
  facet normal 0.575939 -0.817493 0
    outer loop
      vertex 24.3055 -18.7123 3.2
      vertex 24.2192 -18.7731 0
      vertex 24.3055 -18.7123 0
    endloop
  endfacet
  facet normal 0.615515 -0.788125 0
    outer loop
      vertex 24.1361 -18.838 0
      vertex 24.2192 -18.7731 3.2
      vertex 24.1361 -18.838 3.2
    endloop
  endfacet
  facet normal 0.615515 -0.788125 0
    outer loop
      vertex 24.2192 -18.7731 3.2
      vertex 24.1361 -18.838 0
      vertex 24.2192 -18.7731 0
    endloop
  endfacet
  facet normal 0.992509 -0.12217 0
    outer loop
      vertex 23.3604 -20.2893 3.2
      vertex 23.3733 -20.1845 0
      vertex 23.3733 -20.1845 3.2
    endloop
  endfacet
  facet normal 0.992509 -0.12217 0
    outer loop
      vertex 23.3733 -20.1845 0
      vertex 23.3604 -20.2893 3.2
      vertex 23.3604 -20.2893 0
    endloop
  endfacet
  facet normal 0.985323 -0.170701 0
    outer loop
      vertex 23.3733 -20.1845 3.2
      vertex 23.3913 -20.0806 0
      vertex 23.3913 -20.0806 3.2
    endloop
  endfacet
  facet normal 0.985323 -0.170701 0
    outer loop
      vertex 23.3913 -20.0806 0
      vertex 23.3733 -20.1845 3.2
      vertex 23.3733 -20.1845 0
    endloop
  endfacet
  facet normal 0.997263 -0.0739415 0
    outer loop
      vertex 23.3526 -20.3945 3.2
      vertex 23.3604 -20.2893 0
      vertex 23.3604 -20.2893 3.2
    endloop
  endfacet
  facet normal 0.997263 -0.0739415 0
    outer loop
      vertex 23.3604 -20.2893 0
      vertex 23.3526 -20.3945 3.2
      vertex 23.3526 -20.3945 0
    endloop
  endfacet
  facet normal 0.534421 -0.845219 0
    outer loop
      vertex 24.3055 -18.7123 0
      vertex 24.3947 -18.6559 3.2
      vertex 24.3055 -18.7123 3.2
    endloop
  endfacet
  facet normal 0.534421 -0.845219 0
    outer loop
      vertex 24.3947 -18.6559 3.2
      vertex 24.3055 -18.7123 0
      vertex 24.3947 -18.6559 0
    endloop
  endfacet
  facet normal 0.492869 -0.870103 0
    outer loop
      vertex 24.3947 -18.6559 0
      vertex 24.4865 -18.6039 3.2
      vertex 24.3947 -18.6559 3.2
    endloop
  endfacet
  facet normal 0.492869 -0.870103 0
    outer loop
      vertex 24.4865 -18.6039 3.2
      vertex 24.3947 -18.6559 0
      vertex 24.4865 -18.6039 0
    endloop
  endfacet
  facet normal 0.267204 -0.96364 0
    outer loop
      vertex 24.8759 -18.4426 0
      vertex 24.9776 -18.4144 3.2
      vertex 24.8759 -18.4426 3.2
    endloop
  endfacet
  facet normal 0.267204 -0.96364 0
    outer loop
      vertex 24.9776 -18.4144 3.2
      vertex 24.8759 -18.4426 0
      vertex 24.9776 -18.4144 0
    endloop
  endfacet
  facet normal 0.0739415 0.997263 -0
    outer loop
      vertex 25.3945 -22.6474 0
      vertex 25.2893 -22.6396 3.2
      vertex 25.3945 -22.6474 3.2
    endloop
  endfacet
  facet normal 0.0739415 0.997263 0
    outer loop
      vertex 25.2893 -22.6396 3.2
      vertex 25.3945 -22.6474 0
      vertex 25.2893 -22.6396 0
    endloop
  endfacet
  facet normal 0.893097 -0.449863 0
    outer loop
      vertex 23.5564 -19.5808 3.2
      vertex 23.6039 -19.4865 0
      vertex 23.6039 -19.4865 3.2
    endloop
  endfacet
  facet normal 0.893097 -0.449863 0
    outer loop
      vertex 23.6039 -19.4865 0
      vertex 23.5564 -19.5808 3.2
      vertex 23.5564 -19.5808 0
    endloop
  endfacet
  facet normal 0.96364 0.267204 0
    outer loop
      vertex 23.4426 -21.1241 3.2
      vertex 23.4144 -21.0224 0
      vertex 23.4144 -21.0224 3.2
    endloop
  endfacet
  facet normal 0.96364 0.267204 0
    outer loop
      vertex 23.4144 -21.0224 0
      vertex 23.4426 -21.1241 3.2
      vertex 23.4426 -21.1241 0
    endloop
  endfacet
  facet normal 0.404994 -0.914319 0
    outer loop
      vertex 24.5808 -18.5564 0
      vertex 24.6772 -18.5137 3.2
      vertex 24.5808 -18.5564 3.2
    endloop
  endfacet
  facet normal 0.404994 -0.914319 0
    outer loop
      vertex 24.6772 -18.5137 3.2
      vertex 24.5808 -18.5564 0
      vertex 24.6772 -18.5137 0
    endloop
  endfacet
  facet normal 0.914319 -0.404994 0
    outer loop
      vertex 23.5137 -19.6772 3.2
      vertex 23.5564 -19.5808 0
      vertex 23.5564 -19.5808 3.2
    endloop
  endfacet
  facet normal 0.914319 -0.404994 0
    outer loop
      vertex 23.5564 -19.5808 0
      vertex 23.5137 -19.6772 3.2
      vertex 23.5137 -19.6772 0
    endloop
  endfacet
  facet normal 0.575939 0.817493 -0
    outer loop
      vertex 24.3055 18.7123 0
      vertex 24.2192 18.7731 3.2
      vertex 24.3055 18.7123 3.2
    endloop
  endfacet
  facet normal 0.575939 0.817493 0
    outer loop
      vertex 24.2192 18.7731 3.2
      vertex 24.3055 18.7123 0
      vertex 24.2192 18.7731 0
    endloop
  endfacet
  facet normal -0.615515 -0.788125 0
    outer loop
      vertex 26.7808 22.2269 0
      vertex 26.8639 22.162 3.2
      vertex 26.7808 22.2269 3.2
    endloop
  endfacet
  facet normal -0.615515 -0.788125 -0
    outer loop
      vertex 26.8639 22.162 3.2
      vertex 26.7808 22.2269 0
      vertex 26.8639 22.162 0
    endloop
  endfacet
  facet normal 0.267204 0.96364 -0
    outer loop
      vertex 24.9776 18.4144 0
      vertex 24.8759 18.4426 3.2
      vertex 24.9776 18.4144 3.2
    endloop
  endfacet
  facet normal 0.267204 0.96364 0
    outer loop
      vertex 24.8759 18.4426 3.2
      vertex 24.9776 18.4144 0
      vertex 24.8759 18.4426 0
    endloop
  endfacet
  facet normal -0.359931 0.932979 0
    outer loop
      vertex 26.3228 18.5137 0
      vertex 26.2243 18.4757 3.2
      vertex 26.3228 18.5137 3.2
    endloop
  endfacet
  facet normal -0.359931 0.932979 0
    outer loop
      vertex 26.2243 18.4757 3.2
      vertex 26.3228 18.5137 0
      vertex 26.2243 18.4757 0
    endloop
  endfacet
  facet normal -0.870103 0.492869 0
    outer loop
      vertex 27.3441 19.3947 0
      vertex 27.3961 19.4865 3.2
      vertex 27.3961 19.4865 0
    endloop
  endfacet
  facet normal -0.870103 0.492869 0
    outer loop
      vertex 27.3961 19.4865 3.2
      vertex 27.3441 19.3947 0
      vertex 27.3441 19.3947 3.2
    endloop
  endfacet
  facet normal -0.534421 -0.845219 0
    outer loop
      vertex 26.6053 22.3441 0
      vertex 26.6945 22.2877 3.2
      vertex 26.6053 22.3441 3.2
    endloop
  endfacet
  facet normal -0.534421 -0.845219 -0
    outer loop
      vertex 26.6945 22.2877 3.2
      vertex 26.6053 22.3441 0
      vertex 26.6945 22.2877 0
    endloop
  endfacet
  facet normal 0.949533 0.313668 0
    outer loop
      vertex 23.4757 19.7757 3.2
      vertex 23.4426 19.8759 0
      vertex 23.4426 19.8759 3.2
    endloop
  endfacet
  facet normal 0.949533 0.313668 0
    outer loop
      vertex 23.4426 19.8759 0
      vertex 23.4757 19.7757 3.2
      vertex 23.4757 19.7757 0
    endloop
  endfacet
  facet normal 0.12217 0.992509 -0
    outer loop
      vertex 25.2893 18.3604 0
      vertex 25.1845 18.3733 3.2
      vertex 25.2893 18.3604 3.2
    endloop
  endfacet
  facet normal 0.12217 0.992509 0
    outer loop
      vertex 25.1845 18.3733 3.2
      vertex 25.2893 18.3604 0
      vertex 25.1845 18.3733 0
    endloop
  endfacet
  facet normal 0.492869 -0.870103 0
    outer loop
      vertex 24.3947 22.3441 0
      vertex 24.4865 22.3961 3.2
      vertex 24.3947 22.3441 3.2
    endloop
  endfacet
  facet normal 0.492869 -0.870103 0
    outer loop
      vertex 24.4865 22.3961 3.2
      vertex 24.3947 22.3441 0
      vertex 24.4865 22.3961 0
    endloop
  endfacet
  facet normal -0.724431 0.689347 0
    outer loop
      vertex 27.0203 18.9797 0
      vertex 27.093 19.0561 3.2
      vertex 27.093 19.0561 0
    endloop
  endfacet
  facet normal -0.724431 0.689347 0
    outer loop
      vertex 27.093 19.0561 3.2
      vertex 27.0203 18.9797 0
      vertex 27.0203 18.9797 3.2
    endloop
  endfacet
  facet normal 0.534421 0.845219 -0
    outer loop
      vertex 24.3947 18.6559 0
      vertex 24.3055 18.7123 3.2
      vertex 24.3947 18.6559 3.2
    endloop
  endfacet
  facet normal 0.534421 0.845219 0
    outer loop
      vertex 24.3055 18.7123 3.2
      vertex 24.3947 18.6559 0
      vertex 24.3055 18.7123 0
    endloop
  endfacet
  facet normal 0.788125 0.615515 0
    outer loop
      vertex 23.838 19.1361 3.2
      vertex 23.7731 19.2192 0
      vertex 23.7731 19.2192 3.2
    endloop
  endfacet
  facet normal 0.788125 0.615515 0
    outer loop
      vertex 23.7731 19.2192 0
      vertex 23.838 19.1361 3.2
      vertex 23.838 19.1361 0
    endloop
  endfacet
  facet normal 0.170701 0.985323 -0
    outer loop
      vertex 25.1845 18.3733 0
      vertex 25.0806 18.3913 3.2
      vertex 25.1845 18.3733 3.2
    endloop
  endfacet
  facet normal 0.170701 0.985323 0
    outer loop
      vertex 25.0806 18.3913 3.2
      vertex 25.1845 18.3733 0
      vertex 25.0806 18.3913 0
    endloop
  endfacet
  facet normal -0.0246371 -0.999696 0
    outer loop
      vertex 25.5 22.65 0
      vertex 25.6055 22.6474 3.2
      vertex 25.5 22.65 3.2
    endloop
  endfacet
  facet normal -0.0246371 -0.999696 -0
    outer loop
      vertex 25.6055 22.6474 3.2
      vertex 25.5 22.65 0
      vertex 25.6055 22.6474 0
    endloop
  endfacet
  facet normal -0.788125 -0.615515 0
    outer loop
      vertex 27.2269 21.7808 0
      vertex 27.162 21.8639 3.2
      vertex 27.162 21.8639 0
    endloop
  endfacet
  facet normal -0.788125 -0.615515 0
    outer loop
      vertex 27.162 21.8639 3.2
      vertex 27.2269 21.7808 0
      vertex 27.2269 21.7808 3.2
    endloop
  endfacet
  facet normal -0.0739415 0.997263 0
    outer loop
      vertex 25.7107 18.3604 0
      vertex 25.6055 18.3526 3.2
      vertex 25.7107 18.3604 3.2
    endloop
  endfacet
  facet normal -0.0739415 0.997263 0
    outer loop
      vertex 25.6055 18.3526 3.2
      vertex 25.7107 18.3604 0
      vertex 25.6055 18.3526 0
    endloop
  endfacet
  facet normal -0.404994 -0.914319 0
    outer loop
      vertex 26.3228 22.4863 0
      vertex 26.4192 22.4436 3.2
      vertex 26.3228 22.4863 3.2
    endloop
  endfacet
  facet normal -0.404994 -0.914319 -0
    outer loop
      vertex 26.4192 22.4436 3.2
      vertex 26.3228 22.4863 0
      vertex 26.4192 22.4436 0
    endloop
  endfacet
  facet normal 0.992509 0.12217 0
    outer loop
      vertex 23.3733 20.1845 3.2
      vertex 23.3604 20.2893 0
      vertex 23.3604 20.2893 3.2
    endloop
  endfacet
  facet normal 0.992509 0.12217 0
    outer loop
      vertex 23.3604 20.2893 0
      vertex 23.3733 20.1845 3.2
      vertex 23.3733 20.1845 0
    endloop
  endfacet
  facet normal 0.914319 -0.404994 0
    outer loop
      vertex 23.5137 21.3228 3.2
      vertex 23.5564 21.4192 0
      vertex 23.5564 21.4192 3.2
    endloop
  endfacet
  facet normal 0.914319 -0.404994 0
    outer loop
      vertex 23.5564 21.4192 0
      vertex 23.5137 21.3228 3.2
      vertex 23.5137 21.3228 0
    endloop
  endfacet
  facet normal 0.492869 0.870103 -0
    outer loop
      vertex 24.4865 18.6039 0
      vertex 24.3947 18.6559 3.2
      vertex 24.4865 18.6039 3.2
    endloop
  endfacet
  facet normal 0.492869 0.870103 0
    outer loop
      vertex 24.3947 18.6559 3.2
      vertex 24.4865 18.6039 0
      vertex 24.3947 18.6559 0
    endloop
  endfacet
  facet normal -0.359931 -0.932979 0
    outer loop
      vertex 26.2243 22.5243 0
      vertex 26.3228 22.4863 3.2
      vertex 26.2243 22.5243 3.2
    endloop
  endfacet
  facet normal -0.359931 -0.932979 -0
    outer loop
      vertex 26.3228 22.4863 3.2
      vertex 26.2243 22.5243 0
      vertex 26.3228 22.4863 0
    endloop
  endfacet
  facet normal -0.949533 -0.313668 0
    outer loop
      vertex 27.5574 21.1241 0
      vertex 27.5243 21.2243 3.2
      vertex 27.5243 21.2243 0
    endloop
  endfacet
  facet normal -0.949533 -0.313668 0
    outer loop
      vertex 27.5243 21.2243 3.2
      vertex 27.5574 21.1241 0
      vertex 27.5574 21.1241 3.2
    endloop
  endfacet
  facet normal 0.757249 0.653127 0
    outer loop
      vertex 23.907 19.0561 3.2
      vertex 23.838 19.1361 0
      vertex 23.838 19.1361 3.2
    endloop
  endfacet
  facet normal 0.757249 0.653127 0
    outer loop
      vertex 23.838 19.1361 0
      vertex 23.907 19.0561 3.2
      vertex 23.907 19.0561 0
    endloop
  endfacet
  facet normal -0.218836 0.975762 0
    outer loop
      vertex 26.0224 18.4144 0
      vertex 25.9194 18.3913 3.2
      vertex 26.0224 18.4144 3.2
    endloop
  endfacet
  facet normal -0.218836 0.975762 0
    outer loop
      vertex 25.9194 18.3913 3.2
      vertex 26.0224 18.4144 0
      vertex 25.9194 18.3913 0
    endloop
  endfacet
  facet normal 0.689347 0.724431 -0
    outer loop
      vertex 24.0561 18.907 0
      vertex 23.9797 18.9797 3.2
      vertex 24.0561 18.907 3.2
    endloop
  endfacet
  facet normal 0.689347 0.724431 0
    outer loop
      vertex 23.9797 18.9797 3.2
      vertex 24.0561 18.907 0
      vertex 23.9797 18.9797 0
    endloop
  endfacet
  facet normal -0.999696 -0.0246371 0
    outer loop
      vertex 27.65 20.5 0
      vertex 27.6474 20.6055 3.2
      vertex 27.6474 20.6055 0
    endloop
  endfacet
  facet normal -0.999696 -0.0246371 0
    outer loop
      vertex 27.6474 20.6055 3.2
      vertex 27.65 20.5 0
      vertex 27.65 20.5 3.2
    endloop
  endfacet
  facet normal 0.0246371 -0.999696 0
    outer loop
      vertex 25.3945 22.6474 0
      vertex 25.5 22.65 3.2
      vertex 25.3945 22.6474 3.2
    endloop
  endfacet
  facet normal 0.0246371 -0.999696 0
    outer loop
      vertex 25.5 22.65 3.2
      vertex 25.3945 22.6474 0
      vertex 25.5 22.65 0
    endloop
  endfacet
  facet normal 0.724431 -0.689347 0
    outer loop
      vertex 23.907 21.9439 3.2
      vertex 23.9797 22.0203 0
      vertex 23.9797 22.0203 3.2
    endloop
  endfacet
  facet normal 0.724431 -0.689347 0
    outer loop
      vertex 23.9797 22.0203 0
      vertex 23.907 21.9439 3.2
      vertex 23.907 21.9439 0
    endloop
  endfacet
  facet normal -0.449863 -0.893097 0
    outer loop
      vertex 26.4192 22.4436 0
      vertex 26.5135 22.3961 3.2
      vertex 26.4192 22.4436 3.2
    endloop
  endfacet
  facet normal -0.449863 -0.893097 -0
    outer loop
      vertex 26.5135 22.3961 3.2
      vertex 26.4192 22.4436 0
      vertex 26.5135 22.3961 0
    endloop
  endfacet
  facet normal 0.615515 0.788125 -0
    outer loop
      vertex 24.2192 18.7731 0
      vertex 24.1361 18.838 3.2
      vertex 24.2192 18.7731 3.2
    endloop
  endfacet
  facet normal 0.615515 0.788125 0
    outer loop
      vertex 24.1361 18.838 3.2
      vertex 24.2192 18.7731 0
      vertex 24.1361 18.838 0
    endloop
  endfacet
  facet normal 0.932979 0.359931 0
    outer loop
      vertex 23.5137 19.6772 3.2
      vertex 23.4757 19.7757 0
      vertex 23.4757 19.7757 3.2
    endloop
  endfacet
  facet normal 0.932979 0.359931 0
    outer loop
      vertex 23.4757 19.7757 0
      vertex 23.5137 19.6772 3.2
      vertex 23.5137 19.6772 0
    endloop
  endfacet
  facet normal -0.575939 -0.817493 0
    outer loop
      vertex 26.6945 22.2877 0
      vertex 26.7808 22.2269 3.2
      vertex 26.6945 22.2877 3.2
    endloop
  endfacet
  facet normal -0.575939 -0.817493 -0
    outer loop
      vertex 26.7808 22.2269 3.2
      vertex 26.6945 22.2877 0
      vertex 26.7808 22.2269 0
    endloop
  endfacet
  facet normal -0.999696 0.0246371 0
    outer loop
      vertex 27.6474 20.3945 0
      vertex 27.65 20.5 3.2
      vertex 27.65 20.5 0
    endloop
  endfacet
  facet normal -0.999696 0.0246371 0
    outer loop
      vertex 27.65 20.5 3.2
      vertex 27.6474 20.3945 0
      vertex 27.6474 20.3945 3.2
    endloop
  endfacet
  facet normal 0.788125 -0.615515 0
    outer loop
      vertex 23.7731 21.7808 3.2
      vertex 23.838 21.8639 0
      vertex 23.838 21.8639 3.2
    endloop
  endfacet
  facet normal 0.788125 -0.615515 0
    outer loop
      vertex 23.838 21.8639 0
      vertex 23.7731 21.7808 3.2
      vertex 23.7731 21.7808 0
    endloop
  endfacet
  facet normal -0.893097 -0.449863 0
    outer loop
      vertex 27.4436 21.4192 0
      vertex 27.3961 21.5135 3.2
      vertex 27.3961 21.5135 0
    endloop
  endfacet
  facet normal -0.893097 -0.449863 0
    outer loop
      vertex 27.3961 21.5135 3.2
      vertex 27.4436 21.4192 0
      vertex 27.4436 21.4192 3.2
    endloop
  endfacet
  facet normal -0.724431 -0.689347 0
    outer loop
      vertex 27.093 21.9439 0
      vertex 27.0203 22.0203 3.2
      vertex 27.0203 22.0203 0
    endloop
  endfacet
  facet normal -0.724431 -0.689347 0
    outer loop
      vertex 27.0203 22.0203 3.2
      vertex 27.093 21.9439 0
      vertex 27.093 21.9439 3.2
    endloop
  endfacet
  facet normal -0.96364 -0.267204 0
    outer loop
      vertex 27.5856 21.0224 0
      vertex 27.5574 21.1241 3.2
      vertex 27.5574 21.1241 0
    endloop
  endfacet
  facet normal -0.96364 -0.267204 0
    outer loop
      vertex 27.5574 21.1241 3.2
      vertex 27.5856 21.0224 0
      vertex 27.5856 21.0224 3.2
    endloop
  endfacet
  facet normal 0.932979 -0.359931 0
    outer loop
      vertex 23.4757 21.2243 3.2
      vertex 23.5137 21.3228 0
      vertex 23.5137 21.3228 3.2
    endloop
  endfacet
  facet normal 0.932979 -0.359931 0
    outer loop
      vertex 23.5137 21.3228 0
      vertex 23.4757 21.2243 3.2
      vertex 23.4757 21.2243 0
    endloop
  endfacet
  facet normal -0.870103 -0.492869 0
    outer loop
      vertex 27.3961 21.5135 0
      vertex 27.3441 21.6053 3.2
      vertex 27.3441 21.6053 0
    endloop
  endfacet
  facet normal -0.870103 -0.492869 0
    outer loop
      vertex 27.3441 21.6053 3.2
      vertex 27.3961 21.5135 0
      vertex 27.3961 21.5135 3.2
    endloop
  endfacet
  facet normal 0.313668 0.949533 -0
    outer loop
      vertex 24.8759 18.4426 0
      vertex 24.7757 18.4757 3.2
      vertex 24.8759 18.4426 3.2
    endloop
  endfacet
  facet normal 0.313668 0.949533 0
    outer loop
      vertex 24.7757 18.4757 3.2
      vertex 24.8759 18.4426 0
      vertex 24.7757 18.4757 0
    endloop
  endfacet
  facet normal -0.914319 -0.404994 0
    outer loop
      vertex 27.4863 21.3228 0
      vertex 27.4436 21.4192 3.2
      vertex 27.4436 21.4192 0
    endloop
  endfacet
  facet normal -0.914319 -0.404994 0
    outer loop
      vertex 27.4436 21.4192 3.2
      vertex 27.4863 21.3228 0
      vertex 27.4863 21.3228 3.2
    endloop
  endfacet
  facet normal -0.689347 -0.724431 0
    outer loop
      vertex 26.9439 22.093 0
      vertex 27.0203 22.0203 3.2
      vertex 26.9439 22.093 3.2
    endloop
  endfacet
  facet normal -0.689347 -0.724431 -0
    outer loop
      vertex 27.0203 22.0203 3.2
      vertex 26.9439 22.093 0
      vertex 27.0203 22.0203 0
    endloop
  endfacet
  facet normal 0.845219 0.534421 0
    outer loop
      vertex 23.7123 19.3055 3.2
      vertex 23.6559 19.3947 0
      vertex 23.6559 19.3947 3.2
    endloop
  endfacet
  facet normal 0.845219 0.534421 0
    outer loop
      vertex 23.6559 19.3947 0
      vertex 23.7123 19.3055 3.2
      vertex 23.7123 19.3055 0
    endloop
  endfacet
  facet normal 0.870103 0.492869 0
    outer loop
      vertex 23.6559 19.3947 3.2
      vertex 23.6039 19.4865 0
      vertex 23.6039 19.4865 3.2
    endloop
  endfacet
  facet normal 0.870103 0.492869 0
    outer loop
      vertex 23.6039 19.4865 0
      vertex 23.6559 19.3947 3.2
      vertex 23.6559 19.3947 0
    endloop
  endfacet
  facet normal -0.997263 -0.0739415 0
    outer loop
      vertex 27.6474 20.6055 0
      vertex 27.6396 20.7107 3.2
      vertex 27.6396 20.7107 0
    endloop
  endfacet
  facet normal -0.997263 -0.0739415 0
    outer loop
      vertex 27.6396 20.7107 3.2
      vertex 27.6474 20.6055 0
      vertex 27.6474 20.6055 3.2
    endloop
  endfacet
  facet normal -0.992509 -0.12217 0
    outer loop
      vertex 27.6396 20.7107 0
      vertex 27.6267 20.8155 3.2
      vertex 27.6267 20.8155 0
    endloop
  endfacet
  facet normal -0.992509 -0.12217 0
    outer loop
      vertex 27.6267 20.8155 3.2
      vertex 27.6396 20.7107 0
      vertex 27.6396 20.7107 3.2
    endloop
  endfacet
  facet normal -0.932979 0.359931 0
    outer loop
      vertex 27.4863 19.6772 0
      vertex 27.5243 19.7757 3.2
      vertex 27.5243 19.7757 0
    endloop
  endfacet
  facet normal -0.932979 0.359931 0
    outer loop
      vertex 27.5243 19.7757 3.2
      vertex 27.4863 19.6772 0
      vertex 27.4863 19.6772 3.2
    endloop
  endfacet
  facet normal 0.218836 -0.975762 0
    outer loop
      vertex 24.9776 22.5856 0
      vertex 25.0806 22.6087 3.2
      vertex 24.9776 22.5856 3.2
    endloop
  endfacet
  facet normal 0.218836 -0.975762 0
    outer loop
      vertex 25.0806 22.6087 3.2
      vertex 24.9776 22.5856 0
      vertex 25.0806 22.6087 0
    endloop
  endfacet
  facet normal -0.817493 -0.575939 0
    outer loop
      vertex 27.2877 21.6945 0
      vertex 27.2269 21.7808 3.2
      vertex 27.2269 21.7808 0
    endloop
  endfacet
  facet normal -0.817493 -0.575939 0
    outer loop
      vertex 27.2269 21.7808 3.2
      vertex 27.2877 21.6945 0
      vertex 27.2877 21.6945 3.2
    endloop
  endfacet
  facet normal -0.817493 0.575939 0
    outer loop
      vertex 27.2269 19.2192 0
      vertex 27.2877 19.3055 3.2
      vertex 27.2877 19.3055 0
    endloop
  endfacet
  facet normal -0.817493 0.575939 0
    outer loop
      vertex 27.2877 19.3055 3.2
      vertex 27.2269 19.2192 0
      vertex 27.2269 19.2192 3.2
    endloop
  endfacet
  facet normal 0.534421 -0.845219 0
    outer loop
      vertex 24.3055 22.2877 0
      vertex 24.3947 22.3441 3.2
      vertex 24.3055 22.2877 3.2
    endloop
  endfacet
  facet normal 0.534421 -0.845219 0
    outer loop
      vertex 24.3947 22.3441 3.2
      vertex 24.3055 22.2877 0
      vertex 24.3947 22.3441 0
    endloop
  endfacet
  facet normal -0.492869 -0.870103 0
    outer loop
      vertex 26.5135 22.3961 0
      vertex 26.6053 22.3441 3.2
      vertex 26.5135 22.3961 3.2
    endloop
  endfacet
  facet normal -0.492869 -0.870103 -0
    outer loop
      vertex 26.6053 22.3441 3.2
      vertex 26.5135 22.3961 0
      vertex 26.6053 22.3441 0
    endloop
  endfacet
  facet normal -0.267204 -0.96364 0
    outer loop
      vertex 26.0224 22.5856 0
      vertex 26.1241 22.5574 3.2
      vertex 26.0224 22.5856 3.2
    endloop
  endfacet
  facet normal -0.267204 -0.96364 -0
    outer loop
      vertex 26.1241 22.5574 3.2
      vertex 26.0224 22.5856 0
      vertex 26.1241 22.5574 0
    endloop
  endfacet
  facet normal 0.653127 0.757249 -0
    outer loop
      vertex 24.1361 18.838 0
      vertex 24.0561 18.907 3.2
      vertex 24.1361 18.838 3.2
    endloop
  endfacet
  facet normal 0.653127 0.757249 0
    outer loop
      vertex 24.0561 18.907 3.2
      vertex 24.1361 18.838 0
      vertex 24.0561 18.907 0
    endloop
  endfacet
  facet normal -0.170701 -0.985323 0
    outer loop
      vertex 25.8155 22.6267 0
      vertex 25.9194 22.6087 3.2
      vertex 25.8155 22.6267 3.2
    endloop
  endfacet
  facet normal -0.170701 -0.985323 -0
    outer loop
      vertex 25.9194 22.6087 3.2
      vertex 25.8155 22.6267 0
      vertex 25.9194 22.6087 0
    endloop
  endfacet
  facet normal -0.313668 -0.949533 0
    outer loop
      vertex 26.1241 22.5574 0
      vertex 26.2243 22.5243 3.2
      vertex 26.1241 22.5574 3.2
    endloop
  endfacet
  facet normal -0.313668 -0.949533 -0
    outer loop
      vertex 26.2243 22.5243 3.2
      vertex 26.1241 22.5574 0
      vertex 26.2243 22.5243 0
    endloop
  endfacet
  facet normal -0.985323 -0.170701 0
    outer loop
      vertex 27.6267 20.8155 0
      vertex 27.6087 20.9194 3.2
      vertex 27.6087 20.9194 0
    endloop
  endfacet
  facet normal -0.985323 -0.170701 0
    outer loop
      vertex 27.6087 20.9194 3.2
      vertex 27.6267 20.8155 0
      vertex 27.6267 20.8155 3.2
    endloop
  endfacet
  facet normal -0.975762 -0.218836 0
    outer loop
      vertex 27.6087 20.9194 0
      vertex 27.5856 21.0224 3.2
      vertex 27.5856 21.0224 0
    endloop
  endfacet
  facet normal -0.975762 -0.218836 0
    outer loop
      vertex 27.5856 21.0224 3.2
      vertex 27.6087 20.9194 0
      vertex 27.6087 20.9194 3.2
    endloop
  endfacet
  facet normal -0.757249 -0.653127 0
    outer loop
      vertex 27.162 21.8639 0
      vertex 27.093 21.9439 3.2
      vertex 27.093 21.9439 0
    endloop
  endfacet
  facet normal -0.757249 -0.653127 0
    outer loop
      vertex 27.093 21.9439 3.2
      vertex 27.162 21.8639 0
      vertex 27.162 21.8639 3.2
    endloop
  endfacet
  facet normal -0.975762 0.218836 0
    outer loop
      vertex 27.5856 19.9776 0
      vertex 27.6087 20.0806 3.2
      vertex 27.6087 20.0806 0
    endloop
  endfacet
  facet normal -0.975762 0.218836 0
    outer loop
      vertex 27.6087 20.0806 3.2
      vertex 27.5856 19.9776 0
      vertex 27.5856 19.9776 3.2
    endloop
  endfacet
  facet normal 0.999696 0.0246371 0
    outer loop
      vertex 23.3526 20.3945 3.2
      vertex 23.35 20.5 0
      vertex 23.35 20.5 3.2
    endloop
  endfacet
  facet normal 0.999696 0.0246371 0
    outer loop
      vertex 23.35 20.5 0
      vertex 23.3526 20.3945 3.2
      vertex 23.3526 20.3945 0
    endloop
  endfacet
  facet normal 0.949533 -0.313668 0
    outer loop
      vertex 23.4426 21.1241 3.2
      vertex 23.4757 21.2243 0
      vertex 23.4757 21.2243 3.2
    endloop
  endfacet
  facet normal 0.949533 -0.313668 0
    outer loop
      vertex 23.4757 21.2243 0
      vertex 23.4426 21.1241 3.2
      vertex 23.4426 21.1241 0
    endloop
  endfacet
  facet normal -0.0739415 -0.997263 0
    outer loop
      vertex 25.6055 22.6474 0
      vertex 25.7107 22.6396 3.2
      vertex 25.6055 22.6474 3.2
    endloop
  endfacet
  facet normal -0.0739415 -0.997263 -0
    outer loop
      vertex 25.7107 22.6396 3.2
      vertex 25.6055 22.6474 0
      vertex 25.7107 22.6396 0
    endloop
  endfacet
  facet normal -0.12217 -0.992509 0
    outer loop
      vertex 25.7107 22.6396 0
      vertex 25.8155 22.6267 3.2
      vertex 25.7107 22.6396 3.2
    endloop
  endfacet
  facet normal -0.12217 -0.992509 -0
    outer loop
      vertex 25.8155 22.6267 3.2
      vertex 25.7107 22.6396 0
      vertex 25.8155 22.6267 0
    endloop
  endfacet
  facet normal -0.96364 0.267204 0
    outer loop
      vertex 27.5574 19.8759 0
      vertex 27.5856 19.9776 3.2
      vertex 27.5856 19.9776 0
    endloop
  endfacet
  facet normal -0.96364 0.267204 0
    outer loop
      vertex 27.5856 19.9776 3.2
      vertex 27.5574 19.8759 0
      vertex 27.5574 19.8759 3.2
    endloop
  endfacet
  facet normal -0.0246371 0.999696 0
    outer loop
      vertex 25.6055 18.3526 0
      vertex 25.5 18.35 3.2
      vertex 25.6055 18.3526 3.2
    endloop
  endfacet
  facet normal -0.0246371 0.999696 0
    outer loop
      vertex 25.5 18.35 3.2
      vertex 25.6055 18.3526 0
      vertex 25.5 18.35 0
    endloop
  endfacet
  facet normal 0.0739415 -0.997263 0
    outer loop
      vertex 25.2893 22.6396 0
      vertex 25.3945 22.6474 3.2
      vertex 25.2893 22.6396 3.2
    endloop
  endfacet
  facet normal 0.0739415 -0.997263 0
    outer loop
      vertex 25.3945 22.6474 3.2
      vertex 25.2893 22.6396 0
      vertex 25.3945 22.6474 0
    endloop
  endfacet
  facet normal -0.757249 0.653127 0
    outer loop
      vertex 27.093 19.0561 0
      vertex 27.162 19.1361 3.2
      vertex 27.162 19.1361 0
    endloop
  endfacet
  facet normal -0.757249 0.653127 0
    outer loop
      vertex 27.162 19.1361 3.2
      vertex 27.093 19.0561 0
      vertex 27.093 19.0561 3.2
    endloop
  endfacet
  facet normal -0.788125 0.615515 0
    outer loop
      vertex 27.162 19.1361 0
      vertex 27.2269 19.2192 3.2
      vertex 27.2269 19.2192 0
    endloop
  endfacet
  facet normal -0.788125 0.615515 0
    outer loop
      vertex 27.2269 19.2192 3.2
      vertex 27.162 19.1361 0
      vertex 27.162 19.1361 3.2
    endloop
  endfacet
  facet normal 0.985323 0.170701 0
    outer loop
      vertex 23.3913 20.0806 3.2
      vertex 23.3733 20.1845 0
      vertex 23.3733 20.1845 3.2
    endloop
  endfacet
  facet normal 0.985323 0.170701 0
    outer loop
      vertex 23.3733 20.1845 0
      vertex 23.3913 20.0806 3.2
      vertex 23.3913 20.0806 0
    endloop
  endfacet
  facet normal 0.0739415 0.997263 -0
    outer loop
      vertex 25.3945 18.3526 0
      vertex 25.2893 18.3604 3.2
      vertex 25.3945 18.3526 3.2
    endloop
  endfacet
  facet normal 0.0739415 0.997263 0
    outer loop
      vertex 25.2893 18.3604 3.2
      vertex 25.3945 18.3526 0
      vertex 25.2893 18.3604 0
    endloop
  endfacet
  facet normal -0.992509 0.12217 0
    outer loop
      vertex 27.6267 20.1845 0
      vertex 27.6396 20.2893 3.2
      vertex 27.6396 20.2893 0
    endloop
  endfacet
  facet normal -0.992509 0.12217 0
    outer loop
      vertex 27.6396 20.2893 3.2
      vertex 27.6267 20.1845 0
      vertex 27.6267 20.1845 3.2
    endloop
  endfacet
  facet normal -0.845219 -0.534421 0
    outer loop
      vertex 27.3441 21.6053 0
      vertex 27.2877 21.6945 3.2
      vertex 27.2877 21.6945 0
    endloop
  endfacet
  facet normal -0.845219 -0.534421 0
    outer loop
      vertex 27.2877 21.6945 3.2
      vertex 27.3441 21.6053 0
      vertex 27.3441 21.6053 3.2
    endloop
  endfacet
  facet normal 0.267204 -0.96364 0
    outer loop
      vertex 24.8759 22.5574 0
      vertex 24.9776 22.5856 3.2
      vertex 24.8759 22.5574 3.2
    endloop
  endfacet
  facet normal 0.267204 -0.96364 0
    outer loop
      vertex 24.9776 22.5856 3.2
      vertex 24.8759 22.5574 0
      vertex 24.9776 22.5856 0
    endloop
  endfacet
  facet normal 0.992509 -0.12217 0
    outer loop
      vertex 23.3604 20.7107 3.2
      vertex 23.3733 20.8155 0
      vertex 23.3733 20.8155 3.2
    endloop
  endfacet
  facet normal 0.992509 -0.12217 0
    outer loop
      vertex 23.3733 20.8155 0
      vertex 23.3604 20.7107 3.2
      vertex 23.3604 20.7107 0
    endloop
  endfacet
  facet normal -0.932979 -0.359931 0
    outer loop
      vertex 27.5243 21.2243 0
      vertex 27.4863 21.3228 3.2
      vertex 27.4863 21.3228 0
    endloop
  endfacet
  facet normal -0.932979 -0.359931 0
    outer loop
      vertex 27.4863 21.3228 3.2
      vertex 27.5243 21.2243 0
      vertex 27.5243 21.2243 3.2
    endloop
  endfacet
  facet normal -0.985323 0.170701 0
    outer loop
      vertex 27.6087 20.0806 0
      vertex 27.6267 20.1845 3.2
      vertex 27.6267 20.1845 0
    endloop
  endfacet
  facet normal -0.985323 0.170701 0
    outer loop
      vertex 27.6267 20.1845 3.2
      vertex 27.6087 20.0806 0
      vertex 27.6087 20.0806 3.2
    endloop
  endfacet
  facet normal -0.653127 -0.757249 0
    outer loop
      vertex 26.8639 22.162 0
      vertex 26.9439 22.093 3.2
      vertex 26.8639 22.162 3.2
    endloop
  endfacet
  facet normal -0.653127 -0.757249 -0
    outer loop
      vertex 26.9439 22.093 3.2
      vertex 26.8639 22.162 0
      vertex 26.9439 22.093 0
    endloop
  endfacet
  facet normal 0.449863 -0.893097 0
    outer loop
      vertex 24.4865 22.3961 0
      vertex 24.5808 22.4436 3.2
      vertex 24.4865 22.3961 3.2
    endloop
  endfacet
  facet normal 0.449863 -0.893097 0
    outer loop
      vertex 24.5808 22.4436 3.2
      vertex 24.4865 22.3961 0
      vertex 24.5808 22.4436 0
    endloop
  endfacet
  facet normal 0.985323 -0.170701 0
    outer loop
      vertex 23.3733 20.8155 3.2
      vertex 23.3913 20.9194 0
      vertex 23.3913 20.9194 3.2
    endloop
  endfacet
  facet normal 0.985323 -0.170701 0
    outer loop
      vertex 23.3913 20.9194 0
      vertex 23.3733 20.8155 3.2
      vertex 23.3733 20.8155 0
    endloop
  endfacet
  facet normal 0.914319 0.404994 0
    outer loop
      vertex 23.5564 19.5808 3.2
      vertex 23.5137 19.6772 0
      vertex 23.5137 19.6772 3.2
    endloop
  endfacet
  facet normal 0.914319 0.404994 0
    outer loop
      vertex 23.5137 19.6772 0
      vertex 23.5564 19.5808 3.2
      vertex 23.5564 19.5808 0
    endloop
  endfacet
  facet normal -0.404994 0.914319 0
    outer loop
      vertex 26.4192 18.5564 0
      vertex 26.3228 18.5137 3.2
      vertex 26.4192 18.5564 3.2
    endloop
  endfacet
  facet normal -0.404994 0.914319 0
    outer loop
      vertex 26.3228 18.5137 3.2
      vertex 26.4192 18.5564 0
      vertex 26.3228 18.5137 0
    endloop
  endfacet
  facet normal 0.999696 -0.0246371 0
    outer loop
      vertex 23.35 20.5 3.2
      vertex 23.3526 20.6055 0
      vertex 23.3526 20.6055 3.2
    endloop
  endfacet
  facet normal 0.999696 -0.0246371 0
    outer loop
      vertex 23.3526 20.6055 0
      vertex 23.35 20.5 3.2
      vertex 23.35 20.5 0
    endloop
  endfacet
  facet normal -0.997263 0.0739415 0
    outer loop
      vertex 27.6396 20.2893 0
      vertex 27.6474 20.3945 3.2
      vertex 27.6474 20.3945 0
    endloop
  endfacet
  facet normal -0.997263 0.0739415 0
    outer loop
      vertex 27.6474 20.3945 3.2
      vertex 27.6396 20.2893 0
      vertex 27.6396 20.2893 3.2
    endloop
  endfacet
  facet normal -0.492869 0.870103 0
    outer loop
      vertex 26.6053 18.6559 0
      vertex 26.5135 18.6039 3.2
      vertex 26.6053 18.6559 3.2
    endloop
  endfacet
  facet normal -0.492869 0.870103 0
    outer loop
      vertex 26.5135 18.6039 3.2
      vertex 26.6053 18.6559 0
      vertex 26.5135 18.6039 0
    endloop
  endfacet
  facet normal 0.0246371 0.999696 -0
    outer loop
      vertex 25.5 18.35 0
      vertex 25.3945 18.3526 3.2
      vertex 25.5 18.35 3.2
    endloop
  endfacet
  facet normal 0.0246371 0.999696 0
    outer loop
      vertex 25.3945 18.3526 3.2
      vertex 25.5 18.35 0
      vertex 25.3945 18.3526 0
    endloop
  endfacet
  facet normal 0.359931 -0.932979 0
    outer loop
      vertex 24.6772 22.4863 0
      vertex 24.7757 22.5243 3.2
      vertex 24.6772 22.4863 3.2
    endloop
  endfacet
  facet normal 0.359931 -0.932979 0
    outer loop
      vertex 24.7757 22.5243 3.2
      vertex 24.6772 22.4863 0
      vertex 24.7757 22.5243 0
    endloop
  endfacet
  facet normal 0.724431 0.689347 0
    outer loop
      vertex 23.9797 18.9797 3.2
      vertex 23.907 19.0561 0
      vertex 23.907 19.0561 3.2
    endloop
  endfacet
  facet normal 0.724431 0.689347 0
    outer loop
      vertex 23.907 19.0561 0
      vertex 23.9797 18.9797 3.2
      vertex 23.9797 18.9797 0
    endloop
  endfacet
  facet normal 0.404994 -0.914319 0
    outer loop
      vertex 24.5808 22.4436 0
      vertex 24.6772 22.4863 3.2
      vertex 24.5808 22.4436 3.2
    endloop
  endfacet
  facet normal 0.404994 -0.914319 0
    outer loop
      vertex 24.6772 22.4863 3.2
      vertex 24.5808 22.4436 0
      vertex 24.6772 22.4863 0
    endloop
  endfacet
  facet normal 0.170701 -0.985323 0
    outer loop
      vertex 25.0806 22.6087 0
      vertex 25.1845 22.6267 3.2
      vertex 25.0806 22.6087 3.2
    endloop
  endfacet
  facet normal 0.170701 -0.985323 0
    outer loop
      vertex 25.1845 22.6267 3.2
      vertex 25.0806 22.6087 0
      vertex 25.1845 22.6267 0
    endloop
  endfacet
  facet normal 0.689347 -0.724431 0
    outer loop
      vertex 23.9797 22.0203 0
      vertex 24.0561 22.093 3.2
      vertex 23.9797 22.0203 3.2
    endloop
  endfacet
  facet normal 0.689347 -0.724431 0
    outer loop
      vertex 24.0561 22.093 3.2
      vertex 23.9797 22.0203 0
      vertex 24.0561 22.093 0
    endloop
  endfacet
  facet normal -0.449863 0.893097 0
    outer loop
      vertex 26.5135 18.6039 0
      vertex 26.4192 18.5564 3.2
      vertex 26.5135 18.6039 3.2
    endloop
  endfacet
  facet normal -0.449863 0.893097 0
    outer loop
      vertex 26.4192 18.5564 3.2
      vertex 26.5135 18.6039 0
      vertex 26.4192 18.5564 0
    endloop
  endfacet
  facet normal -0.893097 0.449863 0
    outer loop
      vertex 27.3961 19.4865 0
      vertex 27.4436 19.5808 3.2
      vertex 27.4436 19.5808 0
    endloop
  endfacet
  facet normal -0.893097 0.449863 0
    outer loop
      vertex 27.4436 19.5808 3.2
      vertex 27.3961 19.4865 0
      vertex 27.3961 19.4865 3.2
    endloop
  endfacet
  facet normal 0.12217 -0.992509 0
    outer loop
      vertex 25.1845 22.6267 0
      vertex 25.2893 22.6396 3.2
      vertex 25.1845 22.6267 3.2
    endloop
  endfacet
  facet normal 0.12217 -0.992509 0
    outer loop
      vertex 25.2893 22.6396 3.2
      vertex 25.1845 22.6267 0
      vertex 25.2893 22.6396 0
    endloop
  endfacet
  facet normal -0.12217 0.992509 0
    outer loop
      vertex 25.8155 18.3733 0
      vertex 25.7107 18.3604 3.2
      vertex 25.8155 18.3733 3.2
    endloop
  endfacet
  facet normal -0.12217 0.992509 0
    outer loop
      vertex 25.7107 18.3604 3.2
      vertex 25.8155 18.3733 0
      vertex 25.7107 18.3604 0
    endloop
  endfacet
  facet normal -0.170701 0.985323 0
    outer loop
      vertex 25.9194 18.3913 0
      vertex 25.8155 18.3733 3.2
      vertex 25.9194 18.3913 3.2
    endloop
  endfacet
  facet normal -0.170701 0.985323 0
    outer loop
      vertex 25.8155 18.3733 3.2
      vertex 25.9194 18.3913 0
      vertex 25.8155 18.3733 0
    endloop
  endfacet
  facet normal 0.997263 0.0739415 0
    outer loop
      vertex 23.3604 20.2893 3.2
      vertex 23.3526 20.3945 0
      vertex 23.3526 20.3945 3.2
    endloop
  endfacet
  facet normal 0.997263 0.0739415 0
    outer loop
      vertex 23.3526 20.3945 0
      vertex 23.3604 20.2893 3.2
      vertex 23.3604 20.2893 0
    endloop
  endfacet
  facet normal 0.893097 -0.449863 0
    outer loop
      vertex 23.5564 21.4192 3.2
      vertex 23.6039 21.5135 0
      vertex 23.6039 21.5135 3.2
    endloop
  endfacet
  facet normal 0.893097 -0.449863 0
    outer loop
      vertex 23.6039 21.5135 0
      vertex 23.5564 21.4192 3.2
      vertex 23.5564 21.4192 0
    endloop
  endfacet
  facet normal -0.534421 0.845219 0
    outer loop
      vertex 26.6945 18.7123 0
      vertex 26.6053 18.6559 3.2
      vertex 26.6945 18.7123 3.2
    endloop
  endfacet
  facet normal -0.534421 0.845219 0
    outer loop
      vertex 26.6053 18.6559 3.2
      vertex 26.6945 18.7123 0
      vertex 26.6053 18.6559 0
    endloop
  endfacet
  facet normal 0.975762 -0.218836 0
    outer loop
      vertex 23.3913 20.9194 3.2
      vertex 23.4144 21.0224 0
      vertex 23.4144 21.0224 3.2
    endloop
  endfacet
  facet normal 0.975762 -0.218836 0
    outer loop
      vertex 23.4144 21.0224 0
      vertex 23.3913 20.9194 3.2
      vertex 23.3913 20.9194 0
    endloop
  endfacet
  facet normal -0.914319 0.404994 0
    outer loop
      vertex 27.4436 19.5808 0
      vertex 27.4863 19.6772 3.2
      vertex 27.4863 19.6772 0
    endloop
  endfacet
  facet normal -0.914319 0.404994 0
    outer loop
      vertex 27.4863 19.6772 3.2
      vertex 27.4436 19.5808 0
      vertex 27.4436 19.5808 3.2
    endloop
  endfacet
  facet normal 0.845219 -0.534421 0
    outer loop
      vertex 23.6559 21.6053 3.2
      vertex 23.7123 21.6945 0
      vertex 23.7123 21.6945 3.2
    endloop
  endfacet
  facet normal 0.845219 -0.534421 0
    outer loop
      vertex 23.7123 21.6945 0
      vertex 23.6559 21.6053 3.2
      vertex 23.6559 21.6053 0
    endloop
  endfacet
  facet normal 0.757249 -0.653127 0
    outer loop
      vertex 23.838 21.8639 3.2
      vertex 23.907 21.9439 0
      vertex 23.907 21.9439 3.2
    endloop
  endfacet
  facet normal 0.757249 -0.653127 0
    outer loop
      vertex 23.907 21.9439 0
      vertex 23.838 21.8639 3.2
      vertex 23.838 21.8639 0
    endloop
  endfacet
  facet normal -0.267204 0.96364 0
    outer loop
      vertex 26.1241 18.4426 0
      vertex 26.0224 18.4144 3.2
      vertex 26.1241 18.4426 3.2
    endloop
  endfacet
  facet normal -0.267204 0.96364 0
    outer loop
      vertex 26.0224 18.4144 3.2
      vertex 26.1241 18.4426 0
      vertex 26.0224 18.4144 0
    endloop
  endfacet
  facet normal 0.975762 0.218836 0
    outer loop
      vertex 23.4144 19.9776 3.2
      vertex 23.3913 20.0806 0
      vertex 23.3913 20.0806 3.2
    endloop
  endfacet
  facet normal 0.975762 0.218836 0
    outer loop
      vertex 23.3913 20.0806 0
      vertex 23.4144 19.9776 3.2
      vertex 23.4144 19.9776 0
    endloop
  endfacet
  facet normal -0.313668 0.949533 0
    outer loop
      vertex 26.2243 18.4757 0
      vertex 26.1241 18.4426 3.2
      vertex 26.2243 18.4757 3.2
    endloop
  endfacet
  facet normal -0.313668 0.949533 0
    outer loop
      vertex 26.1241 18.4426 3.2
      vertex 26.2243 18.4757 0
      vertex 26.1241 18.4426 0
    endloop
  endfacet
  facet normal 0.575939 -0.817493 0
    outer loop
      vertex 24.2192 22.2269 0
      vertex 24.3055 22.2877 3.2
      vertex 24.2192 22.2269 3.2
    endloop
  endfacet
  facet normal 0.575939 -0.817493 0
    outer loop
      vertex 24.3055 22.2877 3.2
      vertex 24.2192 22.2269 0
      vertex 24.3055 22.2877 0
    endloop
  endfacet
  facet normal -0.949533 0.313668 0
    outer loop
      vertex 27.5243 19.7757 0
      vertex 27.5574 19.8759 3.2
      vertex 27.5574 19.8759 0
    endloop
  endfacet
  facet normal -0.949533 0.313668 0
    outer loop
      vertex 27.5574 19.8759 3.2
      vertex 27.5243 19.7757 0
      vertex 27.5243 19.7757 3.2
    endloop
  endfacet
  facet normal 0.96364 -0.267204 0
    outer loop
      vertex 23.4144 21.0224 3.2
      vertex 23.4426 21.1241 0
      vertex 23.4426 21.1241 3.2
    endloop
  endfacet
  facet normal 0.96364 -0.267204 0
    outer loop
      vertex 23.4426 21.1241 0
      vertex 23.4144 21.0224 3.2
      vertex 23.4144 21.0224 0
    endloop
  endfacet
  facet normal -0.689347 0.724431 0
    outer loop
      vertex 27.0203 18.9797 0
      vertex 26.9439 18.907 3.2
      vertex 27.0203 18.9797 3.2
    endloop
  endfacet
  facet normal -0.689347 0.724431 0
    outer loop
      vertex 26.9439 18.907 3.2
      vertex 27.0203 18.9797 0
      vertex 26.9439 18.907 0
    endloop
  endfacet
  facet normal -0.653127 0.757249 0
    outer loop
      vertex 26.9439 18.907 0
      vertex 26.8639 18.838 3.2
      vertex 26.9439 18.907 3.2
    endloop
  endfacet
  facet normal -0.653127 0.757249 0
    outer loop
      vertex 26.8639 18.838 3.2
      vertex 26.9439 18.907 0
      vertex 26.8639 18.838 0
    endloop
  endfacet
  facet normal 0.817493 -0.575939 0
    outer loop
      vertex 23.7123 21.6945 3.2
      vertex 23.7731 21.7808 0
      vertex 23.7731 21.7808 3.2
    endloop
  endfacet
  facet normal 0.817493 -0.575939 0
    outer loop
      vertex 23.7731 21.7808 0
      vertex 23.7123 21.6945 3.2
      vertex 23.7123 21.6945 0
    endloop
  endfacet
  facet normal 0.653127 -0.757249 0
    outer loop
      vertex 24.0561 22.093 0
      vertex 24.1361 22.162 3.2
      vertex 24.0561 22.093 3.2
    endloop
  endfacet
  facet normal 0.653127 -0.757249 0
    outer loop
      vertex 24.1361 22.162 3.2
      vertex 24.0561 22.093 0
      vertex 24.1361 22.162 0
    endloop
  endfacet
  facet normal 0.615515 -0.788125 0
    outer loop
      vertex 24.1361 22.162 0
      vertex 24.2192 22.2269 3.2
      vertex 24.1361 22.162 3.2
    endloop
  endfacet
  facet normal 0.615515 -0.788125 0
    outer loop
      vertex 24.2192 22.2269 3.2
      vertex 24.1361 22.162 0
      vertex 24.2192 22.2269 0
    endloop
  endfacet
  facet normal 0.997263 -0.0739415 0
    outer loop
      vertex 23.3526 20.6055 3.2
      vertex 23.3604 20.7107 0
      vertex 23.3604 20.7107 3.2
    endloop
  endfacet
  facet normal 0.997263 -0.0739415 0
    outer loop
      vertex 23.3604 20.7107 0
      vertex 23.3526 20.6055 3.2
      vertex 23.3526 20.6055 0
    endloop
  endfacet
  facet normal 0.313668 -0.949533 0
    outer loop
      vertex 24.7757 22.5243 0
      vertex 24.8759 22.5574 3.2
      vertex 24.7757 22.5243 3.2
    endloop
  endfacet
  facet normal 0.313668 -0.949533 0
    outer loop
      vertex 24.8759 22.5574 3.2
      vertex 24.7757 22.5243 0
      vertex 24.8759 22.5574 0
    endloop
  endfacet
  facet normal -0.575939 0.817493 0
    outer loop
      vertex 26.7808 18.7731 0
      vertex 26.6945 18.7123 3.2
      vertex 26.7808 18.7731 3.2
    endloop
  endfacet
  facet normal -0.575939 0.817493 0
    outer loop
      vertex 26.6945 18.7123 3.2
      vertex 26.7808 18.7731 0
      vertex 26.6945 18.7123 0
    endloop
  endfacet
  facet normal -0.615515 0.788125 0
    outer loop
      vertex 26.8639 18.838 0
      vertex 26.7808 18.7731 3.2
      vertex 26.8639 18.838 3.2
    endloop
  endfacet
  facet normal -0.615515 0.788125 0
    outer loop
      vertex 26.7808 18.7731 3.2
      vertex 26.8639 18.838 0
      vertex 26.7808 18.7731 0
    endloop
  endfacet
  facet normal 0.218836 0.975762 -0
    outer loop
      vertex 25.0806 18.3913 0
      vertex 24.9776 18.4144 3.2
      vertex 25.0806 18.3913 3.2
    endloop
  endfacet
  facet normal 0.218836 0.975762 0
    outer loop
      vertex 24.9776 18.4144 3.2
      vertex 25.0806 18.3913 0
      vertex 24.9776 18.4144 0
    endloop
  endfacet
  facet normal 0.817493 0.575939 0
    outer loop
      vertex 23.7731 19.2192 3.2
      vertex 23.7123 19.3055 0
      vertex 23.7123 19.3055 3.2
    endloop
  endfacet
  facet normal 0.817493 0.575939 0
    outer loop
      vertex 23.7123 19.3055 0
      vertex 23.7731 19.2192 3.2
      vertex 23.7731 19.2192 0
    endloop
  endfacet
  facet normal -0.845219 0.534421 0
    outer loop
      vertex 27.2877 19.3055 0
      vertex 27.3441 19.3947 3.2
      vertex 27.3441 19.3947 0
    endloop
  endfacet
  facet normal -0.845219 0.534421 0
    outer loop
      vertex 27.3441 19.3947 3.2
      vertex 27.2877 19.3055 0
      vertex 27.2877 19.3055 3.2
    endloop
  endfacet
  facet normal 0.870103 -0.492869 0
    outer loop
      vertex 23.6039 21.5135 3.2
      vertex 23.6559 21.6053 0
      vertex 23.6559 21.6053 3.2
    endloop
  endfacet
  facet normal 0.870103 -0.492869 0
    outer loop
      vertex 23.6559 21.6053 0
      vertex 23.6039 21.5135 3.2
      vertex 23.6039 21.5135 0
    endloop
  endfacet
  facet normal 0.449863 0.893097 -0
    outer loop
      vertex 24.5808 18.5564 0
      vertex 24.4865 18.6039 3.2
      vertex 24.5808 18.5564 3.2
    endloop
  endfacet
  facet normal 0.449863 0.893097 0
    outer loop
      vertex 24.4865 18.6039 3.2
      vertex 24.5808 18.5564 0
      vertex 24.4865 18.6039 0
    endloop
  endfacet
  facet normal 0.96364 0.267204 0
    outer loop
      vertex 23.4426 19.8759 3.2
      vertex 23.4144 19.9776 0
      vertex 23.4144 19.9776 3.2
    endloop
  endfacet
  facet normal 0.96364 0.267204 0
    outer loop
      vertex 23.4144 19.9776 0
      vertex 23.4426 19.8759 3.2
      vertex 23.4426 19.8759 0
    endloop
  endfacet
  facet normal 0.404994 0.914319 -0
    outer loop
      vertex 24.6772 18.5137 0
      vertex 24.5808 18.5564 3.2
      vertex 24.6772 18.5137 3.2
    endloop
  endfacet
  facet normal 0.404994 0.914319 0
    outer loop
      vertex 24.5808 18.5564 3.2
      vertex 24.6772 18.5137 0
      vertex 24.5808 18.5564 0
    endloop
  endfacet
  facet normal -0.218836 -0.975762 0
    outer loop
      vertex 25.9194 22.6087 0
      vertex 26.0224 22.5856 3.2
      vertex 25.9194 22.6087 3.2
    endloop
  endfacet
  facet normal -0.218836 -0.975762 -0
    outer loop
      vertex 26.0224 22.5856 3.2
      vertex 25.9194 22.6087 0
      vertex 26.0224 22.5856 0
    endloop
  endfacet
  facet normal 0.893097 0.449863 0
    outer loop
      vertex 23.6039 19.4865 3.2
      vertex 23.5564 19.5808 0
      vertex 23.5564 19.5808 3.2
    endloop
  endfacet
  facet normal 0.893097 0.449863 0
    outer loop
      vertex 23.5564 19.5808 0
      vertex 23.6039 19.4865 3.2
      vertex 23.6039 19.4865 0
    endloop
  endfacet
  facet normal 0.359931 0.932979 -0
    outer loop
      vertex 24.7757 18.4757 0
      vertex 24.6772 18.5137 3.2
      vertex 24.7757 18.4757 3.2
    endloop
  endfacet
  facet normal 0.359931 0.932979 0
    outer loop
      vertex 24.6772 18.5137 3.2
      vertex 24.7757 18.4757 0
      vertex 24.6772 18.5137 0
    endloop
  endfacet
  facet normal 0.266442 0.963851 -0
    outer loop
      vertex 11.6598 -22.558 10
      vertex 11.5936 -22.5397 17.7
      vertex 11.6598 -22.558 17.7
    endloop
  endfacet
  facet normal 0.266442 0.963851 0
    outer loop
      vertex 11.5936 -22.5397 17.7
      vertex 11.6598 -22.558 10
      vertex 11.5936 -22.5397 10
    endloop
  endfacet
  facet normal -0.266442 0.963851 0
    outer loop
      vertex 12.4064 -22.5397 10
      vertex 12.3402 -22.558 17.7
      vertex 12.4064 -22.5397 17.7
    endloop
  endfacet
  facet normal -0.266442 0.963851 0
    outer loop
      vertex 12.3402 -22.558 17.7
      vertex 12.4064 -22.5397 10
      vertex 12.3402 -22.558 10
    endloop
  endfacet
  facet normal -0.723653 0.690164 0
    outer loop
      vertex 12.9899 -22.1899 10
      vertex 13.0373 -22.1402 17.7
      vertex 13.0373 -22.1402 10
    endloop
  endfacet
  facet normal -0.723653 0.690164 0
    outer loop
      vertex 13.0373 -22.1402 17.7
      vertex 12.9899 -22.1899 10
      vertex 12.9899 -22.1899 17.7
    endloop
  endfacet
  facet normal 0.534048 0.845454 -0
    outer loop
      vertex 11.2803 -22.4008 10
      vertex 11.2222 -22.3641 17.7
      vertex 11.2803 -22.4008 17.7
    endloop
  endfacet
  facet normal 0.534048 0.845454 0
    outer loop
      vertex 11.2222 -22.3641 17.7
      vertex 11.2803 -22.4008 10
      vertex 11.2222 -22.3641 10
    endloop
  endfacet
  facet normal -0.575998 0.817451 0
    outer loop
      vertex 12.834 -22.3245 10
      vertex 12.7778 -22.3641 17.7
      vertex 12.834 -22.3245 17.7
    endloop
  endfacet
  facet normal -0.575998 0.817451 0
    outer loop
      vertex 12.7778 -22.3641 17.7
      vertex 12.834 -22.3245 10
      vertex 12.7778 -22.3641 10
    endloop
  endfacet
  facet normal 0.756888 0.653544 0
    outer loop
      vertex 10.9627 -22.1402 17.7
      vertex 10.9178 -22.0882 10
      vertex 10.9178 -22.0882 17.7
    endloop
  endfacet
  facet normal 0.756888 0.653544 0
    outer loop
      vertex 10.9178 -22.0882 10
      vertex 10.9627 -22.1402 17.7
      vertex 10.9627 -22.1402 10
    endloop
  endfacet
  facet normal -0.170297 0.985393 0
    outer loop
      vertex 12.2731 -22.5731 10
      vertex 12.2054 -22.5848 17.7
      vertex 12.2731 -22.5731 17.7
    endloop
  endfacet
  facet normal -0.170297 0.985393 0
    outer loop
      vertex 12.2054 -22.5848 17.7
      vertex 12.2731 -22.5731 10
      vertex 12.2054 -22.5848 10
    endloop
  endfacet
  facet normal 0.869584 0.493784 0
    outer loop
      vertex 10.7992 -21.9197 17.7
      vertex 10.7653 -21.86 10
      vertex 10.7653 -21.86 17.7
    endloop
  endfacet
  facet normal 0.869584 0.493784 0
    outer loop
      vertex 10.7653 -21.86 10
      vertex 10.7992 -21.9197 17.7
      vertex 10.7992 -21.9197 10
    endloop
  endfacet
  facet normal 0.534048 -0.845454 0
    outer loop
      vertex 11.2222 -20.0359 10
      vertex 11.2803 -19.9992 17.7
      vertex 11.2222 -20.0359 17.7
    endloop
  endfacet
  facet normal 0.534048 -0.845454 0
    outer loop
      vertex 11.2803 -19.9992 17.7
      vertex 11.2222 -20.0359 10
      vertex 11.2803 -19.9992 10
    endloop
  endfacet
  facet normal -0.999694 -0.0247377 0
    outer loop
      vertex 13.4 -21.2 10
      vertex 13.3983 -21.1313 17.7
      vertex 13.3983 -21.1313 10
    endloop
  endfacet
  facet normal -0.999694 -0.0247377 0
    outer loop
      vertex 13.3983 -21.1313 17.7
      vertex 13.4 -21.2 10
      vertex 13.4 -21.2 17.7
    endloop
  endfacet
  facet normal -0.313167 -0.949698 0
    outer loop
      vertex 12.4064 -19.8603 10
      vertex 12.4716 -19.8818 17.7
      vertex 12.4064 -19.8603 17.7
    endloop
  endfacet
  facet normal -0.313167 -0.949698 -0
    outer loop
      vertex 12.4716 -19.8818 17.7
      vertex 12.4064 -19.8603 10
      vertex 12.4716 -19.8818 10
    endloop
  endfacet
  facet normal 0.0247377 -0.999694 0
    outer loop
      vertex 11.9313 -19.8017 10
      vertex 12 -19.8 17.7
      vertex 11.9313 -19.8017 17.7
    endloop
  endfacet
  facet normal 0.0247377 -0.999694 0
    outer loop
      vertex 12 -19.8 17.7
      vertex 11.9313 -19.8017 10
      vertex 12 -19.8 10
    endloop
  endfacet
  facet normal 0.653544 0.756888 -0
    outer loop
      vertex 11.1118 -22.2822 10
      vertex 11.0598 -22.2373 17.7
      vertex 11.1118 -22.2822 17.7
    endloop
  endfacet
  facet normal 0.653544 0.756888 0
    outer loop
      vertex 11.0598 -22.2373 17.7
      vertex 11.1118 -22.2822 10
      vertex 11.0598 -22.2373 10
    endloop
  endfacet
  facet normal 0.575998 0.817451 -0
    outer loop
      vertex 11.2222 -22.3641 10
      vertex 11.166 -22.3245 17.7
      vertex 11.2222 -22.3641 17.7
    endloop
  endfacet
  facet normal 0.575998 0.817451 0
    outer loop
      vertex 11.166 -22.3245 17.7
      vertex 11.2222 -22.3641 10
      vertex 11.166 -22.3245 10
    endloop
  endfacet
  facet normal 0.914411 -0.404787 0
    outer loop
      vertex 10.7066 -20.6642 17.7
      vertex 10.7344 -20.6014 10
      vertex 10.7344 -20.6014 17.7
    endloop
  endfacet
  facet normal 0.914411 -0.404787 0
    outer loop
      vertex 10.7344 -20.6014 10
      vertex 10.7066 -20.6642 17.7
      vertex 10.7066 -20.6642 10
    endloop
  endfacet
  facet normal -0.0247377 0.999694 0
    outer loop
      vertex 12.0687 -22.5983 10
      vertex 12 -22.6 17.7
      vertex 12.0687 -22.5983 17.7
    endloop
  endfacet
  facet normal -0.0247377 0.999694 0
    outer loop
      vertex 12 -22.6 17.7
      vertex 12.0687 -22.5983 10
      vertex 12 -22.6 10
    endloop
  endfacet
  facet normal 0.975602 0.219547 0
    outer loop
      vertex 10.642 -21.5402 17.7
      vertex 10.6269 -21.4731 10
      vertex 10.6269 -21.4731 17.7
    endloop
  endfacet
  facet normal 0.975602 0.219547 0
    outer loop
      vertex 10.6269 -21.4731 10
      vertex 10.642 -21.5402 17.7
      vertex 10.642 -21.5402 10
    endloop
  endfacet
  facet normal -0.985393 -0.170297 0
    outer loop
      vertex 13.3848 -20.9946 10
      vertex 13.3731 -20.9269 17.7
      vertex 13.3731 -20.9269 10
    endloop
  endfacet
  facet normal -0.985393 -0.170297 0
    outer loop
      vertex 13.3731 -20.9269 17.7
      vertex 13.3848 -20.9946 10
      vertex 13.3848 -20.9946 17.7
    endloop
  endfacet
  facet normal 0.93282 0.360342 0
    outer loop
      vertex 10.7066 -21.7358 17.7
      vertex 10.6818 -21.6716 10
      vertex 10.6818 -21.6716 17.7
    endloop
  endfacet
  facet normal 0.93282 0.360342 0
    outer loop
      vertex 10.6818 -21.6716 10
      vertex 10.7066 -21.7358 17.7
      vertex 10.7066 -21.7358 10
    endloop
  endfacet
  facet normal -0.93282 -0.360342 0
    outer loop
      vertex 13.3182 -20.7284 10
      vertex 13.2934 -20.6642 17.7
      vertex 13.2934 -20.6642 10
    endloop
  endfacet
  facet normal -0.93282 -0.360342 0
    outer loop
      vertex 13.2934 -20.6642 17.7
      vertex 13.3182 -20.7284 10
      vertex 13.3182 -20.7284 17.7
    endloop
  endfacet
  facet normal 0.688673 -0.725072 0
    outer loop
      vertex 11.01 -20.21 10
      vertex 11.0598 -20.1627 17.7
      vertex 11.01 -20.21 17.7
    endloop
  endfacet
  facet normal 0.688673 -0.725072 0
    outer loop
      vertex 11.0598 -20.1627 17.7
      vertex 11.01 -20.21 10
      vertex 11.0598 -20.1627 10
    endloop
  endfacet
  facet normal 0.949698 0.313167 0
    outer loop
      vertex 10.6818 -21.6716 17.7
      vertex 10.6603 -21.6064 10
      vertex 10.6603 -21.6064 17.7
    endloop
  endfacet
  facet normal 0.949698 0.313167 0
    outer loop
      vertex 10.6603 -21.6064 10
      vertex 10.6818 -21.6716 17.7
      vertex 10.6818 -21.6716 10
    endloop
  endfacet
  facet normal -0.0247377 -0.999694 0
    outer loop
      vertex 12 -19.8 10
      vertex 12.0687 -19.8017 17.7
      vertex 12 -19.8 17.7
    endloop
  endfacet
  facet normal -0.0247377 -0.999694 -0
    outer loop
      vertex 12.0687 -19.8017 17.7
      vertex 12 -19.8 10
      vertex 12.0687 -19.8017 10
    endloop
  endfacet
  facet normal -0.575998 -0.817451 0
    outer loop
      vertex 12.7778 -20.0359 10
      vertex 12.834 -20.0755 17.7
      vertex 12.7778 -20.0359 17.7
    endloop
  endfacet
  facet normal -0.575998 -0.817451 -0
    outer loop
      vertex 12.834 -20.0755 17.7
      vertex 12.7778 -20.0359 10
      vertex 12.834 -20.0755 10
    endloop
  endfacet
  facet normal -0.985393 0.170297 0
    outer loop
      vertex 13.3731 -21.4731 10
      vertex 13.3848 -21.4054 17.7
      vertex 13.3848 -21.4054 10
    endloop
  endfacet
  facet normal -0.985393 0.170297 0
    outer loop
      vertex 13.3848 -21.4054 17.7
      vertex 13.3731 -21.4731 10
      vertex 13.3731 -21.4731 17.7
    endloop
  endfacet
  facet normal 0.170297 0.985393 -0
    outer loop
      vertex 11.7946 -22.5848 10
      vertex 11.7269 -22.5731 17.7
      vertex 11.7946 -22.5848 17.7
    endloop
  endfacet
  facet normal 0.170297 0.985393 0
    outer loop
      vertex 11.7269 -22.5731 17.7
      vertex 11.7946 -22.5848 10
      vertex 11.7269 -22.5731 10
    endloop
  endfacet
  facet normal -0.992323 -0.123677 0
    outer loop
      vertex 13.3933 -21.0628 10
      vertex 13.3848 -20.9946 17.7
      vertex 13.3848 -20.9946 10
    endloop
  endfacet
  facet normal -0.992323 -0.123677 0
    outer loop
      vertex 13.3848 -20.9946 17.7
      vertex 13.3933 -21.0628 10
      vertex 13.3933 -21.0628 17.7
    endloop
  endfacet
  facet normal 0.313167 0.949698 -0
    outer loop
      vertex 11.5936 -22.5397 10
      vertex 11.5284 -22.5182 17.7
      vertex 11.5936 -22.5397 17.7
    endloop
  endfacet
  facet normal 0.313167 0.949698 0
    outer loop
      vertex 11.5284 -22.5182 17.7
      vertex 11.5936 -22.5397 10
      vertex 11.5284 -22.5182 10
    endloop
  endfacet
  facet normal -0.360342 -0.93282 0
    outer loop
      vertex 12.4716 -19.8818 10
      vertex 12.5358 -19.9066 17.7
      vertex 12.4716 -19.8818 17.7
    endloop
  endfacet
  facet normal -0.360342 -0.93282 -0
    outer loop
      vertex 12.5358 -19.9066 17.7
      vertex 12.4716 -19.8818 10
      vertex 12.5358 -19.9066 10
    endloop
  endfacet
  facet normal -0.975602 -0.219547 0
    outer loop
      vertex 13.3731 -20.9269 10
      vertex 13.358 -20.8598 17.7
      vertex 13.358 -20.8598 10
    endloop
  endfacet
  facet normal -0.975602 -0.219547 0
    outer loop
      vertex 13.358 -20.8598 17.7
      vertex 13.3731 -20.9269 10
      vertex 13.3731 -20.9269 17.7
    endloop
  endfacet
  facet normal 0.949698 -0.313167 0
    outer loop
      vertex 10.6603 -20.7936 17.7
      vertex 10.6818 -20.7284 10
      vertex 10.6818 -20.7284 17.7
    endloop
  endfacet
  facet normal 0.949698 -0.313167 0
    outer loop
      vertex 10.6818 -20.7284 10
      vertex 10.6603 -20.7936 17.7
      vertex 10.6603 -20.7936 10
    endloop
  endfacet
  facet normal -0.949698 0.313167 0
    outer loop
      vertex 13.3182 -21.6716 10
      vertex 13.3397 -21.6064 17.7
      vertex 13.3397 -21.6064 10
    endloop
  endfacet
  facet normal -0.949698 0.313167 0
    outer loop
      vertex 13.3397 -21.6064 17.7
      vertex 13.3182 -21.6716 10
      vertex 13.3182 -21.6716 17.7
    endloop
  endfacet
  facet normal -0.266442 -0.963851 0
    outer loop
      vertex 12.3402 -19.842 10
      vertex 12.4064 -19.8603 17.7
      vertex 12.3402 -19.842 17.7
    endloop
  endfacet
  facet normal -0.266442 -0.963851 -0
    outer loop
      vertex 12.4064 -19.8603 17.7
      vertex 12.3402 -19.842 10
      vertex 12.4064 -19.8603 10
    endloop
  endfacet
  facet normal -0.219547 0.975602 0
    outer loop
      vertex 12.3402 -22.558 10
      vertex 12.2731 -22.5731 17.7
      vertex 12.3402 -22.558 17.7
    endloop
  endfacet
  facet normal -0.219547 0.975602 0
    outer loop
      vertex 12.2731 -22.5731 17.7
      vertex 12.3402 -22.558 10
      vertex 12.2731 -22.5731 10
    endloop
  endfacet
  facet normal 0.653544 -0.756888 0
    outer loop
      vertex 11.0598 -20.1627 10
      vertex 11.1118 -20.1178 17.7
      vertex 11.0598 -20.1627 17.7
    endloop
  endfacet
  facet normal 0.653544 -0.756888 0
    outer loop
      vertex 11.1118 -20.1178 17.7
      vertex 11.0598 -20.1627 10
      vertex 11.1118 -20.1178 10
    endloop
  endfacet
  facet normal -0.999694 0.0247377 0
    outer loop
      vertex 13.3983 -21.2687 10
      vertex 13.4 -21.2 17.7
      vertex 13.4 -21.2 10
    endloop
  endfacet
  facet normal -0.999694 0.0247377 0
    outer loop
      vertex 13.4 -21.2 17.7
      vertex 13.3983 -21.2687 10
      vertex 13.3983 -21.2687 17.7
    endloop
  endfacet
  facet normal -0.360342 0.93282 0
    outer loop
      vertex 12.5358 -22.4934 10
      vertex 12.4716 -22.5182 17.7
      vertex 12.5358 -22.4934 17.7
    endloop
  endfacet
  facet normal -0.360342 0.93282 0
    outer loop
      vertex 12.4716 -22.5182 17.7
      vertex 12.5358 -22.4934 10
      vertex 12.4716 -22.5182 10
    endloop
  endfacet
  facet normal 0.985393 0.170297 0
    outer loop
      vertex 10.6269 -21.4731 17.7
      vertex 10.6152 -21.4054 10
      vertex 10.6152 -21.4054 17.7
    endloop
  endfacet
  facet normal 0.985393 0.170297 0
    outer loop
      vertex 10.6152 -21.4054 10
      vertex 10.6269 -21.4731 17.7
      vertex 10.6269 -21.4731 10
    endloop
  endfacet
  facet normal -0.788333 -0.615249 0
    outer loop
      vertex 13.1245 -20.366 10
      vertex 13.0822 -20.3118 17.7
      vertex 13.0822 -20.3118 10
    endloop
  endfacet
  facet normal -0.788333 -0.615249 0
    outer loop
      vertex 13.0822 -20.3118 17.7
      vertex 13.1245 -20.366 10
      vertex 13.1245 -20.366 17.7
    endloop
  endfacet
  facet normal -0.615249 0.788333 0
    outer loop
      vertex 12.8882 -22.2822 10
      vertex 12.834 -22.3245 17.7
      vertex 12.8882 -22.2822 17.7
    endloop
  endfacet
  facet normal -0.615249 0.788333 0
    outer loop
      vertex 12.834 -22.3245 17.7
      vertex 12.8882 -22.2822 10
      vertex 12.834 -22.3245 10
    endloop
  endfacet
  facet normal -0.6894 -0.724381 0
    outer loop
      vertex 12.9402 -20.1627 10
      vertex 12.9899 -20.21 17.7
      vertex 12.9402 -20.1627 17.7
    endloop
  endfacet
  facet normal -0.6894 -0.724381 -0
    outer loop
      vertex 12.9899 -20.21 17.7
      vertex 12.9402 -20.1627 10
      vertex 12.9899 -20.21 10
    endloop
  endfacet
  facet normal -0.404787 -0.914411 0
    outer loop
      vertex 12.5358 -19.9066 10
      vertex 12.5986 -19.9344 17.7
      vertex 12.5358 -19.9066 17.7
    endloop
  endfacet
  facet normal -0.404787 -0.914411 -0
    outer loop
      vertex 12.5986 -19.9344 17.7
      vertex 12.5358 -19.9066 10
      vertex 12.5986 -19.9344 10
    endloop
  endfacet
  facet normal 0.615249 -0.788333 0
    outer loop
      vertex 11.1118 -20.1178 10
      vertex 11.166 -20.0755 17.7
      vertex 11.1118 -20.1178 17.7
    endloop
  endfacet
  facet normal 0.615249 -0.788333 0
    outer loop
      vertex 11.166 -20.0755 17.7
      vertex 11.1118 -20.1178 10
      vertex 11.166 -20.0755 10
    endloop
  endfacet
  facet normal -0.997347 -0.072799 0
    outer loop
      vertex 13.3983 -21.1313 10
      vertex 13.3933 -21.0628 17.7
      vertex 13.3933 -21.0628 10
    endloop
  endfacet
  facet normal -0.997347 -0.072799 0
    outer loop
      vertex 13.3933 -21.0628 17.7
      vertex 13.3983 -21.1313 10
      vertex 13.3983 -21.1313 17.7
    endloop
  endfacet
  facet normal -0.123677 -0.992323 0
    outer loop
      vertex 12.1372 -19.8067 10
      vertex 12.2054 -19.8152 17.7
      vertex 12.1372 -19.8067 17.7
    endloop
  endfacet
  facet normal -0.123677 -0.992323 -0
    outer loop
      vertex 12.2054 -19.8152 17.7
      vertex 12.1372 -19.8067 10
      vertex 12.2054 -19.8152 10
    endloop
  endfacet
  facet normal 0.170297 -0.985393 0
    outer loop
      vertex 11.7269 -19.8269 10
      vertex 11.7946 -19.8152 17.7
      vertex 11.7269 -19.8269 17.7
    endloop
  endfacet
  facet normal 0.170297 -0.985393 0
    outer loop
      vertex 11.7946 -19.8152 17.7
      vertex 11.7269 -19.8269 10
      vertex 11.7946 -19.8152 10
    endloop
  endfacet
  facet normal 0.788333 0.615249 0
    outer loop
      vertex 10.9178 -22.0882 17.7
      vertex 10.8755 -22.034 10
      vertex 10.8755 -22.034 17.7
    endloop
  endfacet
  facet normal 0.788333 0.615249 0
    outer loop
      vertex 10.8755 -22.034 10
      vertex 10.9178 -22.0882 17.7
      vertex 10.9178 -22.0882 10
    endloop
  endfacet
  facet normal 0.123677 -0.992323 0
    outer loop
      vertex 11.7946 -19.8152 10
      vertex 11.8628 -19.8067 17.7
      vertex 11.7946 -19.8152 17.7
    endloop
  endfacet
  facet normal 0.123677 -0.992323 0
    outer loop
      vertex 11.8628 -19.8067 17.7
      vertex 11.7946 -19.8152 10
      vertex 11.8628 -19.8067 10
    endloop
  endfacet
  facet normal -0.404787 0.914411 0
    outer loop
      vertex 12.5986 -22.4656 10
      vertex 12.5358 -22.4934 17.7
      vertex 12.5986 -22.4656 17.7
    endloop
  endfacet
  facet normal -0.404787 0.914411 0
    outer loop
      vertex 12.5358 -22.4934 17.7
      vertex 12.5986 -22.4656 10
      vertex 12.5358 -22.4934 10
    endloop
  endfacet
  facet normal 0.788333 -0.615249 0
    outer loop
      vertex 10.8755 -20.366 17.7
      vertex 10.9178 -20.3118 10
      vertex 10.9178 -20.3118 17.7
    endloop
  endfacet
  facet normal 0.788333 -0.615249 0
    outer loop
      vertex 10.9178 -20.3118 10
      vertex 10.8755 -20.366 17.7
      vertex 10.8755 -20.366 10
    endloop
  endfacet
  facet normal -0.992323 0.123677 0
    outer loop
      vertex 13.3848 -21.4054 10
      vertex 13.3933 -21.3372 17.7
      vertex 13.3933 -21.3372 10
    endloop
  endfacet
  facet normal -0.992323 0.123677 0
    outer loop
      vertex 13.3933 -21.3372 17.7
      vertex 13.3848 -21.4054 10
      vertex 13.3848 -21.4054 17.7
    endloop
  endfacet
  facet normal 0.44954 -0.89326 0
    outer loop
      vertex 11.34 -19.9653 10
      vertex 11.4014 -19.9344 17.7
      vertex 11.34 -19.9653 17.7
    endloop
  endfacet
  facet normal 0.44954 -0.89326 0
    outer loop
      vertex 11.4014 -19.9344 17.7
      vertex 11.34 -19.9653 10
      vertex 11.4014 -19.9344 10
    endloop
  endfacet
  facet normal -0.44954 -0.89326 0
    outer loop
      vertex 12.5986 -19.9344 10
      vertex 12.66 -19.9653 17.7
      vertex 12.5986 -19.9344 17.7
    endloop
  endfacet
  facet normal -0.44954 -0.89326 -0
    outer loop
      vertex 12.66 -19.9653 17.7
      vertex 12.5986 -19.9344 10
      vertex 12.66 -19.9653 10
    endloop
  endfacet
  facet normal -0.756888 0.653544 0
    outer loop
      vertex 13.0373 -22.1402 10
      vertex 13.0822 -22.0882 17.7
      vertex 13.0822 -22.0882 10
    endloop
  endfacet
  facet normal -0.756888 0.653544 0
    outer loop
      vertex 13.0822 -22.0882 17.7
      vertex 13.0373 -22.1402 10
      vertex 13.0373 -22.1402 17.7
    endloop
  endfacet
  facet normal -0.89326 -0.44954 0
    outer loop
      vertex 13.2656 -20.6014 10
      vertex 13.2347 -20.54 17.7
      vertex 13.2347 -20.54 10
    endloop
  endfacet
  facet normal -0.89326 -0.44954 0
    outer loop
      vertex 13.2347 -20.54 17.7
      vertex 13.2656 -20.6014 10
      vertex 13.2656 -20.6014 17.7
    endloop
  endfacet
  facet normal -0.997347 0.072799 0
    outer loop
      vertex 13.3933 -21.3372 10
      vertex 13.3983 -21.2687 17.7
      vertex 13.3983 -21.2687 10
    endloop
  endfacet
  facet normal -0.997347 0.072799 0
    outer loop
      vertex 13.3983 -21.2687 17.7
      vertex 13.3933 -21.3372 10
      vertex 13.3933 -21.3372 17.7
    endloop
  endfacet
  facet normal 0.575998 -0.817451 0
    outer loop
      vertex 11.166 -20.0755 10
      vertex 11.2222 -20.0359 17.7
      vertex 11.166 -20.0755 17.7
    endloop
  endfacet
  facet normal 0.575998 -0.817451 0
    outer loop
      vertex 11.2222 -20.0359 17.7
      vertex 11.166 -20.0755 10
      vertex 11.2222 -20.0359 10
    endloop
  endfacet
  facet normal -0.975602 0.219547 0
    outer loop
      vertex 13.358 -21.5402 10
      vertex 13.3731 -21.4731 17.7
      vertex 13.3731 -21.4731 10
    endloop
  endfacet
  facet normal -0.975602 0.219547 0
    outer loop
      vertex 13.3731 -21.4731 17.7
      vertex 13.358 -21.5402 10
      vertex 13.358 -21.5402 17.7
    endloop
  endfacet
  facet normal 0.404787 -0.914411 0
    outer loop
      vertex 11.4014 -19.9344 10
      vertex 11.4642 -19.9066 17.7
      vertex 11.4014 -19.9344 17.7
    endloop
  endfacet
  facet normal 0.404787 -0.914411 0
    outer loop
      vertex 11.4642 -19.9066 17.7
      vertex 11.4014 -19.9344 10
      vertex 11.4642 -19.9066 10
    endloop
  endfacet
  facet normal -0.44954 0.89326 0
    outer loop
      vertex 12.66 -22.4347 10
      vertex 12.5986 -22.4656 17.7
      vertex 12.66 -22.4347 17.7
    endloop
  endfacet
  facet normal -0.44954 0.89326 0
    outer loop
      vertex 12.5986 -22.4656 17.7
      vertex 12.66 -22.4347 10
      vertex 12.5986 -22.4656 10
    endloop
  endfacet
  facet normal 0.725072 -0.688673 0
    outer loop
      vertex 10.9627 -20.2598 17.7
      vertex 11.01 -20.21 10
      vertex 11.01 -20.21 17.7
    endloop
  endfacet
  facet normal 0.725072 -0.688673 0
    outer loop
      vertex 11.01 -20.21 10
      vertex 10.9627 -20.2598 17.7
      vertex 10.9627 -20.2598 10
    endloop
  endfacet
  facet normal 0.93282 -0.360342 0
    outer loop
      vertex 10.6818 -20.7284 17.7
      vertex 10.7066 -20.6642 10
      vertex 10.7066 -20.6642 17.7
    endloop
  endfacet
  facet normal 0.93282 -0.360342 0
    outer loop
      vertex 10.7066 -20.6642 10
      vertex 10.6818 -20.7284 17.7
      vertex 10.6818 -20.7284 10
    endloop
  endfacet
  facet normal -0.914411 -0.404787 0
    outer loop
      vertex 13.2934 -20.6642 10
      vertex 13.2656 -20.6014 17.7
      vertex 13.2656 -20.6014 10
    endloop
  endfacet
  facet normal -0.914411 -0.404787 0
    outer loop
      vertex 13.2656 -20.6014 17.7
      vertex 13.2934 -20.6642 10
      vertex 13.2934 -20.6642 17.7
    endloop
  endfacet
  facet normal 0.985393 -0.170297 0
    outer loop
      vertex 10.6152 -20.9946 17.7
      vertex 10.6269 -20.9269 10
      vertex 10.6269 -20.9269 17.7
    endloop
  endfacet
  facet normal 0.985393 -0.170297 0
    outer loop
      vertex 10.6269 -20.9269 10
      vertex 10.6152 -20.9946 17.7
      vertex 10.6152 -20.9946 10
    endloop
  endfacet
  facet normal -0.845454 0.534048 0
    outer loop
      vertex 13.1641 -21.9778 10
      vertex 13.2008 -21.9197 17.7
      vertex 13.2008 -21.9197 10
    endloop
  endfacet
  facet normal -0.845454 0.534048 0
    outer loop
      vertex 13.2008 -21.9197 17.7
      vertex 13.1641 -21.9778 10
      vertex 13.1641 -21.9778 17.7
    endloop
  endfacet
  facet normal -0.817451 -0.575998 0
    outer loop
      vertex 13.1641 -20.4222 10
      vertex 13.1245 -20.366 17.7
      vertex 13.1245 -20.366 10
    endloop
  endfacet
  facet normal -0.817451 -0.575998 0
    outer loop
      vertex 13.1245 -20.366 17.7
      vertex 13.1641 -20.4222 10
      vertex 13.1641 -20.4222 17.7
    endloop
  endfacet
  facet normal -0.534048 -0.845454 0
    outer loop
      vertex 12.7197 -19.9992 10
      vertex 12.7778 -20.0359 17.7
      vertex 12.7197 -19.9992 17.7
    endloop
  endfacet
  facet normal -0.534048 -0.845454 -0
    outer loop
      vertex 12.7778 -20.0359 17.7
      vertex 12.7197 -19.9992 10
      vertex 12.7778 -20.0359 10
    endloop
  endfacet
  facet normal 0.845454 -0.534048 0
    outer loop
      vertex 10.7992 -20.4803 17.7
      vertex 10.8359 -20.4222 10
      vertex 10.8359 -20.4222 17.7
    endloop
  endfacet
  facet normal 0.845454 -0.534048 0
    outer loop
      vertex 10.8359 -20.4222 10
      vertex 10.7992 -20.4803 17.7
      vertex 10.7992 -20.4803 10
    endloop
  endfacet
  facet normal -0.170297 -0.985393 0
    outer loop
      vertex 12.2054 -19.8152 10
      vertex 12.2731 -19.8269 17.7
      vertex 12.2054 -19.8152 17.7
    endloop
  endfacet
  facet normal -0.170297 -0.985393 -0
    outer loop
      vertex 12.2731 -19.8269 17.7
      vertex 12.2054 -19.8152 10
      vertex 12.2731 -19.8269 10
    endloop
  endfacet
  facet normal -0.817451 0.575998 0
    outer loop
      vertex 13.1245 -22.034 10
      vertex 13.1641 -21.9778 17.7
      vertex 13.1641 -21.9778 10
    endloop
  endfacet
  facet normal -0.817451 0.575998 0
    outer loop
      vertex 13.1641 -21.9778 17.7
      vertex 13.1245 -22.034 10
      vertex 13.1245 -22.034 17.7
    endloop
  endfacet
  facet normal -0.845454 -0.534048 0
    outer loop
      vertex 13.2008 -20.4803 10
      vertex 13.1641 -20.4222 17.7
      vertex 13.1641 -20.4222 10
    endloop
  endfacet
  facet normal -0.845454 -0.534048 0
    outer loop
      vertex 13.1641 -20.4222 17.7
      vertex 13.2008 -20.4803 10
      vertex 13.2008 -20.4803 17.7
    endloop
  endfacet
  facet normal 0.817451 -0.575998 0
    outer loop
      vertex 10.8359 -20.4222 17.7
      vertex 10.8755 -20.366 10
      vertex 10.8755 -20.366 17.7
    endloop
  endfacet
  facet normal 0.817451 -0.575998 0
    outer loop
      vertex 10.8755 -20.366 10
      vertex 10.8359 -20.4222 17.7
      vertex 10.8359 -20.4222 10
    endloop
  endfacet
  facet normal -0.949698 -0.313167 0
    outer loop
      vertex 13.3397 -20.7936 10
      vertex 13.3182 -20.7284 17.7
      vertex 13.3182 -20.7284 10
    endloop
  endfacet
  facet normal -0.949698 -0.313167 0
    outer loop
      vertex 13.3182 -20.7284 17.7
      vertex 13.3397 -20.7936 10
      vertex 13.3397 -20.7936 17.7
    endloop
  endfacet
  facet normal -0.072799 -0.997347 0
    outer loop
      vertex 12.0687 -19.8017 10
      vertex 12.1372 -19.8067 17.7
      vertex 12.0687 -19.8017 17.7
    endloop
  endfacet
  facet normal -0.072799 -0.997347 -0
    outer loop
      vertex 12.1372 -19.8067 17.7
      vertex 12.0687 -19.8017 10
      vertex 12.1372 -19.8067 10
    endloop
  endfacet
  facet normal -0.724345 -0.689437 0
    outer loop
      vertex 13.0373 -20.2598 10
      vertex 12.9899 -20.21 17.7
      vertex 12.9899 -20.21 10
    endloop
  endfacet
  facet normal -0.724345 -0.689437 0
    outer loop
      vertex 12.9899 -20.21 17.7
      vertex 13.0373 -20.2598 10
      vertex 13.0373 -20.2598 17.7
    endloop
  endfacet
  facet normal -0.653544 0.756888 0
    outer loop
      vertex 12.9402 -22.2373 10
      vertex 12.8882 -22.2822 17.7
      vertex 12.9402 -22.2373 17.7
    endloop
  endfacet
  facet normal -0.653544 0.756888 0
    outer loop
      vertex 12.8882 -22.2822 17.7
      vertex 12.9402 -22.2373 10
      vertex 12.8882 -22.2822 10
    endloop
  endfacet
  facet normal 0.724381 0.6894 0
    outer loop
      vertex 11.01 -22.1899 17.7
      vertex 10.9627 -22.1402 10
      vertex 10.9627 -22.1402 17.7
    endloop
  endfacet
  facet normal 0.724381 0.6894 0
    outer loop
      vertex 10.9627 -22.1402 10
      vertex 11.01 -22.1899 17.7
      vertex 11.01 -22.1899 10
    endloop
  endfacet
  facet normal -0.615249 -0.788333 0
    outer loop
      vertex 12.834 -20.0755 10
      vertex 12.8882 -20.1178 17.7
      vertex 12.834 -20.0755 17.7
    endloop
  endfacet
  facet normal -0.615249 -0.788333 -0
    outer loop
      vertex 12.8882 -20.1178 17.7
      vertex 12.834 -20.0755 10
      vertex 12.8882 -20.1178 10
    endloop
  endfacet
  facet normal 0.997347 0.072799 0
    outer loop
      vertex 10.6067 -21.3372 17.7
      vertex 10.6017 -21.2687 10
      vertex 10.6017 -21.2687 17.7
    endloop
  endfacet
  facet normal 0.997347 0.072799 0
    outer loop
      vertex 10.6017 -21.2687 10
      vertex 10.6067 -21.3372 17.7
      vertex 10.6067 -21.3372 10
    endloop
  endfacet
  facet normal -0.653544 -0.756888 0
    outer loop
      vertex 12.8882 -20.1178 10
      vertex 12.9402 -20.1627 17.7
      vertex 12.8882 -20.1178 17.7
    endloop
  endfacet
  facet normal -0.653544 -0.756888 -0
    outer loop
      vertex 12.9402 -20.1627 17.7
      vertex 12.8882 -20.1178 10
      vertex 12.9402 -20.1627 10
    endloop
  endfacet
  facet normal -0.869584 -0.493784 0
    outer loop
      vertex 13.2347 -20.54 10
      vertex 13.2008 -20.4803 17.7
      vertex 13.2008 -20.4803 10
    endloop
  endfacet
  facet normal -0.869584 -0.493784 0
    outer loop
      vertex 13.2008 -20.4803 17.7
      vertex 13.2347 -20.54 10
      vertex 13.2347 -20.54 17.7
    endloop
  endfacet
  facet normal -0.963851 -0.266442 0
    outer loop
      vertex 13.358 -20.8598 10
      vertex 13.3397 -20.7936 17.7
      vertex 13.3397 -20.7936 10
    endloop
  endfacet
  facet normal -0.963851 -0.266442 0
    outer loop
      vertex 13.3397 -20.7936 17.7
      vertex 13.358 -20.8598 10
      vertex 13.358 -20.8598 17.7
    endloop
  endfacet
  facet normal -0.690164 0.723653 0
    outer loop
      vertex 12.9899 -22.1899 10
      vertex 12.9402 -22.2373 17.7
      vertex 12.9899 -22.1899 17.7
    endloop
  endfacet
  facet normal -0.690164 0.723653 0
    outer loop
      vertex 12.9402 -22.2373 17.7
      vertex 12.9899 -22.1899 10
      vertex 12.9402 -22.2373 10
    endloop
  endfacet
  facet normal -0.963851 0.266442 0
    outer loop
      vertex 13.3397 -21.6064 10
      vertex 13.358 -21.5402 17.7
      vertex 13.358 -21.5402 10
    endloop
  endfacet
  facet normal -0.963851 0.266442 0
    outer loop
      vertex 13.358 -21.5402 17.7
      vertex 13.3397 -21.6064 10
      vertex 13.3397 -21.6064 17.7
    endloop
  endfacet
  facet normal 0.999694 -0.0247377 0
    outer loop
      vertex 10.6 -21.2 17.7
      vertex 10.6017 -21.1313 10
      vertex 10.6017 -21.1313 17.7
    endloop
  endfacet
  facet normal 0.999694 -0.0247377 0
    outer loop
      vertex 10.6017 -21.1313 10
      vertex 10.6 -21.2 17.7
      vertex 10.6 -21.2 10
    endloop
  endfacet
  facet normal 0.756888 -0.653544 0
    outer loop
      vertex 10.9178 -20.3118 17.7
      vertex 10.9627 -20.2598 10
      vertex 10.9627 -20.2598 17.7
    endloop
  endfacet
  facet normal 0.756888 -0.653544 0
    outer loop
      vertex 10.9627 -20.2598 10
      vertex 10.9178 -20.3118 17.7
      vertex 10.9178 -20.3118 10
    endloop
  endfacet
  facet normal 0.072799 -0.997347 0
    outer loop
      vertex 11.8628 -19.8067 10
      vertex 11.9313 -19.8017 17.7
      vertex 11.8628 -19.8067 17.7
    endloop
  endfacet
  facet normal 0.072799 -0.997347 0
    outer loop
      vertex 11.9313 -19.8017 17.7
      vertex 11.8628 -19.8067 10
      vertex 11.9313 -19.8017 10
    endloop
  endfacet
  facet normal 0.360342 0.93282 -0
    outer loop
      vertex 11.5284 -22.5182 10
      vertex 11.4642 -22.4934 17.7
      vertex 11.5284 -22.5182 17.7
    endloop
  endfacet
  facet normal 0.360342 0.93282 0
    outer loop
      vertex 11.4642 -22.4934 17.7
      vertex 11.5284 -22.5182 10
      vertex 11.4642 -22.4934 10
    endloop
  endfacet
  facet normal 0.360342 -0.93282 0
    outer loop
      vertex 11.4642 -19.9066 10
      vertex 11.5284 -19.8818 17.7
      vertex 11.4642 -19.9066 17.7
    endloop
  endfacet
  facet normal 0.360342 -0.93282 0
    outer loop
      vertex 11.5284 -19.8818 17.7
      vertex 11.4642 -19.9066 10
      vertex 11.5284 -19.8818 10
    endloop
  endfacet
  facet normal 0.313167 -0.949698 0
    outer loop
      vertex 11.5284 -19.8818 10
      vertex 11.5936 -19.8603 17.7
      vertex 11.5284 -19.8818 17.7
    endloop
  endfacet
  facet normal 0.313167 -0.949698 0
    outer loop
      vertex 11.5936 -19.8603 17.7
      vertex 11.5284 -19.8818 10
      vertex 11.5936 -19.8603 10
    endloop
  endfacet
  facet normal -0.493784 -0.869584 0
    outer loop
      vertex 12.66 -19.9653 10
      vertex 12.7197 -19.9992 17.7
      vertex 12.66 -19.9653 17.7
    endloop
  endfacet
  facet normal -0.493784 -0.869584 -0
    outer loop
      vertex 12.7197 -19.9992 17.7
      vertex 12.66 -19.9653 10
      vertex 12.7197 -19.9992 10
    endloop
  endfacet
  facet normal 0.493784 0.869584 -0
    outer loop
      vertex 11.34 -22.4347 10
      vertex 11.2803 -22.4008 17.7
      vertex 11.34 -22.4347 17.7
    endloop
  endfacet
  facet normal 0.493784 0.869584 0
    outer loop
      vertex 11.2803 -22.4008 17.7
      vertex 11.34 -22.4347 10
      vertex 11.2803 -22.4008 10
    endloop
  endfacet
  facet normal -0.869584 0.493784 0
    outer loop
      vertex 13.2008 -21.9197 10
      vertex 13.2347 -21.86 17.7
      vertex 13.2347 -21.86 10
    endloop
  endfacet
  facet normal -0.869584 0.493784 0
    outer loop
      vertex 13.2347 -21.86 17.7
      vertex 13.2008 -21.9197 10
      vertex 13.2008 -21.9197 17.7
    endloop
  endfacet
  facet normal -0.788333 0.615249 0
    outer loop
      vertex 13.0822 -22.0882 10
      vertex 13.1245 -22.034 17.7
      vertex 13.1245 -22.034 10
    endloop
  endfacet
  facet normal -0.788333 0.615249 0
    outer loop
      vertex 13.1245 -22.034 17.7
      vertex 13.0822 -22.0882 10
      vertex 13.0822 -22.0882 17.7
    endloop
  endfacet
  facet normal -0.756888 -0.653544 0
    outer loop
      vertex 13.0822 -20.3118 10
      vertex 13.0373 -20.2598 17.7
      vertex 13.0373 -20.2598 10
    endloop
  endfacet
  facet normal -0.756888 -0.653544 0
    outer loop
      vertex 13.0373 -20.2598 17.7
      vertex 13.0822 -20.3118 10
      vertex 13.0822 -20.3118 17.7
    endloop
  endfacet
  facet normal 0 0 1
    outer loop
      vertex 13.3983 -21.1313 10
      vertex 13.3983 -21.2687 10
      vertex 13.4 -21.2 10
    endloop
  endfacet
  facet normal 0 0 1
    outer loop
      vertex 13.3933 -21.0628 10
      vertex 13.3983 -21.2687 10
      vertex 13.3983 -21.1313 10
    endloop
  endfacet
  facet normal 0 0 1
    outer loop
      vertex 13.3933 -21.0628 10
      vertex 13.3933 -21.3372 10
      vertex 13.3983 -21.2687 10
    endloop
  endfacet
  facet normal 0 0 1
    outer loop
      vertex 13.3848 -20.9946 10
      vertex 13.3933 -21.3372 10
      vertex 13.3933 -21.0628 10
    endloop
  endfacet
  facet normal 0 0 1
    outer loop
      vertex 13.3848 -20.9946 10
      vertex 13.3848 -21.4054 10
      vertex 13.3933 -21.3372 10
    endloop
  endfacet
  facet normal 0 0 1
    outer loop
      vertex 13.3731 -20.9269 10
      vertex 13.3848 -21.4054 10
      vertex 13.3848 -20.9946 10
    endloop
  endfacet
  facet normal 0 0 1
    outer loop
      vertex 13.3731 -20.9269 10
      vertex 13.3731 -21.4731 10
      vertex 13.3848 -21.4054 10
    endloop
  endfacet
  facet normal 0 0 1
    outer loop
      vertex 13.358 -20.8598 10
      vertex 13.3731 -21.4731 10
      vertex 13.3731 -20.9269 10
    endloop
  endfacet
  facet normal 0 0 1
    outer loop
      vertex 13.358 -20.8598 10
      vertex 13.358 -21.5402 10
      vertex 13.3731 -21.4731 10
    endloop
  endfacet
  facet normal 0 0 1
    outer loop
      vertex 13.3397 -20.7936 10
      vertex 13.358 -21.5402 10
      vertex 13.358 -20.8598 10
    endloop
  endfacet
  facet normal 0 0 1
    outer loop
      vertex 13.3397 -20.7936 10
      vertex 13.3397 -21.6064 10
      vertex 13.358 -21.5402 10
    endloop
  endfacet
  facet normal 0 0 1
    outer loop
      vertex 13.3182 -20.7284 10
      vertex 13.3397 -21.6064 10
      vertex 13.3397 -20.7936 10
    endloop
  endfacet
  facet normal 0 0 1
    outer loop
      vertex 13.3182 -20.7284 10
      vertex 13.3182 -21.6716 10
      vertex 13.3397 -21.6064 10
    endloop
  endfacet
  facet normal 0 0 1
    outer loop
      vertex 13.2934 -20.6642 10
      vertex 13.3182 -21.6716 10
      vertex 13.3182 -20.7284 10
    endloop
  endfacet
  facet normal 0 0 1
    outer loop
      vertex 13.2934 -20.6642 10
      vertex 13.2934 -21.7358 10
      vertex 13.3182 -21.6716 10
    endloop
  endfacet
  facet normal 0 0 1
    outer loop
      vertex 13.2656 -20.6014 10
      vertex 13.2934 -21.7358 10
      vertex 13.2934 -20.6642 10
    endloop
  endfacet
  facet normal 0 0 1
    outer loop
      vertex 13.2656 -20.6014 10
      vertex 13.2656 -21.7986 10
      vertex 13.2934 -21.7358 10
    endloop
  endfacet
  facet normal 0 0 1
    outer loop
      vertex 13.2347 -20.54 10
      vertex 13.2656 -21.7986 10
      vertex 13.2656 -20.6014 10
    endloop
  endfacet
  facet normal 0 0 1
    outer loop
      vertex 13.2347 -20.54 10
      vertex 13.2347 -21.86 10
      vertex 13.2656 -21.7986 10
    endloop
  endfacet
  facet normal 0 0 1
    outer loop
      vertex 13.2008 -20.4803 10
      vertex 13.2347 -21.86 10
      vertex 13.2347 -20.54 10
    endloop
  endfacet
  facet normal 0 0 1
    outer loop
      vertex 13.2008 -20.4803 10
      vertex 13.2008 -21.9197 10
      vertex 13.2347 -21.86 10
    endloop
  endfacet
  facet normal 0 0 1
    outer loop
      vertex 13.1641 -20.4222 10
      vertex 13.2008 -21.9197 10
      vertex 13.2008 -20.4803 10
    endloop
  endfacet
  facet normal 0 0 1
    outer loop
      vertex 13.1641 -20.4222 10
      vertex 13.1641 -21.9778 10
      vertex 13.2008 -21.9197 10
    endloop
  endfacet
  facet normal 0 0 1
    outer loop
      vertex 13.1245 -20.366 10
      vertex 13.1641 -21.9778 10
      vertex 13.1641 -20.4222 10
    endloop
  endfacet
  facet normal 0 0 1
    outer loop
      vertex 13.1245 -20.366 10
      vertex 13.1245 -22.034 10
      vertex 13.1641 -21.9778 10
    endloop
  endfacet
  facet normal 0 0 1
    outer loop
      vertex 13.0822 -20.3118 10
      vertex 13.1245 -22.034 10
      vertex 13.1245 -20.366 10
    endloop
  endfacet
  facet normal 0 0 1
    outer loop
      vertex 13.0822 -20.3118 10
      vertex 13.0822 -22.0882 10
      vertex 13.1245 -22.034 10
    endloop
  endfacet
  facet normal 0 0 1
    outer loop
      vertex 13.0373 -20.2598 10
      vertex 13.0822 -22.0882 10
      vertex 13.0822 -20.3118 10
    endloop
  endfacet
  facet normal 0 0 1
    outer loop
      vertex 13.0373 -20.2598 10
      vertex 13.0373 -22.1402 10
      vertex 13.0822 -22.0882 10
    endloop
  endfacet
  facet normal 0 0 1
    outer loop
      vertex 12.9899 -20.21 10
      vertex 13.0373 -22.1402 10
      vertex 13.0373 -20.2598 10
    endloop
  endfacet
  facet normal 0 0 1
    outer loop
      vertex 12.9899 -20.21 10
      vertex 12.9899 -22.1899 10
      vertex 13.0373 -22.1402 10
    endloop
  endfacet
  facet normal 0 0 1
    outer loop
      vertex 12.9402 -20.1627 10
      vertex 12.9899 -22.1899 10
      vertex 12.9899 -20.21 10
    endloop
  endfacet
  facet normal 0 0 1
    outer loop
      vertex 12.9402 -20.1627 10
      vertex 12.9402 -22.2373 10
      vertex 12.9899 -22.1899 10
    endloop
  endfacet
  facet normal 0 0 1
    outer loop
      vertex 12.8882 -20.1178 10
      vertex 12.9402 -22.2373 10
      vertex 12.9402 -20.1627 10
    endloop
  endfacet
  facet normal 0 0 1
    outer loop
      vertex 12.8882 -20.1178 10
      vertex 12.8882 -22.2822 10
      vertex 12.9402 -22.2373 10
    endloop
  endfacet
  facet normal 0 0 1
    outer loop
      vertex 12.834 -20.0755 10
      vertex 12.8882 -22.2822 10
      vertex 12.8882 -20.1178 10
    endloop
  endfacet
  facet normal 0 0 1
    outer loop
      vertex 12.834 -20.0755 10
      vertex 12.834 -22.3245 10
      vertex 12.8882 -22.2822 10
    endloop
  endfacet
  facet normal 0 0 1
    outer loop
      vertex 12.7778 -20.0359 10
      vertex 12.834 -22.3245 10
      vertex 12.834 -20.0755 10
    endloop
  endfacet
  facet normal 0 0 1
    outer loop
      vertex 12.7778 -20.0359 10
      vertex 12.7778 -22.3641 10
      vertex 12.834 -22.3245 10
    endloop
  endfacet
  facet normal 0 0 1
    outer loop
      vertex 12.7197 -19.9992 10
      vertex 12.7778 -22.3641 10
      vertex 12.7778 -20.0359 10
    endloop
  endfacet
  facet normal 0 0 1
    outer loop
      vertex 12.7197 -19.9992 10
      vertex 12.7197 -22.4008 10
      vertex 12.7778 -22.3641 10
    endloop
  endfacet
  facet normal 0 0 1
    outer loop
      vertex 12.66 -19.9653 10
      vertex 12.7197 -22.4008 10
      vertex 12.7197 -19.9992 10
    endloop
  endfacet
  facet normal 0 0 1
    outer loop
      vertex 12.66 -19.9653 10
      vertex 12.66 -22.4347 10
      vertex 12.7197 -22.4008 10
    endloop
  endfacet
  facet normal 0 0 1
    outer loop
      vertex 12.5986 -19.9344 10
      vertex 12.66 -22.4347 10
      vertex 12.66 -19.9653 10
    endloop
  endfacet
  facet normal 0 0 1
    outer loop
      vertex 12.5986 -19.9344 10
      vertex 12.5986 -22.4656 10
      vertex 12.66 -22.4347 10
    endloop
  endfacet
  facet normal 0 0 1
    outer loop
      vertex 12.5358 -19.9066 10
      vertex 12.5986 -22.4656 10
      vertex 12.5986 -19.9344 10
    endloop
  endfacet
  facet normal 0 0 1
    outer loop
      vertex 12.5358 -19.9066 10
      vertex 12.5358 -22.4934 10
      vertex 12.5986 -22.4656 10
    endloop
  endfacet
  facet normal 0 0 1
    outer loop
      vertex 12.4716 -19.8818 10
      vertex 12.5358 -22.4934 10
      vertex 12.5358 -19.9066 10
    endloop
  endfacet
  facet normal 0 0 1
    outer loop
      vertex 12.4716 -19.8818 10
      vertex 12.4716 -22.5182 10
      vertex 12.5358 -22.4934 10
    endloop
  endfacet
  facet normal 0 0 1
    outer loop
      vertex 12.4064 -19.8603 10
      vertex 12.4716 -22.5182 10
      vertex 12.4716 -19.8818 10
    endloop
  endfacet
  facet normal 0 0 1
    outer loop
      vertex 12.4064 -19.8603 10
      vertex 12.4064 -22.5397 10
      vertex 12.4716 -22.5182 10
    endloop
  endfacet
  facet normal 0 0 1
    outer loop
      vertex 12.3402 -19.842 10
      vertex 12.4064 -22.5397 10
      vertex 12.4064 -19.8603 10
    endloop
  endfacet
  facet normal 0 0 1
    outer loop
      vertex 12.3402 -19.842 10
      vertex 12.3402 -22.558 10
      vertex 12.4064 -22.5397 10
    endloop
  endfacet
  facet normal 0 0 1
    outer loop
      vertex 12.2731 -19.8269 10
      vertex 12.3402 -22.558 10
      vertex 12.3402 -19.842 10
    endloop
  endfacet
  facet normal 0 0 1
    outer loop
      vertex 12.2731 -19.8269 10
      vertex 12.2731 -22.5731 10
      vertex 12.3402 -22.558 10
    endloop
  endfacet
  facet normal 0 0 1
    outer loop
      vertex 12.2054 -19.8152 10
      vertex 12.2731 -22.5731 10
      vertex 12.2731 -19.8269 10
    endloop
  endfacet
  facet normal 0 0 1
    outer loop
      vertex 12.2054 -19.8152 10
      vertex 12.2054 -22.5848 10
      vertex 12.2731 -22.5731 10
    endloop
  endfacet
  facet normal 0 0 1
    outer loop
      vertex 12.1372 -19.8067 10
      vertex 12.2054 -22.5848 10
      vertex 12.2054 -19.8152 10
    endloop
  endfacet
  facet normal 0 0 1
    outer loop
      vertex 12.1372 -19.8067 10
      vertex 12.1372 -22.5933 10
      vertex 12.2054 -22.5848 10
    endloop
  endfacet
  facet normal 0 0 1
    outer loop
      vertex 12.0687 -19.8017 10
      vertex 12.1372 -22.5933 10
      vertex 12.1372 -19.8067 10
    endloop
  endfacet
  facet normal 0 0 1
    outer loop
      vertex 12.0687 -19.8017 10
      vertex 12.0687 -22.5983 10
      vertex 12.1372 -22.5933 10
    endloop
  endfacet
  facet normal 0 0 1
    outer loop
      vertex 12 -19.8 10
      vertex 12.0687 -22.5983 10
      vertex 12.0687 -19.8017 10
    endloop
  endfacet
  facet normal 0 0 1
    outer loop
      vertex 12 -19.8 10
      vertex 12 -22.6 10
      vertex 12.0687 -22.5983 10
    endloop
  endfacet
  facet normal -0 0 1
    outer loop
      vertex 11.9313 -19.8017 10
      vertex 12 -22.6 10
      vertex 12 -19.8 10
    endloop
  endfacet
  facet normal 0 0 1
    outer loop
      vertex 11.9313 -19.8017 10
      vertex 11.9313 -22.5983 10
      vertex 12 -22.6 10
    endloop
  endfacet
  facet normal -0 0 1
    outer loop
      vertex 11.8628 -19.8067 10
      vertex 11.9313 -22.5983 10
      vertex 11.9313 -19.8017 10
    endloop
  endfacet
  facet normal 0 0 1
    outer loop
      vertex 11.8628 -19.8067 10
      vertex 11.8628 -22.5933 10
      vertex 11.9313 -22.5983 10
    endloop
  endfacet
  facet normal -0 0 1
    outer loop
      vertex 11.7946 -19.8152 10
      vertex 11.8628 -22.5933 10
      vertex 11.8628 -19.8067 10
    endloop
  endfacet
  facet normal 0 0 1
    outer loop
      vertex 11.7946 -19.8152 10
      vertex 11.7946 -22.5848 10
      vertex 11.8628 -22.5933 10
    endloop
  endfacet
  facet normal -0 0 1
    outer loop
      vertex 11.7269 -19.8269 10
      vertex 11.7946 -22.5848 10
      vertex 11.7946 -19.8152 10
    endloop
  endfacet
  facet normal 0 0 1
    outer loop
      vertex 11.7269 -19.8269 10
      vertex 11.7269 -22.5731 10
      vertex 11.7946 -22.5848 10
    endloop
  endfacet
  facet normal -0 0 1
    outer loop
      vertex 11.6598 -19.842 10
      vertex 11.7269 -22.5731 10
      vertex 11.7269 -19.8269 10
    endloop
  endfacet
  facet normal 0 0 1
    outer loop
      vertex 11.6598 -19.842 10
      vertex 11.6598 -22.558 10
      vertex 11.7269 -22.5731 10
    endloop
  endfacet
  facet normal -0 0 1
    outer loop
      vertex 11.5936 -19.8603 10
      vertex 11.6598 -22.558 10
      vertex 11.6598 -19.842 10
    endloop
  endfacet
  facet normal 0 0 1
    outer loop
      vertex 11.5936 -19.8603 10
      vertex 11.5936 -22.5397 10
      vertex 11.6598 -22.558 10
    endloop
  endfacet
  facet normal -0 0 1
    outer loop
      vertex 11.5284 -19.8818 10
      vertex 11.5936 -22.5397 10
      vertex 11.5936 -19.8603 10
    endloop
  endfacet
  facet normal 0 0 1
    outer loop
      vertex 11.5284 -19.8818 10
      vertex 11.5284 -22.5182 10
      vertex 11.5936 -22.5397 10
    endloop
  endfacet
  facet normal -0 0 1
    outer loop
      vertex 11.4642 -19.9066 10
      vertex 11.5284 -22.5182 10
      vertex 11.5284 -19.8818 10
    endloop
  endfacet
  facet normal 0 0 1
    outer loop
      vertex 11.4642 -19.9066 10
      vertex 11.4642 -22.4934 10
      vertex 11.5284 -22.5182 10
    endloop
  endfacet
  facet normal -0 0 1
    outer loop
      vertex 11.4014 -19.9344 10
      vertex 11.4642 -22.4934 10
      vertex 11.4642 -19.9066 10
    endloop
  endfacet
  facet normal 0 0 1
    outer loop
      vertex 11.4014 -19.9344 10
      vertex 11.4014 -22.4656 10
      vertex 11.4642 -22.4934 10
    endloop
  endfacet
  facet normal -0 0 1
    outer loop
      vertex 11.34 -19.9653 10
      vertex 11.4014 -22.4656 10
      vertex 11.4014 -19.9344 10
    endloop
  endfacet
  facet normal 0 0 1
    outer loop
      vertex 11.34 -19.9653 10
      vertex 11.34 -22.4347 10
      vertex 11.4014 -22.4656 10
    endloop
  endfacet
  facet normal -0 0 1
    outer loop
      vertex 11.2803 -19.9992 10
      vertex 11.34 -22.4347 10
      vertex 11.34 -19.9653 10
    endloop
  endfacet
  facet normal 0 0 1
    outer loop
      vertex 11.2803 -19.9992 10
      vertex 11.2803 -22.4008 10
      vertex 11.34 -22.4347 10
    endloop
  endfacet
  facet normal -0 0 1
    outer loop
      vertex 11.2222 -20.0359 10
      vertex 11.2803 -22.4008 10
      vertex 11.2803 -19.9992 10
    endloop
  endfacet
  facet normal 0 0 1
    outer loop
      vertex 11.2222 -20.0359 10
      vertex 11.2222 -22.3641 10
      vertex 11.2803 -22.4008 10
    endloop
  endfacet
  facet normal -0 0 1
    outer loop
      vertex 11.166 -20.0755 10
      vertex 11.2222 -22.3641 10
      vertex 11.2222 -20.0359 10
    endloop
  endfacet
  facet normal 0 0 1
    outer loop
      vertex 11.166 -20.0755 10
      vertex 11.166 -22.3245 10
      vertex 11.2222 -22.3641 10
    endloop
  endfacet
  facet normal -0 0 1
    outer loop
      vertex 11.1118 -20.1178 10
      vertex 11.166 -22.3245 10
      vertex 11.166 -20.0755 10
    endloop
  endfacet
  facet normal 0 0 1
    outer loop
      vertex 11.1118 -20.1178 10
      vertex 11.1118 -22.2822 10
      vertex 11.166 -22.3245 10
    endloop
  endfacet
  facet normal -0 0 1
    outer loop
      vertex 11.0598 -20.1627 10
      vertex 11.1118 -22.2822 10
      vertex 11.1118 -20.1178 10
    endloop
  endfacet
  facet normal 0 0 1
    outer loop
      vertex 11.0598 -20.1627 10
      vertex 11.0598 -22.2373 10
      vertex 11.1118 -22.2822 10
    endloop
  endfacet
  facet normal -0 0 1
    outer loop
      vertex 11.01 -20.21 10
      vertex 11.0598 -22.2373 10
      vertex 11.0598 -20.1627 10
    endloop
  endfacet
  facet normal 0 0 1
    outer loop
      vertex 11.01 -20.21 10
      vertex 11.01 -22.1899 10
      vertex 11.0598 -22.2373 10
    endloop
  endfacet
  facet normal -0 0 1
    outer loop
      vertex 10.9627 -20.2598 10
      vertex 11.01 -22.1899 10
      vertex 11.01 -20.21 10
    endloop
  endfacet
  facet normal 0 0 1
    outer loop
      vertex 10.9627 -20.2598 10
      vertex 10.9627 -22.1402 10
      vertex 11.01 -22.1899 10
    endloop
  endfacet
  facet normal -0 0 1
    outer loop
      vertex 10.9178 -20.3118 10
      vertex 10.9627 -22.1402 10
      vertex 10.9627 -20.2598 10
    endloop
  endfacet
  facet normal 0 0 1
    outer loop
      vertex 10.9178 -20.3118 10
      vertex 10.9178 -22.0882 10
      vertex 10.9627 -22.1402 10
    endloop
  endfacet
  facet normal -0 0 1
    outer loop
      vertex 10.8755 -20.366 10
      vertex 10.9178 -22.0882 10
      vertex 10.9178 -20.3118 10
    endloop
  endfacet
  facet normal 0 0 1
    outer loop
      vertex 10.8755 -20.366 10
      vertex 10.8755 -22.034 10
      vertex 10.9178 -22.0882 10
    endloop
  endfacet
  facet normal -0 0 1
    outer loop
      vertex 10.8359 -20.4222 10
      vertex 10.8755 -22.034 10
      vertex 10.8755 -20.366 10
    endloop
  endfacet
  facet normal 0 0 1
    outer loop
      vertex 10.8359 -20.4222 10
      vertex 10.8359 -21.9778 10
      vertex 10.8755 -22.034 10
    endloop
  endfacet
  facet normal -0 0 1
    outer loop
      vertex 10.7992 -20.4803 10
      vertex 10.8359 -21.9778 10
      vertex 10.8359 -20.4222 10
    endloop
  endfacet
  facet normal 0 0 1
    outer loop
      vertex 10.7992 -20.4803 10
      vertex 10.7992 -21.9197 10
      vertex 10.8359 -21.9778 10
    endloop
  endfacet
  facet normal -0 0 1
    outer loop
      vertex 10.7653 -20.54 10
      vertex 10.7992 -21.9197 10
      vertex 10.7992 -20.4803 10
    endloop
  endfacet
  facet normal 0 0 1
    outer loop
      vertex 10.7653 -20.54 10
      vertex 10.7653 -21.86 10
      vertex 10.7992 -21.9197 10
    endloop
  endfacet
  facet normal -0 0 1
    outer loop
      vertex 10.7344 -20.6014 10
      vertex 10.7653 -21.86 10
      vertex 10.7653 -20.54 10
    endloop
  endfacet
  facet normal 0 0 1
    outer loop
      vertex 10.7344 -20.6014 10
      vertex 10.7344 -21.7986 10
      vertex 10.7653 -21.86 10
    endloop
  endfacet
  facet normal -0 0 1
    outer loop
      vertex 10.7066 -20.6642 10
      vertex 10.7344 -21.7986 10
      vertex 10.7344 -20.6014 10
    endloop
  endfacet
  facet normal 0 0 1
    outer loop
      vertex 10.7066 -20.6642 10
      vertex 10.7066 -21.7358 10
      vertex 10.7344 -21.7986 10
    endloop
  endfacet
  facet normal -0 0 1
    outer loop
      vertex 10.6818 -20.7284 10
      vertex 10.7066 -21.7358 10
      vertex 10.7066 -20.6642 10
    endloop
  endfacet
  facet normal 0 0 1
    outer loop
      vertex 10.6818 -20.7284 10
      vertex 10.6818 -21.6716 10
      vertex 10.7066 -21.7358 10
    endloop
  endfacet
  facet normal -0 0 1
    outer loop
      vertex 10.6603 -20.7936 10
      vertex 10.6818 -21.6716 10
      vertex 10.6818 -20.7284 10
    endloop
  endfacet
  facet normal 0 0 1
    outer loop
      vertex 10.6603 -20.7936 10
      vertex 10.6603 -21.6064 10
      vertex 10.6818 -21.6716 10
    endloop
  endfacet
  facet normal -0 0 1
    outer loop
      vertex 10.642 -20.8598 10
      vertex 10.6603 -21.6064 10
      vertex 10.6603 -20.7936 10
    endloop
  endfacet
  facet normal 0 0 1
    outer loop
      vertex 10.642 -20.8598 10
      vertex 10.642 -21.5402 10
      vertex 10.6603 -21.6064 10
    endloop
  endfacet
  facet normal -0 0 1
    outer loop
      vertex 10.6269 -20.9269 10
      vertex 10.642 -21.5402 10
      vertex 10.642 -20.8598 10
    endloop
  endfacet
  facet normal 0 0 1
    outer loop
      vertex 10.6269 -20.9269 10
      vertex 10.6269 -21.4731 10
      vertex 10.642 -21.5402 10
    endloop
  endfacet
  facet normal -0 0 1
    outer loop
      vertex 10.6152 -20.9946 10
      vertex 10.6269 -21.4731 10
      vertex 10.6269 -20.9269 10
    endloop
  endfacet
  facet normal 0 0 1
    outer loop
      vertex 10.6152 -20.9946 10
      vertex 10.6152 -21.4054 10
      vertex 10.6269 -21.4731 10
    endloop
  endfacet
  facet normal -0 0 1
    outer loop
      vertex 10.6067 -21.0628 10
      vertex 10.6152 -21.4054 10
      vertex 10.6152 -20.9946 10
    endloop
  endfacet
  facet normal 0 0 1
    outer loop
      vertex 10.6067 -21.0628 10
      vertex 10.6067 -21.3372 10
      vertex 10.6152 -21.4054 10
    endloop
  endfacet
  facet normal -0 0 1
    outer loop
      vertex 10.6017 -21.1313 10
      vertex 10.6067 -21.3372 10
      vertex 10.6067 -21.0628 10
    endloop
  endfacet
  facet normal 0 0 1
    outer loop
      vertex 10.6017 -21.1313 10
      vertex 10.6017 -21.2687 10
      vertex 10.6067 -21.3372 10
    endloop
  endfacet
  facet normal 0 -0 1
    outer loop
      vertex 10.6017 -21.2687 10
      vertex 10.6017 -21.1313 10
      vertex 10.6 -21.2 10
    endloop
  endfacet
  facet normal 0.072799 0.997347 -0
    outer loop
      vertex 11.9313 -22.5983 10
      vertex 11.8628 -22.5933 17.7
      vertex 11.9313 -22.5983 17.7
    endloop
  endfacet
  facet normal 0.072799 0.997347 0
    outer loop
      vertex 11.8628 -22.5933 17.7
      vertex 11.9313 -22.5983 10
      vertex 11.8628 -22.5933 10
    endloop
  endfacet
  facet normal 0.963851 0.266442 0
    outer loop
      vertex 10.6603 -21.6064 17.7
      vertex 10.642 -21.5402 10
      vertex 10.642 -21.5402 17.7
    endloop
  endfacet
  facet normal 0.963851 0.266442 0
    outer loop
      vertex 10.642 -21.5402 10
      vertex 10.6603 -21.6064 17.7
      vertex 10.6603 -21.6064 10
    endloop
  endfacet
  facet normal 0.615249 0.788333 -0
    outer loop
      vertex 11.166 -22.3245 10
      vertex 11.1118 -22.2822 17.7
      vertex 11.166 -22.3245 17.7
    endloop
  endfacet
  facet normal 0.615249 0.788333 0
    outer loop
      vertex 11.1118 -22.2822 17.7
      vertex 11.166 -22.3245 10
      vertex 11.1118 -22.2822 10
    endloop
  endfacet
  facet normal 0.89326 0.44954 0
    outer loop
      vertex 10.7653 -21.86 17.7
      vertex 10.7344 -21.7986 10
      vertex 10.7344 -21.7986 17.7
    endloop
  endfacet
  facet normal 0.89326 0.44954 0
    outer loop
      vertex 10.7344 -21.7986 10
      vertex 10.7653 -21.86 17.7
      vertex 10.7653 -21.86 10
    endloop
  endfacet
  facet normal 0.845454 0.534048 0
    outer loop
      vertex 10.8359 -21.9778 17.7
      vertex 10.7992 -21.9197 10
      vertex 10.7992 -21.9197 17.7
    endloop
  endfacet
  facet normal 0.845454 0.534048 0
    outer loop
      vertex 10.7992 -21.9197 10
      vertex 10.8359 -21.9778 17.7
      vertex 10.8359 -21.9778 10
    endloop
  endfacet
  facet normal -0.219547 -0.975602 0
    outer loop
      vertex 12.2731 -19.8269 10
      vertex 12.3402 -19.842 17.7
      vertex 12.2731 -19.8269 17.7
    endloop
  endfacet
  facet normal -0.219547 -0.975602 -0
    outer loop
      vertex 12.3402 -19.842 17.7
      vertex 12.2731 -19.8269 10
      vertex 12.3402 -19.842 10
    endloop
  endfacet
  facet normal -0.493784 0.869584 0
    outer loop
      vertex 12.7197 -22.4008 10
      vertex 12.66 -22.4347 17.7
      vertex 12.7197 -22.4008 17.7
    endloop
  endfacet
  facet normal -0.493784 0.869584 0
    outer loop
      vertex 12.66 -22.4347 17.7
      vertex 12.7197 -22.4008 10
      vertex 12.66 -22.4347 10
    endloop
  endfacet
  facet normal -0.89326 0.44954 0
    outer loop
      vertex 13.2347 -21.86 10
      vertex 13.2656 -21.7986 17.7
      vertex 13.2656 -21.7986 10
    endloop
  endfacet
  facet normal -0.89326 0.44954 0
    outer loop
      vertex 13.2656 -21.7986 17.7
      vertex 13.2347 -21.86 10
      vertex 13.2347 -21.86 17.7
    endloop
  endfacet
  facet normal 0.999694 0.0247377 0
    outer loop
      vertex 10.6017 -21.2687 17.7
      vertex 10.6 -21.2 10
      vertex 10.6 -21.2 17.7
    endloop
  endfacet
  facet normal 0.999694 0.0247377 0
    outer loop
      vertex 10.6 -21.2 10
      vertex 10.6017 -21.2687 17.7
      vertex 10.6017 -21.2687 10
    endloop
  endfacet
  facet normal 0.219547 -0.975602 0
    outer loop
      vertex 11.6598 -19.842 10
      vertex 11.7269 -19.8269 17.7
      vertex 11.6598 -19.842 17.7
    endloop
  endfacet
  facet normal 0.219547 -0.975602 0
    outer loop
      vertex 11.7269 -19.8269 17.7
      vertex 11.6598 -19.842 10
      vertex 11.7269 -19.8269 10
    endloop
  endfacet
  facet normal -0.072799 0.997347 0
    outer loop
      vertex 12.1372 -22.5933 10
      vertex 12.0687 -22.5983 17.7
      vertex 12.1372 -22.5933 17.7
    endloop
  endfacet
  facet normal -0.072799 0.997347 0
    outer loop
      vertex 12.0687 -22.5983 17.7
      vertex 12.1372 -22.5933 10
      vertex 12.0687 -22.5983 10
    endloop
  endfacet
  facet normal 0.992323 0.123677 0
    outer loop
      vertex 10.6152 -21.4054 17.7
      vertex 10.6067 -21.3372 10
      vertex 10.6067 -21.3372 17.7
    endloop
  endfacet
  facet normal 0.992323 0.123677 0
    outer loop
      vertex 10.6067 -21.3372 10
      vertex 10.6152 -21.4054 17.7
      vertex 10.6152 -21.4054 10
    endloop
  endfacet
  facet normal -0.313167 0.949698 0
    outer loop
      vertex 12.4716 -22.5182 10
      vertex 12.4064 -22.5397 17.7
      vertex 12.4716 -22.5182 17.7
    endloop
  endfacet
  facet normal -0.313167 0.949698 0
    outer loop
      vertex 12.4064 -22.5397 17.7
      vertex 12.4716 -22.5182 10
      vertex 12.4064 -22.5397 10
    endloop
  endfacet
  facet normal -0.914411 0.404787 0
    outer loop
      vertex 13.2656 -21.7986 10
      vertex 13.2934 -21.7358 17.7
      vertex 13.2934 -21.7358 10
    endloop
  endfacet
  facet normal -0.914411 0.404787 0
    outer loop
      vertex 13.2934 -21.7358 17.7
      vertex 13.2656 -21.7986 10
      vertex 13.2656 -21.7986 17.7
    endloop
  endfacet
  facet normal 0.689437 0.724345 -0
    outer loop
      vertex 11.0598 -22.2373 10
      vertex 11.01 -22.1899 17.7
      vertex 11.0598 -22.2373 17.7
    endloop
  endfacet
  facet normal 0.689437 0.724345 0
    outer loop
      vertex 11.01 -22.1899 17.7
      vertex 11.0598 -22.2373 10
      vertex 11.01 -22.1899 10
    endloop
  endfacet
  facet normal 0.869584 -0.493784 0
    outer loop
      vertex 10.7653 -20.54 17.7
      vertex 10.7992 -20.4803 10
      vertex 10.7992 -20.4803 17.7
    endloop
  endfacet
  facet normal 0.869584 -0.493784 0
    outer loop
      vertex 10.7992 -20.4803 10
      vertex 10.7653 -20.54 17.7
      vertex 10.7653 -20.54 10
    endloop
  endfacet
  facet normal -0.123677 0.992323 0
    outer loop
      vertex 12.2054 -22.5848 10
      vertex 12.1372 -22.5933 17.7
      vertex 12.2054 -22.5848 17.7
    endloop
  endfacet
  facet normal -0.123677 0.992323 0
    outer loop
      vertex 12.1372 -22.5933 17.7
      vertex 12.2054 -22.5848 10
      vertex 12.1372 -22.5933 10
    endloop
  endfacet
  facet normal 0.992323 -0.123677 0
    outer loop
      vertex 10.6067 -21.0628 17.7
      vertex 10.6152 -20.9946 10
      vertex 10.6152 -20.9946 17.7
    endloop
  endfacet
  facet normal 0.992323 -0.123677 0
    outer loop
      vertex 10.6152 -20.9946 10
      vertex 10.6067 -21.0628 17.7
      vertex 10.6067 -21.0628 10
    endloop
  endfacet
  facet normal 0.493784 -0.869584 0
    outer loop
      vertex 11.2803 -19.9992 10
      vertex 11.34 -19.9653 17.7
      vertex 11.2803 -19.9992 17.7
    endloop
  endfacet
  facet normal 0.493784 -0.869584 0
    outer loop
      vertex 11.34 -19.9653 17.7
      vertex 11.2803 -19.9992 10
      vertex 11.34 -19.9653 10
    endloop
  endfacet
  facet normal 0.123677 0.992323 -0
    outer loop
      vertex 11.8628 -22.5933 10
      vertex 11.7946 -22.5848 17.7
      vertex 11.8628 -22.5933 17.7
    endloop
  endfacet
  facet normal 0.123677 0.992323 0
    outer loop
      vertex 11.7946 -22.5848 17.7
      vertex 11.8628 -22.5933 10
      vertex 11.7946 -22.5848 10
    endloop
  endfacet
  facet normal 0.963851 -0.266442 0
    outer loop
      vertex 10.642 -20.8598 17.7
      vertex 10.6603 -20.7936 10
      vertex 10.6603 -20.7936 17.7
    endloop
  endfacet
  facet normal 0.963851 -0.266442 0
    outer loop
      vertex 10.6603 -20.7936 10
      vertex 10.642 -20.8598 17.7
      vertex 10.642 -20.8598 10
    endloop
  endfacet
  facet normal 0.997347 -0.072799 0
    outer loop
      vertex 10.6017 -21.1313 17.7
      vertex 10.6067 -21.0628 10
      vertex 10.6067 -21.0628 17.7
    endloop
  endfacet
  facet normal 0.997347 -0.072799 0
    outer loop
      vertex 10.6067 -21.0628 10
      vertex 10.6017 -21.1313 17.7
      vertex 10.6017 -21.1313 10
    endloop
  endfacet
  facet normal 0.0247377 0.999694 -0
    outer loop
      vertex 12 -22.6 10
      vertex 11.9313 -22.5983 17.7
      vertex 12 -22.6 17.7
    endloop
  endfacet
  facet normal 0.0247377 0.999694 0
    outer loop
      vertex 11.9313 -22.5983 17.7
      vertex 12 -22.6 10
      vertex 11.9313 -22.5983 10
    endloop
  endfacet
  facet normal 0.266442 -0.963851 0
    outer loop
      vertex 11.5936 -19.8603 10
      vertex 11.6598 -19.842 17.7
      vertex 11.5936 -19.8603 17.7
    endloop
  endfacet
  facet normal 0.266442 -0.963851 0
    outer loop
      vertex 11.6598 -19.842 17.7
      vertex 11.5936 -19.8603 10
      vertex 11.6598 -19.842 10
    endloop
  endfacet
  facet normal -0.93282 0.360342 0
    outer loop
      vertex 13.2934 -21.7358 10
      vertex 13.3182 -21.6716 17.7
      vertex 13.3182 -21.6716 10
    endloop
  endfacet
  facet normal -0.93282 0.360342 0
    outer loop
      vertex 13.3182 -21.6716 17.7
      vertex 13.2934 -21.7358 10
      vertex 13.2934 -21.7358 17.7
    endloop
  endfacet
  facet normal 0.975602 -0.219547 0
    outer loop
      vertex 10.6269 -20.9269 17.7
      vertex 10.642 -20.8598 10
      vertex 10.642 -20.8598 17.7
    endloop
  endfacet
  facet normal 0.975602 -0.219547 0
    outer loop
      vertex 10.642 -20.8598 10
      vertex 10.6269 -20.9269 17.7
      vertex 10.6269 -20.9269 10
    endloop
  endfacet
  facet normal 0.89326 -0.44954 0
    outer loop
      vertex 10.7344 -20.6014 17.7
      vertex 10.7653 -20.54 10
      vertex 10.7653 -20.54 17.7
    endloop
  endfacet
  facet normal 0.89326 -0.44954 0
    outer loop
      vertex 10.7653 -20.54 10
      vertex 10.7344 -20.6014 17.7
      vertex 10.7344 -20.6014 10
    endloop
  endfacet
  facet normal 0.404787 0.914411 -0
    outer loop
      vertex 11.4642 -22.4934 10
      vertex 11.4014 -22.4656 17.7
      vertex 11.4642 -22.4934 17.7
    endloop
  endfacet
  facet normal 0.404787 0.914411 0
    outer loop
      vertex 11.4014 -22.4656 17.7
      vertex 11.4642 -22.4934 10
      vertex 11.4014 -22.4656 10
    endloop
  endfacet
  facet normal 0.817451 0.575998 0
    outer loop
      vertex 10.8755 -22.034 17.7
      vertex 10.8359 -21.9778 10
      vertex 10.8359 -21.9778 17.7
    endloop
  endfacet
  facet normal 0.817451 0.575998 0
    outer loop
      vertex 10.8359 -21.9778 10
      vertex 10.8755 -22.034 17.7
      vertex 10.8755 -22.034 10
    endloop
  endfacet
  facet normal 0.44954 0.89326 -0
    outer loop
      vertex 11.4014 -22.4656 10
      vertex 11.34 -22.4347 17.7
      vertex 11.4014 -22.4656 17.7
    endloop
  endfacet
  facet normal 0.44954 0.89326 0
    outer loop
      vertex 11.34 -22.4347 17.7
      vertex 11.4014 -22.4656 10
      vertex 11.34 -22.4347 10
    endloop
  endfacet
  facet normal -0.534048 0.845454 0
    outer loop
      vertex 12.7778 -22.3641 10
      vertex 12.7197 -22.4008 17.7
      vertex 12.7778 -22.3641 17.7
    endloop
  endfacet
  facet normal -0.534048 0.845454 0
    outer loop
      vertex 12.7197 -22.4008 17.7
      vertex 12.7778 -22.3641 10
      vertex 12.7197 -22.4008 10
    endloop
  endfacet
  facet normal 0.219547 0.975602 -0
    outer loop
      vertex 11.7269 -22.5731 10
      vertex 11.6598 -22.558 17.7
      vertex 11.7269 -22.5731 17.7
    endloop
  endfacet
  facet normal 0.219547 0.975602 0
    outer loop
      vertex 11.6598 -22.558 17.7
      vertex 11.7269 -22.5731 10
      vertex 11.6598 -22.558 10
    endloop
  endfacet
  facet normal 0.914411 0.404787 0
    outer loop
      vertex 10.7344 -21.7986 17.7
      vertex 10.7066 -21.7358 10
      vertex 10.7066 -21.7358 17.7
    endloop
  endfacet
  facet normal 0.914411 0.404787 0
    outer loop
      vertex 10.7066 -21.7358 10
      vertex 10.7344 -21.7986 17.7
      vertex 10.7344 -21.7986 10
    endloop
  endfacet
  facet normal -0.914411 0.404787 0
    outer loop
      vertex 13.2656 20.6014 10
      vertex 13.2934 20.6642 17.7
      vertex 13.2934 20.6642 10
    endloop
  endfacet
  facet normal -0.914411 0.404787 0
    outer loop
      vertex 13.2934 20.6642 17.7
      vertex 13.2656 20.6014 10
      vertex 13.2656 20.6014 17.7
    endloop
  endfacet
  facet normal -0.072799 0.997347 0
    outer loop
      vertex 12.1372 19.8067 10
      vertex 12.0687 19.8017 17.7
      vertex 12.1372 19.8067 17.7
    endloop
  endfacet
  facet normal -0.072799 0.997347 0
    outer loop
      vertex 12.0687 19.8017 17.7
      vertex 12.1372 19.8067 10
      vertex 12.0687 19.8017 10
    endloop
  endfacet
  facet normal 0.975602 -0.219547 0
    outer loop
      vertex 10.6269 21.4731 17.7
      vertex 10.642 21.5402 10
      vertex 10.642 21.5402 17.7
    endloop
  endfacet
  facet normal 0.975602 -0.219547 0
    outer loop
      vertex 10.642 21.5402 10
      vertex 10.6269 21.4731 17.7
      vertex 10.6269 21.4731 10
    endloop
  endfacet
  facet normal -0.723653 -0.690164 0
    outer loop
      vertex 13.0373 22.1402 10
      vertex 12.9899 22.1899 17.7
      vertex 12.9899 22.1899 10
    endloop
  endfacet
  facet normal -0.723653 -0.690164 0
    outer loop
      vertex 12.9899 22.1899 17.7
      vertex 13.0373 22.1402 10
      vertex 13.0373 22.1402 17.7
    endloop
  endfacet
  facet normal -0.997347 -0.072799 0
    outer loop
      vertex 13.3983 21.2687 10
      vertex 13.3933 21.3372 17.7
      vertex 13.3933 21.3372 10
    endloop
  endfacet
  facet normal -0.997347 -0.072799 0
    outer loop
      vertex 13.3933 21.3372 17.7
      vertex 13.3983 21.2687 10
      vertex 13.3983 21.2687 17.7
    endloop
  endfacet
  facet normal 0.123677 -0.992323 0
    outer loop
      vertex 11.7946 22.5848 10
      vertex 11.8628 22.5933 17.7
      vertex 11.7946 22.5848 17.7
    endloop
  endfacet
  facet normal 0.123677 -0.992323 0
    outer loop
      vertex 11.8628 22.5933 17.7
      vertex 11.7946 22.5848 10
      vertex 11.8628 22.5933 10
    endloop
  endfacet
  facet normal -0.985393 -0.170297 0
    outer loop
      vertex 13.3848 21.4054 10
      vertex 13.3731 21.4731 17.7
      vertex 13.3731 21.4731 10
    endloop
  endfacet
  facet normal -0.985393 -0.170297 0
    outer loop
      vertex 13.3731 21.4731 17.7
      vertex 13.3848 21.4054 10
      vertex 13.3848 21.4054 17.7
    endloop
  endfacet
  facet normal 0.89326 -0.44954 0
    outer loop
      vertex 10.7344 21.7986 17.7
      vertex 10.7653 21.86 10
      vertex 10.7653 21.86 17.7
    endloop
  endfacet
  facet normal 0.89326 -0.44954 0
    outer loop
      vertex 10.7653 21.86 10
      vertex 10.7344 21.7986 17.7
      vertex 10.7344 21.7986 10
    endloop
  endfacet
  facet normal -0.999694 -0.0247377 0
    outer loop
      vertex 13.4 21.2 10
      vertex 13.3983 21.2687 17.7
      vertex 13.3983 21.2687 10
    endloop
  endfacet
  facet normal -0.999694 -0.0247377 0
    outer loop
      vertex 13.3983 21.2687 17.7
      vertex 13.4 21.2 10
      vertex 13.4 21.2 17.7
    endloop
  endfacet
  facet normal 0.360342 -0.93282 0
    outer loop
      vertex 11.4642 22.4934 10
      vertex 11.5284 22.5182 17.7
      vertex 11.4642 22.4934 17.7
    endloop
  endfacet
  facet normal 0.360342 -0.93282 0
    outer loop
      vertex 11.5284 22.5182 17.7
      vertex 11.4642 22.4934 10
      vertex 11.5284 22.5182 10
    endloop
  endfacet
  facet normal 0.914411 -0.404787 0
    outer loop
      vertex 10.7066 21.7358 17.7
      vertex 10.7344 21.7986 10
      vertex 10.7344 21.7986 17.7
    endloop
  endfacet
  facet normal 0.914411 -0.404787 0
    outer loop
      vertex 10.7344 21.7986 10
      vertex 10.7066 21.7358 17.7
      vertex 10.7066 21.7358 10
    endloop
  endfacet
  facet normal -0.653544 0.756888 0
    outer loop
      vertex 12.9402 20.1627 10
      vertex 12.8882 20.1178 17.7
      vertex 12.9402 20.1627 17.7
    endloop
  endfacet
  facet normal -0.653544 0.756888 0
    outer loop
      vertex 12.8882 20.1178 17.7
      vertex 12.9402 20.1627 10
      vertex 12.8882 20.1178 10
    endloop
  endfacet
  facet normal 0.170297 -0.985393 0
    outer loop
      vertex 11.7269 22.5731 10
      vertex 11.7946 22.5848 17.7
      vertex 11.7269 22.5731 17.7
    endloop
  endfacet
  facet normal 0.170297 -0.985393 0
    outer loop
      vertex 11.7946 22.5848 17.7
      vertex 11.7269 22.5731 10
      vertex 11.7946 22.5848 10
    endloop
  endfacet
  facet normal 0.963851 -0.266442 0
    outer loop
      vertex 10.642 21.5402 17.7
      vertex 10.6603 21.6064 10
      vertex 10.6603 21.6064 17.7
    endloop
  endfacet
  facet normal 0.963851 -0.266442 0
    outer loop
      vertex 10.6603 21.6064 10
      vertex 10.642 21.5402 17.7
      vertex 10.642 21.5402 10
    endloop
  endfacet
  facet normal -0.653544 -0.756888 0
    outer loop
      vertex 12.8882 22.2822 10
      vertex 12.9402 22.2373 17.7
      vertex 12.8882 22.2822 17.7
    endloop
  endfacet
  facet normal -0.653544 -0.756888 -0
    outer loop
      vertex 12.9402 22.2373 17.7
      vertex 12.8882 22.2822 10
      vertex 12.9402 22.2373 10
    endloop
  endfacet
  facet normal -0.992323 0.123677 0
    outer loop
      vertex 13.3848 20.9946 10
      vertex 13.3933 21.0628 17.7
      vertex 13.3933 21.0628 10
    endloop
  endfacet
  facet normal -0.992323 0.123677 0
    outer loop
      vertex 13.3933 21.0628 17.7
      vertex 13.3848 20.9946 10
      vertex 13.3848 20.9946 17.7
    endloop
  endfacet
  facet normal 0.89326 0.44954 0
    outer loop
      vertex 10.7653 20.54 17.7
      vertex 10.7344 20.6014 10
      vertex 10.7344 20.6014 17.7
    endloop
  endfacet
  facet normal 0.89326 0.44954 0
    outer loop
      vertex 10.7344 20.6014 10
      vertex 10.7653 20.54 17.7
      vertex 10.7653 20.54 10
    endloop
  endfacet
  facet normal -0.0247377 -0.999694 0
    outer loop
      vertex 12 22.6 10
      vertex 12.0687 22.5983 17.7
      vertex 12 22.6 17.7
    endloop
  endfacet
  facet normal -0.0247377 -0.999694 -0
    outer loop
      vertex 12.0687 22.5983 17.7
      vertex 12 22.6 10
      vertex 12.0687 22.5983 10
    endloop
  endfacet
  facet normal 0.845454 -0.534048 0
    outer loop
      vertex 10.7992 21.9197 17.7
      vertex 10.8359 21.9778 10
      vertex 10.8359 21.9778 17.7
    endloop
  endfacet
  facet normal 0.845454 -0.534048 0
    outer loop
      vertex 10.8359 21.9778 10
      vertex 10.7992 21.9197 17.7
      vertex 10.7992 21.9197 10
    endloop
  endfacet
  facet normal 0.93282 0.360342 0
    outer loop
      vertex 10.7066 20.6642 17.7
      vertex 10.6818 20.7284 10
      vertex 10.6818 20.7284 17.7
    endloop
  endfacet
  facet normal 0.93282 0.360342 0
    outer loop
      vertex 10.6818 20.7284 10
      vertex 10.7066 20.6642 17.7
      vertex 10.7066 20.6642 10
    endloop
  endfacet
  facet normal 0.985393 0.170297 0
    outer loop
      vertex 10.6269 20.9269 17.7
      vertex 10.6152 20.9946 10
      vertex 10.6152 20.9946 17.7
    endloop
  endfacet
  facet normal 0.985393 0.170297 0
    outer loop
      vertex 10.6152 20.9946 10
      vertex 10.6269 20.9269 17.7
      vertex 10.6269 20.9269 10
    endloop
  endfacet
  facet normal -0.170297 -0.985393 0
    outer loop
      vertex 12.2054 22.5848 10
      vertex 12.2731 22.5731 17.7
      vertex 12.2054 22.5848 17.7
    endloop
  endfacet
  facet normal -0.170297 -0.985393 -0
    outer loop
      vertex 12.2731 22.5731 17.7
      vertex 12.2054 22.5848 10
      vertex 12.2731 22.5731 10
    endloop
  endfacet
  facet normal -0.072799 -0.997347 0
    outer loop
      vertex 12.0687 22.5983 10
      vertex 12.1372 22.5933 17.7
      vertex 12.0687 22.5983 17.7
    endloop
  endfacet
  facet normal -0.072799 -0.997347 -0
    outer loop
      vertex 12.1372 22.5933 17.7
      vertex 12.0687 22.5983 10
      vertex 12.1372 22.5933 10
    endloop
  endfacet
  facet normal 0.999694 -0.0247377 0
    outer loop
      vertex 10.6 21.2 17.7
      vertex 10.6017 21.2687 10
      vertex 10.6017 21.2687 17.7
    endloop
  endfacet
  facet normal 0.999694 -0.0247377 0
    outer loop
      vertex 10.6017 21.2687 10
      vertex 10.6 21.2 17.7
      vertex 10.6 21.2 10
    endloop
  endfacet
  facet normal 0.219547 -0.975602 0
    outer loop
      vertex 11.6598 22.558 10
      vertex 11.7269 22.5731 17.7
      vertex 11.6598 22.558 17.7
    endloop
  endfacet
  facet normal 0.219547 -0.975602 0
    outer loop
      vertex 11.7269 22.5731 17.7
      vertex 11.6598 22.558 10
      vertex 11.7269 22.5731 10
    endloop
  endfacet
  facet normal -0.997347 0.072799 0
    outer loop
      vertex 13.3933 21.0628 10
      vertex 13.3983 21.1313 17.7
      vertex 13.3983 21.1313 10
    endloop
  endfacet
  facet normal -0.997347 0.072799 0
    outer loop
      vertex 13.3983 21.1313 17.7
      vertex 13.3933 21.0628 10
      vertex 13.3933 21.0628 17.7
    endloop
  endfacet
  facet normal -0.575998 0.817451 0
    outer loop
      vertex 12.834 20.0755 10
      vertex 12.7778 20.0359 17.7
      vertex 12.834 20.0755 17.7
    endloop
  endfacet
  facet normal -0.575998 0.817451 0
    outer loop
      vertex 12.7778 20.0359 17.7
      vertex 12.834 20.0755 10
      vertex 12.7778 20.0359 10
    endloop
  endfacet
  facet normal -0.992323 -0.123677 0
    outer loop
      vertex 13.3933 21.3372 10
      vertex 13.3848 21.4054 17.7
      vertex 13.3848 21.4054 10
    endloop
  endfacet
  facet normal -0.992323 -0.123677 0
    outer loop
      vertex 13.3848 21.4054 17.7
      vertex 13.3933 21.3372 10
      vertex 13.3933 21.3372 17.7
    endloop
  endfacet
  facet normal -0.313167 0.949698 0
    outer loop
      vertex 12.4716 19.8818 10
      vertex 12.4064 19.8603 17.7
      vertex 12.4716 19.8818 17.7
    endloop
  endfacet
  facet normal -0.313167 0.949698 0
    outer loop
      vertex 12.4064 19.8603 17.7
      vertex 12.4716 19.8818 10
      vertex 12.4064 19.8603 10
    endloop
  endfacet
  facet normal 0.266442 -0.963851 0
    outer loop
      vertex 11.5936 22.5397 10
      vertex 11.6598 22.558 17.7
      vertex 11.5936 22.5397 17.7
    endloop
  endfacet
  facet normal 0.266442 -0.963851 0
    outer loop
      vertex 11.6598 22.558 17.7
      vertex 11.5936 22.5397 10
      vertex 11.6598 22.558 10
    endloop
  endfacet
  facet normal 0.493784 -0.869584 0
    outer loop
      vertex 11.2803 22.4008 10
      vertex 11.34 22.4347 17.7
      vertex 11.2803 22.4008 17.7
    endloop
  endfacet
  facet normal 0.493784 -0.869584 0
    outer loop
      vertex 11.34 22.4347 17.7
      vertex 11.2803 22.4008 10
      vertex 11.34 22.4347 10
    endloop
  endfacet
  facet normal -0.615249 0.788333 0
    outer loop
      vertex 12.8882 20.1178 10
      vertex 12.834 20.0755 17.7
      vertex 12.8882 20.1178 17.7
    endloop
  endfacet
  facet normal -0.615249 0.788333 0
    outer loop
      vertex 12.834 20.0755 17.7
      vertex 12.8882 20.1178 10
      vertex 12.834 20.0755 10
    endloop
  endfacet
  facet normal 0.788333 -0.615249 0
    outer loop
      vertex 10.8755 22.034 17.7
      vertex 10.9178 22.0882 10
      vertex 10.9178 22.0882 17.7
    endloop
  endfacet
  facet normal 0.788333 -0.615249 0
    outer loop
      vertex 10.9178 22.0882 10
      vertex 10.8755 22.034 17.7
      vertex 10.8755 22.034 10
    endloop
  endfacet
  facet normal -0.788333 0.615249 0
    outer loop
      vertex 13.0822 20.3118 10
      vertex 13.1245 20.366 17.7
      vertex 13.1245 20.366 10
    endloop
  endfacet
  facet normal -0.788333 0.615249 0
    outer loop
      vertex 13.1245 20.366 17.7
      vertex 13.0822 20.3118 10
      vertex 13.0822 20.3118 17.7
    endloop
  endfacet
  facet normal 0.689437 -0.724345 0
    outer loop
      vertex 11.01 22.1899 10
      vertex 11.0598 22.2373 17.7
      vertex 11.01 22.1899 17.7
    endloop
  endfacet
  facet normal 0.689437 -0.724345 0
    outer loop
      vertex 11.0598 22.2373 17.7
      vertex 11.01 22.1899 10
      vertex 11.0598 22.2373 10
    endloop
  endfacet
  facet normal -0.817451 0.575998 0
    outer loop
      vertex 13.1245 20.366 10
      vertex 13.1641 20.4222 17.7
      vertex 13.1641 20.4222 10
    endloop
  endfacet
  facet normal -0.817451 0.575998 0
    outer loop
      vertex 13.1641 20.4222 17.7
      vertex 13.1245 20.366 10
      vertex 13.1245 20.366 17.7
    endloop
  endfacet
  facet normal -0.123677 0.992323 0
    outer loop
      vertex 12.2054 19.8152 10
      vertex 12.1372 19.8067 17.7
      vertex 12.2054 19.8152 17.7
    endloop
  endfacet
  facet normal -0.123677 0.992323 0
    outer loop
      vertex 12.1372 19.8067 17.7
      vertex 12.2054 19.8152 10
      vertex 12.1372 19.8067 10
    endloop
  endfacet
  facet normal -0.360342 0.93282 0
    outer loop
      vertex 12.5358 19.9066 10
      vertex 12.4716 19.8818 17.7
      vertex 12.5358 19.9066 17.7
    endloop
  endfacet
  facet normal -0.360342 0.93282 0
    outer loop
      vertex 12.4716 19.8818 17.7
      vertex 12.5358 19.9066 10
      vertex 12.4716 19.8818 10
    endloop
  endfacet
  facet normal -0.44954 0.89326 0
    outer loop
      vertex 12.66 19.9653 10
      vertex 12.5986 19.9344 17.7
      vertex 12.66 19.9653 17.7
    endloop
  endfacet
  facet normal -0.44954 0.89326 0
    outer loop
      vertex 12.5986 19.9344 17.7
      vertex 12.66 19.9653 10
      vertex 12.5986 19.9344 10
    endloop
  endfacet
  facet normal -0.44954 -0.89326 0
    outer loop
      vertex 12.5986 22.4656 10
      vertex 12.66 22.4347 17.7
      vertex 12.5986 22.4656 17.7
    endloop
  endfacet
  facet normal -0.44954 -0.89326 -0
    outer loop
      vertex 12.66 22.4347 17.7
      vertex 12.5986 22.4656 10
      vertex 12.66 22.4347 10
    endloop
  endfacet
  facet normal 0.963851 0.266442 0
    outer loop
      vertex 10.6603 20.7936 17.7
      vertex 10.642 20.8598 10
      vertex 10.642 20.8598 17.7
    endloop
  endfacet
  facet normal 0.963851 0.266442 0
    outer loop
      vertex 10.642 20.8598 10
      vertex 10.6603 20.7936 17.7
      vertex 10.6603 20.7936 10
    endloop
  endfacet
  facet normal 0.404787 -0.914411 0
    outer loop
      vertex 11.4014 22.4656 10
      vertex 11.4642 22.4934 17.7
      vertex 11.4014 22.4656 17.7
    endloop
  endfacet
  facet normal 0.404787 -0.914411 0
    outer loop
      vertex 11.4642 22.4934 17.7
      vertex 11.4014 22.4656 10
      vertex 11.4642 22.4934 10
    endloop
  endfacet
  facet normal 0.845454 0.534048 0
    outer loop
      vertex 10.8359 20.4222 17.7
      vertex 10.7992 20.4803 10
      vertex 10.7992 20.4803 17.7
    endloop
  endfacet
  facet normal 0.845454 0.534048 0
    outer loop
      vertex 10.7992 20.4803 10
      vertex 10.8359 20.4222 17.7
      vertex 10.8359 20.4222 10
    endloop
  endfacet
  facet normal 0.534048 0.845454 -0
    outer loop
      vertex 11.2803 19.9992 10
      vertex 11.2222 20.0359 17.7
      vertex 11.2803 19.9992 17.7
    endloop
  endfacet
  facet normal 0.534048 0.845454 0
    outer loop
      vertex 11.2222 20.0359 17.7
      vertex 11.2803 19.9992 10
      vertex 11.2222 20.0359 10
    endloop
  endfacet
  facet normal 0.575998 -0.817451 0
    outer loop
      vertex 11.166 22.3245 10
      vertex 11.2222 22.3641 17.7
      vertex 11.166 22.3245 17.7
    endloop
  endfacet
  facet normal 0.575998 -0.817451 0
    outer loop
      vertex 11.2222 22.3641 17.7
      vertex 11.166 22.3245 10
      vertex 11.2222 22.3641 10
    endloop
  endfacet
  facet normal -0.615249 -0.788333 0
    outer loop
      vertex 12.834 22.3245 10
      vertex 12.8882 22.2822 17.7
      vertex 12.834 22.3245 17.7
    endloop
  endfacet
  facet normal -0.615249 -0.788333 -0
    outer loop
      vertex 12.8882 22.2822 17.7
      vertex 12.834 22.3245 10
      vertex 12.8882 22.2822 10
    endloop
  endfacet
  facet normal 0.788333 0.615249 0
    outer loop
      vertex 10.9178 20.3118 17.7
      vertex 10.8755 20.366 10
      vertex 10.8755 20.366 17.7
    endloop
  endfacet
  facet normal 0.788333 0.615249 0
    outer loop
      vertex 10.8755 20.366 10
      vertex 10.9178 20.3118 17.7
      vertex 10.9178 20.3118 10
    endloop
  endfacet
  facet normal -0.493784 0.869584 0
    outer loop
      vertex 12.7197 19.9992 10
      vertex 12.66 19.9653 17.7
      vertex 12.7197 19.9992 17.7
    endloop
  endfacet
  facet normal -0.493784 0.869584 0
    outer loop
      vertex 12.66 19.9653 17.7
      vertex 12.7197 19.9992 10
      vertex 12.66 19.9653 10
    endloop
  endfacet
  facet normal 0.653544 0.756888 -0
    outer loop
      vertex 11.1118 20.1178 10
      vertex 11.0598 20.1627 17.7
      vertex 11.1118 20.1178 17.7
    endloop
  endfacet
  facet normal 0.653544 0.756888 0
    outer loop
      vertex 11.0598 20.1627 17.7
      vertex 11.1118 20.1178 10
      vertex 11.0598 20.1627 10
    endloop
  endfacet
  facet normal -0.93282 0.360342 0
    outer loop
      vertex 13.2934 20.6642 10
      vertex 13.3182 20.7284 17.7
      vertex 13.3182 20.7284 10
    endloop
  endfacet
  facet normal -0.93282 0.360342 0
    outer loop
      vertex 13.3182 20.7284 17.7
      vertex 13.2934 20.6642 10
      vertex 13.2934 20.6642 17.7
    endloop
  endfacet
  facet normal -0.963851 0.266442 0
    outer loop
      vertex 13.3397 20.7936 10
      vertex 13.358 20.8598 17.7
      vertex 13.358 20.8598 10
    endloop
  endfacet
  facet normal -0.963851 0.266442 0
    outer loop
      vertex 13.358 20.8598 17.7
      vertex 13.3397 20.7936 10
      vertex 13.3397 20.7936 17.7
    endloop
  endfacet
  facet normal 0.999694 0.0247377 0
    outer loop
      vertex 10.6017 21.1313 17.7
      vertex 10.6 21.2 10
      vertex 10.6 21.2 17.7
    endloop
  endfacet
  facet normal 0.999694 0.0247377 0
    outer loop
      vertex 10.6 21.2 10
      vertex 10.6017 21.1313 17.7
      vertex 10.6017 21.1313 10
    endloop
  endfacet
  facet normal 0.992323 -0.123677 0
    outer loop
      vertex 10.6067 21.3372 17.7
      vertex 10.6152 21.4054 10
      vertex 10.6152 21.4054 17.7
    endloop
  endfacet
  facet normal 0.992323 -0.123677 0
    outer loop
      vertex 10.6152 21.4054 10
      vertex 10.6067 21.3372 17.7
      vertex 10.6067 21.3372 10
    endloop
  endfacet
  facet normal -0.975602 -0.219547 0
    outer loop
      vertex 13.3731 21.4731 10
      vertex 13.358 21.5402 17.7
      vertex 13.358 21.5402 10
    endloop
  endfacet
  facet normal -0.975602 -0.219547 0
    outer loop
      vertex 13.358 21.5402 17.7
      vertex 13.3731 21.4731 10
      vertex 13.3731 21.4731 17.7
    endloop
  endfacet
  facet normal 0.997347 -0.072799 0
    outer loop
      vertex 10.6017 21.2687 17.7
      vertex 10.6067 21.3372 10
      vertex 10.6067 21.3372 17.7
    endloop
  endfacet
  facet normal 0.997347 -0.072799 0
    outer loop
      vertex 10.6067 21.3372 10
      vertex 10.6017 21.2687 17.7
      vertex 10.6017 21.2687 10
    endloop
  endfacet
  facet normal 0.0247377 0.999694 -0
    outer loop
      vertex 12 19.8 10
      vertex 11.9313 19.8017 17.7
      vertex 12 19.8 17.7
    endloop
  endfacet
  facet normal 0.0247377 0.999694 0
    outer loop
      vertex 11.9313 19.8017 17.7
      vertex 12 19.8 10
      vertex 11.9313 19.8017 10
    endloop
  endfacet
  facet normal 0.975602 0.219547 0
    outer loop
      vertex 10.642 20.8598 17.7
      vertex 10.6269 20.9269 10
      vertex 10.6269 20.9269 17.7
    endloop
  endfacet
  facet normal 0.975602 0.219547 0
    outer loop
      vertex 10.6269 20.9269 10
      vertex 10.642 20.8598 17.7
      vertex 10.642 20.8598 10
    endloop
  endfacet
  facet normal -0.999694 0.0247377 0
    outer loop
      vertex 13.3983 21.1313 10
      vertex 13.4 21.2 17.7
      vertex 13.4 21.2 10
    endloop
  endfacet
  facet normal -0.999694 0.0247377 0
    outer loop
      vertex 13.4 21.2 17.7
      vertex 13.3983 21.1313 10
      vertex 13.3983 21.1313 17.7
    endloop
  endfacet
  facet normal 0.653544 -0.756888 0
    outer loop
      vertex 11.0598 22.2373 10
      vertex 11.1118 22.2822 17.7
      vertex 11.0598 22.2373 17.7
    endloop
  endfacet
  facet normal 0.653544 -0.756888 0
    outer loop
      vertex 11.1118 22.2822 17.7
      vertex 11.0598 22.2373 10
      vertex 11.1118 22.2822 10
    endloop
  endfacet
  facet normal 0.072799 -0.997347 0
    outer loop
      vertex 11.8628 22.5933 10
      vertex 11.9313 22.5983 17.7
      vertex 11.8628 22.5933 17.7
    endloop
  endfacet
  facet normal 0.072799 -0.997347 0
    outer loop
      vertex 11.9313 22.5983 17.7
      vertex 11.8628 22.5933 10
      vertex 11.9313 22.5983 10
    endloop
  endfacet
  facet normal -0.963851 -0.266442 0
    outer loop
      vertex 13.358 21.5402 10
      vertex 13.3397 21.6064 17.7
      vertex 13.3397 21.6064 10
    endloop
  endfacet
  facet normal -0.963851 -0.266442 0
    outer loop
      vertex 13.3397 21.6064 17.7
      vertex 13.358 21.5402 10
      vertex 13.358 21.5402 17.7
    endloop
  endfacet
  facet normal 0.869584 -0.493784 0
    outer loop
      vertex 10.7653 21.86 17.7
      vertex 10.7992 21.9197 10
      vertex 10.7992 21.9197 17.7
    endloop
  endfacet
  facet normal 0.869584 -0.493784 0
    outer loop
      vertex 10.7992 21.9197 10
      vertex 10.7653 21.86 17.7
      vertex 10.7653 21.86 10
    endloop
  endfacet
  facet normal -0.869584 -0.493784 0
    outer loop
      vertex 13.2347 21.86 10
      vertex 13.2008 21.9197 17.7
      vertex 13.2008 21.9197 10
    endloop
  endfacet
  facet normal -0.869584 -0.493784 0
    outer loop
      vertex 13.2008 21.9197 17.7
      vertex 13.2347 21.86 10
      vertex 13.2347 21.86 17.7
    endloop
  endfacet
  facet normal -0.360342 -0.93282 0
    outer loop
      vertex 12.4716 22.5182 10
      vertex 12.5358 22.4934 17.7
      vertex 12.4716 22.5182 17.7
    endloop
  endfacet
  facet normal -0.360342 -0.93282 -0
    outer loop
      vertex 12.5358 22.4934 17.7
      vertex 12.4716 22.5182 10
      vertex 12.5358 22.4934 10
    endloop
  endfacet
  facet normal -0.89326 -0.44954 0
    outer loop
      vertex 13.2656 21.7986 10
      vertex 13.2347 21.86 17.7
      vertex 13.2347 21.86 10
    endloop
  endfacet
  facet normal -0.89326 -0.44954 0
    outer loop
      vertex 13.2347 21.86 17.7
      vertex 13.2656 21.7986 10
      vertex 13.2656 21.7986 17.7
    endloop
  endfacet
  facet normal -0.985393 0.170297 0
    outer loop
      vertex 13.3731 20.9269 10
      vertex 13.3848 20.9946 17.7
      vertex 13.3848 20.9946 10
    endloop
  endfacet
  facet normal -0.985393 0.170297 0
    outer loop
      vertex 13.3848 20.9946 17.7
      vertex 13.3731 20.9269 10
      vertex 13.3731 20.9269 17.7
    endloop
  endfacet
  facet normal -0.949698 -0.313167 0
    outer loop
      vertex 13.3397 21.6064 10
      vertex 13.3182 21.6716 17.7
      vertex 13.3182 21.6716 10
    endloop
  endfacet
  facet normal -0.949698 -0.313167 0
    outer loop
      vertex 13.3182 21.6716 17.7
      vertex 13.3397 21.6064 10
      vertex 13.3397 21.6064 17.7
    endloop
  endfacet
  facet normal -0.404787 0.914411 0
    outer loop
      vertex 12.5986 19.9344 10
      vertex 12.5358 19.9066 17.7
      vertex 12.5986 19.9344 17.7
    endloop
  endfacet
  facet normal -0.404787 0.914411 0
    outer loop
      vertex 12.5358 19.9066 17.7
      vertex 12.5986 19.9344 10
      vertex 12.5358 19.9066 10
    endloop
  endfacet
  facet normal -0.817451 -0.575998 0
    outer loop
      vertex 13.1641 21.9778 10
      vertex 13.1245 22.034 17.7
      vertex 13.1245 22.034 10
    endloop
  endfacet
  facet normal -0.817451 -0.575998 0
    outer loop
      vertex 13.1245 22.034 17.7
      vertex 13.1641 21.9778 10
      vertex 13.1641 21.9778 17.7
    endloop
  endfacet
  facet normal -0.845454 -0.534048 0
    outer loop
      vertex 13.2008 21.9197 10
      vertex 13.1641 21.9778 17.7
      vertex 13.1641 21.9778 10
    endloop
  endfacet
  facet normal -0.845454 -0.534048 0
    outer loop
      vertex 13.1641 21.9778 17.7
      vertex 13.2008 21.9197 10
      vertex 13.2008 21.9197 17.7
    endloop
  endfacet
  facet normal -0.219547 0.975602 0
    outer loop
      vertex 12.3402 19.842 10
      vertex 12.2731 19.8269 17.7
      vertex 12.3402 19.842 17.7
    endloop
  endfacet
  facet normal -0.219547 0.975602 0
    outer loop
      vertex 12.2731 19.8269 17.7
      vertex 12.3402 19.842 10
      vertex 12.2731 19.8269 10
    endloop
  endfacet
  facet normal -0.575998 -0.817451 0
    outer loop
      vertex 12.7778 22.3641 10
      vertex 12.834 22.3245 17.7
      vertex 12.7778 22.3641 17.7
    endloop
  endfacet
  facet normal -0.575998 -0.817451 -0
    outer loop
      vertex 12.834 22.3245 17.7
      vertex 12.7778 22.3641 10
      vertex 12.834 22.3245 10
    endloop
  endfacet
  facet normal 0.992323 0.123677 0
    outer loop
      vertex 10.6152 20.9946 17.7
      vertex 10.6067 21.0628 10
      vertex 10.6067 21.0628 17.7
    endloop
  endfacet
  facet normal 0.992323 0.123677 0
    outer loop
      vertex 10.6067 21.0628 10
      vertex 10.6152 20.9946 17.7
      vertex 10.6152 20.9946 10
    endloop
  endfacet
  facet normal 0.724381 -0.6894 0
    outer loop
      vertex 10.9627 22.1402 17.7
      vertex 11.01 22.1899 10
      vertex 11.01 22.1899 17.7
    endloop
  endfacet
  facet normal 0.724381 -0.6894 0
    outer loop
      vertex 11.01 22.1899 10
      vertex 10.9627 22.1402 17.7
      vertex 10.9627 22.1402 10
    endloop
  endfacet
  facet normal -0.869584 0.493784 0
    outer loop
      vertex 13.2008 20.4803 10
      vertex 13.2347 20.54 17.7
      vertex 13.2347 20.54 10
    endloop
  endfacet
  facet normal -0.869584 0.493784 0
    outer loop
      vertex 13.2347 20.54 17.7
      vertex 13.2008 20.4803 10
      vertex 13.2008 20.4803 17.7
    endloop
  endfacet
  facet normal -0.756888 0.653544 0
    outer loop
      vertex 13.0373 20.2598 10
      vertex 13.0822 20.3118 17.7
      vertex 13.0822 20.3118 10
    endloop
  endfacet
  facet normal -0.756888 0.653544 0
    outer loop
      vertex 13.0822 20.3118 17.7
      vertex 13.0373 20.2598 10
      vertex 13.0373 20.2598 17.7
    endloop
  endfacet
  facet normal -0.404787 -0.914411 0
    outer loop
      vertex 12.5358 22.4934 10
      vertex 12.5986 22.4656 17.7
      vertex 12.5358 22.4934 17.7
    endloop
  endfacet
  facet normal -0.404787 -0.914411 -0
    outer loop
      vertex 12.5986 22.4656 17.7
      vertex 12.5358 22.4934 10
      vertex 12.5986 22.4656 10
    endloop
  endfacet
  facet normal -0.534048 -0.845454 0
    outer loop
      vertex 12.7197 22.4008 10
      vertex 12.7778 22.3641 17.7
      vertex 12.7197 22.4008 17.7
    endloop
  endfacet
  facet normal -0.534048 -0.845454 -0
    outer loop
      vertex 12.7778 22.3641 17.7
      vertex 12.7197 22.4008 10
      vertex 12.7778 22.3641 10
    endloop
  endfacet
  facet normal -0.534048 0.845454 0
    outer loop
      vertex 12.7778 20.0359 10
      vertex 12.7197 19.9992 17.7
      vertex 12.7778 20.0359 17.7
    endloop
  endfacet
  facet normal -0.534048 0.845454 0
    outer loop
      vertex 12.7197 19.9992 17.7
      vertex 12.7778 20.0359 10
      vertex 12.7197 19.9992 10
    endloop
  endfacet
  facet normal 0.817451 -0.575998 0
    outer loop
      vertex 10.8359 21.9778 17.7
      vertex 10.8755 22.034 10
      vertex 10.8755 22.034 17.7
    endloop
  endfacet
  facet normal 0.817451 -0.575998 0
    outer loop
      vertex 10.8755 22.034 10
      vertex 10.8359 21.9778 17.7
      vertex 10.8359 21.9778 10
    endloop
  endfacet
  facet normal -0.493784 -0.869584 0
    outer loop
      vertex 12.66 22.4347 10
      vertex 12.7197 22.4008 17.7
      vertex 12.66 22.4347 17.7
    endloop
  endfacet
  facet normal -0.493784 -0.869584 -0
    outer loop
      vertex 12.7197 22.4008 17.7
      vertex 12.66 22.4347 10
      vertex 12.7197 22.4008 10
    endloop
  endfacet
  facet normal -0.975602 0.219547 0
    outer loop
      vertex 13.358 20.8598 10
      vertex 13.3731 20.9269 17.7
      vertex 13.3731 20.9269 10
    endloop
  endfacet
  facet normal -0.975602 0.219547 0
    outer loop
      vertex 13.3731 20.9269 17.7
      vertex 13.358 20.8598 10
      vertex 13.358 20.8598 17.7
    endloop
  endfacet
  facet normal 0.869584 0.493784 0
    outer loop
      vertex 10.7992 20.4803 17.7
      vertex 10.7653 20.54 10
      vertex 10.7653 20.54 17.7
    endloop
  endfacet
  facet normal 0.869584 0.493784 0
    outer loop
      vertex 10.7653 20.54 10
      vertex 10.7992 20.4803 17.7
      vertex 10.7992 20.4803 10
    endloop
  endfacet
  facet normal -0.6894 0.724381 0
    outer loop
      vertex 12.9899 20.21 10
      vertex 12.9402 20.1627 17.7
      vertex 12.9899 20.21 17.7
    endloop
  endfacet
  facet normal -0.6894 0.724381 0
    outer loop
      vertex 12.9402 20.1627 17.7
      vertex 12.9899 20.21 10
      vertex 12.9402 20.1627 10
    endloop
  endfacet
  facet normal 0 0 1
    outer loop
      vertex 13.3983 21.2687 10
      vertex 13.3983 21.1313 10
      vertex 13.4 21.2 10
    endloop
  endfacet
  facet normal 0 0 1
    outer loop
      vertex 13.3933 21.3372 10
      vertex 13.3983 21.1313 10
      vertex 13.3983 21.2687 10
    endloop
  endfacet
  facet normal 0 0 1
    outer loop
      vertex 13.3933 21.3372 10
      vertex 13.3933 21.0628 10
      vertex 13.3983 21.1313 10
    endloop
  endfacet
  facet normal 0 0 1
    outer loop
      vertex 13.3848 21.4054 10
      vertex 13.3933 21.0628 10
      vertex 13.3933 21.3372 10
    endloop
  endfacet
  facet normal 0 0 1
    outer loop
      vertex 13.3848 21.4054 10
      vertex 13.3848 20.9946 10
      vertex 13.3933 21.0628 10
    endloop
  endfacet
  facet normal 0 0 1
    outer loop
      vertex 13.3731 21.4731 10
      vertex 13.3848 20.9946 10
      vertex 13.3848 21.4054 10
    endloop
  endfacet
  facet normal 0 0 1
    outer loop
      vertex 13.3731 21.4731 10
      vertex 13.3731 20.9269 10
      vertex 13.3848 20.9946 10
    endloop
  endfacet
  facet normal 0 0 1
    outer loop
      vertex 13.358 21.5402 10
      vertex 13.3731 20.9269 10
      vertex 13.3731 21.4731 10
    endloop
  endfacet
  facet normal 0 0 1
    outer loop
      vertex 13.358 21.5402 10
      vertex 13.358 20.8598 10
      vertex 13.3731 20.9269 10
    endloop
  endfacet
  facet normal 0 0 1
    outer loop
      vertex 13.3397 21.6064 10
      vertex 13.358 20.8598 10
      vertex 13.358 21.5402 10
    endloop
  endfacet
  facet normal 0 0 1
    outer loop
      vertex 13.3397 21.6064 10
      vertex 13.3397 20.7936 10
      vertex 13.358 20.8598 10
    endloop
  endfacet
  facet normal 0 0 1
    outer loop
      vertex 13.3182 21.6716 10
      vertex 13.3397 20.7936 10
      vertex 13.3397 21.6064 10
    endloop
  endfacet
  facet normal 0 0 1
    outer loop
      vertex 13.3182 21.6716 10
      vertex 13.3182 20.7284 10
      vertex 13.3397 20.7936 10
    endloop
  endfacet
  facet normal 0 0 1
    outer loop
      vertex 13.2934 21.7358 10
      vertex 13.3182 20.7284 10
      vertex 13.3182 21.6716 10
    endloop
  endfacet
  facet normal 0 0 1
    outer loop
      vertex 13.2934 21.7358 10
      vertex 13.2934 20.6642 10
      vertex 13.3182 20.7284 10
    endloop
  endfacet
  facet normal 0 0 1
    outer loop
      vertex 13.2656 21.7986 10
      vertex 13.2934 20.6642 10
      vertex 13.2934 21.7358 10
    endloop
  endfacet
  facet normal 0 0 1
    outer loop
      vertex 13.2656 21.7986 10
      vertex 13.2656 20.6014 10
      vertex 13.2934 20.6642 10
    endloop
  endfacet
  facet normal 0 0 1
    outer loop
      vertex 13.2347 21.86 10
      vertex 13.2656 20.6014 10
      vertex 13.2656 21.7986 10
    endloop
  endfacet
  facet normal 0 0 1
    outer loop
      vertex 13.2347 21.86 10
      vertex 13.2347 20.54 10
      vertex 13.2656 20.6014 10
    endloop
  endfacet
  facet normal 0 0 1
    outer loop
      vertex 13.2008 21.9197 10
      vertex 13.2347 20.54 10
      vertex 13.2347 21.86 10
    endloop
  endfacet
  facet normal 0 0 1
    outer loop
      vertex 13.2008 21.9197 10
      vertex 13.2008 20.4803 10
      vertex 13.2347 20.54 10
    endloop
  endfacet
  facet normal 0 0 1
    outer loop
      vertex 13.1641 21.9778 10
      vertex 13.2008 20.4803 10
      vertex 13.2008 21.9197 10
    endloop
  endfacet
  facet normal 0 0 1
    outer loop
      vertex 13.1641 21.9778 10
      vertex 13.1641 20.4222 10
      vertex 13.2008 20.4803 10
    endloop
  endfacet
  facet normal 0 0 1
    outer loop
      vertex 13.1245 22.034 10
      vertex 13.1641 20.4222 10
      vertex 13.1641 21.9778 10
    endloop
  endfacet
  facet normal 0 0 1
    outer loop
      vertex 13.1245 22.034 10
      vertex 13.1245 20.366 10
      vertex 13.1641 20.4222 10
    endloop
  endfacet
  facet normal 0 0 1
    outer loop
      vertex 13.0822 22.0882 10
      vertex 13.1245 20.366 10
      vertex 13.1245 22.034 10
    endloop
  endfacet
  facet normal 0 0 1
    outer loop
      vertex 13.0822 22.0882 10
      vertex 13.0822 20.3118 10
      vertex 13.1245 20.366 10
    endloop
  endfacet
  facet normal 0 0 1
    outer loop
      vertex 13.0373 22.1402 10
      vertex 13.0822 20.3118 10
      vertex 13.0822 22.0882 10
    endloop
  endfacet
  facet normal 0 0 1
    outer loop
      vertex 13.0373 22.1402 10
      vertex 13.0373 20.2598 10
      vertex 13.0822 20.3118 10
    endloop
  endfacet
  facet normal 0 0 1
    outer loop
      vertex 12.9899 22.1899 10
      vertex 13.0373 20.2598 10
      vertex 13.0373 22.1402 10
    endloop
  endfacet
  facet normal 0 0 1
    outer loop
      vertex 12.9899 22.1899 10
      vertex 12.9899 20.21 10
      vertex 13.0373 20.2598 10
    endloop
  endfacet
  facet normal 0 0 1
    outer loop
      vertex 12.9402 22.2373 10
      vertex 12.9899 20.21 10
      vertex 12.9899 22.1899 10
    endloop
  endfacet
  facet normal 0 0 1
    outer loop
      vertex 12.9402 22.2373 10
      vertex 12.9402 20.1627 10
      vertex 12.9899 20.21 10
    endloop
  endfacet
  facet normal 0 0 1
    outer loop
      vertex 12.8882 22.2822 10
      vertex 12.9402 20.1627 10
      vertex 12.9402 22.2373 10
    endloop
  endfacet
  facet normal 0 0 1
    outer loop
      vertex 12.8882 22.2822 10
      vertex 12.8882 20.1178 10
      vertex 12.9402 20.1627 10
    endloop
  endfacet
  facet normal 0 0 1
    outer loop
      vertex 12.834 22.3245 10
      vertex 12.8882 20.1178 10
      vertex 12.8882 22.2822 10
    endloop
  endfacet
  facet normal 0 0 1
    outer loop
      vertex 12.834 22.3245 10
      vertex 12.834 20.0755 10
      vertex 12.8882 20.1178 10
    endloop
  endfacet
  facet normal 0 0 1
    outer loop
      vertex 12.7778 22.3641 10
      vertex 12.834 20.0755 10
      vertex 12.834 22.3245 10
    endloop
  endfacet
  facet normal 0 0 1
    outer loop
      vertex 12.7778 22.3641 10
      vertex 12.7778 20.0359 10
      vertex 12.834 20.0755 10
    endloop
  endfacet
  facet normal 0 0 1
    outer loop
      vertex 12.7197 22.4008 10
      vertex 12.7778 20.0359 10
      vertex 12.7778 22.3641 10
    endloop
  endfacet
  facet normal 0 0 1
    outer loop
      vertex 12.7197 22.4008 10
      vertex 12.7197 19.9992 10
      vertex 12.7778 20.0359 10
    endloop
  endfacet
  facet normal 0 0 1
    outer loop
      vertex 12.66 22.4347 10
      vertex 12.7197 19.9992 10
      vertex 12.7197 22.4008 10
    endloop
  endfacet
  facet normal 0 0 1
    outer loop
      vertex 12.66 22.4347 10
      vertex 12.66 19.9653 10
      vertex 12.7197 19.9992 10
    endloop
  endfacet
  facet normal 0 0 1
    outer loop
      vertex 12.5986 22.4656 10
      vertex 12.66 19.9653 10
      vertex 12.66 22.4347 10
    endloop
  endfacet
  facet normal 0 0 1
    outer loop
      vertex 12.5986 22.4656 10
      vertex 12.5986 19.9344 10
      vertex 12.66 19.9653 10
    endloop
  endfacet
  facet normal 0 0 1
    outer loop
      vertex 12.5358 22.4934 10
      vertex 12.5986 19.9344 10
      vertex 12.5986 22.4656 10
    endloop
  endfacet
  facet normal 0 0 1
    outer loop
      vertex 12.5358 22.4934 10
      vertex 12.5358 19.9066 10
      vertex 12.5986 19.9344 10
    endloop
  endfacet
  facet normal 0 0 1
    outer loop
      vertex 12.4716 22.5182 10
      vertex 12.5358 19.9066 10
      vertex 12.5358 22.4934 10
    endloop
  endfacet
  facet normal 0 0 1
    outer loop
      vertex 12.4716 22.5182 10
      vertex 12.4716 19.8818 10
      vertex 12.5358 19.9066 10
    endloop
  endfacet
  facet normal 0 0 1
    outer loop
      vertex 12.4064 22.5397 10
      vertex 12.4716 19.8818 10
      vertex 12.4716 22.5182 10
    endloop
  endfacet
  facet normal 0 0 1
    outer loop
      vertex 12.4064 22.5397 10
      vertex 12.4064 19.8603 10
      vertex 12.4716 19.8818 10
    endloop
  endfacet
  facet normal 0 0 1
    outer loop
      vertex 12.3402 22.558 10
      vertex 12.4064 19.8603 10
      vertex 12.4064 22.5397 10
    endloop
  endfacet
  facet normal 0 0 1
    outer loop
      vertex 12.3402 22.558 10
      vertex 12.3402 19.842 10
      vertex 12.4064 19.8603 10
    endloop
  endfacet
  facet normal 0 0 1
    outer loop
      vertex 12.2731 22.5731 10
      vertex 12.3402 19.842 10
      vertex 12.3402 22.558 10
    endloop
  endfacet
  facet normal 0 0 1
    outer loop
      vertex 12.2731 22.5731 10
      vertex 12.2731 19.8269 10
      vertex 12.3402 19.842 10
    endloop
  endfacet
  facet normal 0 0 1
    outer loop
      vertex 12.2054 22.5848 10
      vertex 12.2731 19.8269 10
      vertex 12.2731 22.5731 10
    endloop
  endfacet
  facet normal 0 0 1
    outer loop
      vertex 12.2054 22.5848 10
      vertex 12.2054 19.8152 10
      vertex 12.2731 19.8269 10
    endloop
  endfacet
  facet normal 0 0 1
    outer loop
      vertex 12.1372 22.5933 10
      vertex 12.2054 19.8152 10
      vertex 12.2054 22.5848 10
    endloop
  endfacet
  facet normal 0 0 1
    outer loop
      vertex 12.1372 22.5933 10
      vertex 12.1372 19.8067 10
      vertex 12.2054 19.8152 10
    endloop
  endfacet
  facet normal 0 0 1
    outer loop
      vertex 12.0687 22.5983 10
      vertex 12.1372 19.8067 10
      vertex 12.1372 22.5933 10
    endloop
  endfacet
  facet normal 0 0 1
    outer loop
      vertex 12.0687 22.5983 10
      vertex 12.0687 19.8017 10
      vertex 12.1372 19.8067 10
    endloop
  endfacet
  facet normal 0 0 1
    outer loop
      vertex 12 22.6 10
      vertex 12.0687 19.8017 10
      vertex 12.0687 22.5983 10
    endloop
  endfacet
  facet normal 0 0 1
    outer loop
      vertex 12 22.6 10
      vertex 12 19.8 10
      vertex 12.0687 19.8017 10
    endloop
  endfacet
  facet normal -0 0 1
    outer loop
      vertex 11.9313 22.5983 10
      vertex 12 19.8 10
      vertex 12 22.6 10
    endloop
  endfacet
  facet normal 0 0 1
    outer loop
      vertex 11.9313 22.5983 10
      vertex 11.9313 19.8017 10
      vertex 12 19.8 10
    endloop
  endfacet
  facet normal -0 0 1
    outer loop
      vertex 11.8628 22.5933 10
      vertex 11.9313 19.8017 10
      vertex 11.9313 22.5983 10
    endloop
  endfacet
  facet normal 0 0 1
    outer loop
      vertex 11.8628 22.5933 10
      vertex 11.8628 19.8067 10
      vertex 11.9313 19.8017 10
    endloop
  endfacet
  facet normal -0 0 1
    outer loop
      vertex 11.7946 22.5848 10
      vertex 11.8628 19.8067 10
      vertex 11.8628 22.5933 10
    endloop
  endfacet
  facet normal 0 0 1
    outer loop
      vertex 11.7946 22.5848 10
      vertex 11.7946 19.8152 10
      vertex 11.8628 19.8067 10
    endloop
  endfacet
  facet normal -0 0 1
    outer loop
      vertex 11.7269 22.5731 10
      vertex 11.7946 19.8152 10
      vertex 11.7946 22.5848 10
    endloop
  endfacet
  facet normal 0 0 1
    outer loop
      vertex 11.7269 22.5731 10
      vertex 11.7269 19.8269 10
      vertex 11.7946 19.8152 10
    endloop
  endfacet
  facet normal -0 0 1
    outer loop
      vertex 11.6598 22.558 10
      vertex 11.7269 19.8269 10
      vertex 11.7269 22.5731 10
    endloop
  endfacet
  facet normal 0 0 1
    outer loop
      vertex 11.6598 22.558 10
      vertex 11.6598 19.842 10
      vertex 11.7269 19.8269 10
    endloop
  endfacet
  facet normal -0 0 1
    outer loop
      vertex 11.5936 22.5397 10
      vertex 11.6598 19.842 10
      vertex 11.6598 22.558 10
    endloop
  endfacet
  facet normal 0 0 1
    outer loop
      vertex 11.5936 22.5397 10
      vertex 11.5936 19.8603 10
      vertex 11.6598 19.842 10
    endloop
  endfacet
  facet normal -0 0 1
    outer loop
      vertex 11.5284 22.5182 10
      vertex 11.5936 19.8603 10
      vertex 11.5936 22.5397 10
    endloop
  endfacet
  facet normal 0 0 1
    outer loop
      vertex 11.5284 22.5182 10
      vertex 11.5284 19.8818 10
      vertex 11.5936 19.8603 10
    endloop
  endfacet
  facet normal -0 0 1
    outer loop
      vertex 11.4642 22.4934 10
      vertex 11.5284 19.8818 10
      vertex 11.5284 22.5182 10
    endloop
  endfacet
  facet normal 0 0 1
    outer loop
      vertex 11.4642 22.4934 10
      vertex 11.4642 19.9066 10
      vertex 11.5284 19.8818 10
    endloop
  endfacet
  facet normal -0 0 1
    outer loop
      vertex 11.4014 22.4656 10
      vertex 11.4642 19.9066 10
      vertex 11.4642 22.4934 10
    endloop
  endfacet
  facet normal 0 0 1
    outer loop
      vertex 11.4014 22.4656 10
      vertex 11.4014 19.9344 10
      vertex 11.4642 19.9066 10
    endloop
  endfacet
  facet normal -0 0 1
    outer loop
      vertex 11.34 22.4347 10
      vertex 11.4014 19.9344 10
      vertex 11.4014 22.4656 10
    endloop
  endfacet
  facet normal 0 0 1
    outer loop
      vertex 11.34 22.4347 10
      vertex 11.34 19.9653 10
      vertex 11.4014 19.9344 10
    endloop
  endfacet
  facet normal -0 0 1
    outer loop
      vertex 11.2803 22.4008 10
      vertex 11.34 19.9653 10
      vertex 11.34 22.4347 10
    endloop
  endfacet
  facet normal 0 0 1
    outer loop
      vertex 11.2803 22.4008 10
      vertex 11.2803 19.9992 10
      vertex 11.34 19.9653 10
    endloop
  endfacet
  facet normal -0 0 1
    outer loop
      vertex 11.2222 22.3641 10
      vertex 11.2803 19.9992 10
      vertex 11.2803 22.4008 10
    endloop
  endfacet
  facet normal 0 0 1
    outer loop
      vertex 11.2222 22.3641 10
      vertex 11.2222 20.0359 10
      vertex 11.2803 19.9992 10
    endloop
  endfacet
  facet normal -0 0 1
    outer loop
      vertex 11.166 22.3245 10
      vertex 11.2222 20.0359 10
      vertex 11.2222 22.3641 10
    endloop
  endfacet
  facet normal 0 0 1
    outer loop
      vertex 11.166 22.3245 10
      vertex 11.166 20.0755 10
      vertex 11.2222 20.0359 10
    endloop
  endfacet
  facet normal -0 0 1
    outer loop
      vertex 11.1118 22.2822 10
      vertex 11.166 20.0755 10
      vertex 11.166 22.3245 10
    endloop
  endfacet
  facet normal 0 0 1
    outer loop
      vertex 11.1118 22.2822 10
      vertex 11.1118 20.1178 10
      vertex 11.166 20.0755 10
    endloop
  endfacet
  facet normal -0 0 1
    outer loop
      vertex 11.0598 22.2373 10
      vertex 11.1118 20.1178 10
      vertex 11.1118 22.2822 10
    endloop
  endfacet
  facet normal 0 0 1
    outer loop
      vertex 11.0598 22.2373 10
      vertex 11.0598 20.1627 10
      vertex 11.1118 20.1178 10
    endloop
  endfacet
  facet normal -0 0 1
    outer loop
      vertex 11.01 22.1899 10
      vertex 11.0598 20.1627 10
      vertex 11.0598 22.2373 10
    endloop
  endfacet
  facet normal 0 0 1
    outer loop
      vertex 11.01 22.1899 10
      vertex 11.01 20.21 10
      vertex 11.0598 20.1627 10
    endloop
  endfacet
  facet normal -0 0 1
    outer loop
      vertex 10.9627 22.1402 10
      vertex 11.01 20.21 10
      vertex 11.01 22.1899 10
    endloop
  endfacet
  facet normal 0 0 1
    outer loop
      vertex 10.9627 22.1402 10
      vertex 10.9627 20.2598 10
      vertex 11.01 20.21 10
    endloop
  endfacet
  facet normal -0 0 1
    outer loop
      vertex 10.9178 22.0882 10
      vertex 10.9627 20.2598 10
      vertex 10.9627 22.1402 10
    endloop
  endfacet
  facet normal 0 0 1
    outer loop
      vertex 10.9178 22.0882 10
      vertex 10.9178 20.3118 10
      vertex 10.9627 20.2598 10
    endloop
  endfacet
  facet normal -0 0 1
    outer loop
      vertex 10.8755 22.034 10
      vertex 10.9178 20.3118 10
      vertex 10.9178 22.0882 10
    endloop
  endfacet
  facet normal 0 0 1
    outer loop
      vertex 10.8755 22.034 10
      vertex 10.8755 20.366 10
      vertex 10.9178 20.3118 10
    endloop
  endfacet
  facet normal -0 0 1
    outer loop
      vertex 10.8359 21.9778 10
      vertex 10.8755 20.366 10
      vertex 10.8755 22.034 10
    endloop
  endfacet
  facet normal 0 0 1
    outer loop
      vertex 10.8359 21.9778 10
      vertex 10.8359 20.4222 10
      vertex 10.8755 20.366 10
    endloop
  endfacet
  facet normal -0 0 1
    outer loop
      vertex 10.7992 21.9197 10
      vertex 10.8359 20.4222 10
      vertex 10.8359 21.9778 10
    endloop
  endfacet
  facet normal 0 0 1
    outer loop
      vertex 10.7992 21.9197 10
      vertex 10.7992 20.4803 10
      vertex 10.8359 20.4222 10
    endloop
  endfacet
  facet normal -0 0 1
    outer loop
      vertex 10.7653 21.86 10
      vertex 10.7992 20.4803 10
      vertex 10.7992 21.9197 10
    endloop
  endfacet
  facet normal 0 0 1
    outer loop
      vertex 10.7653 21.86 10
      vertex 10.7653 20.54 10
      vertex 10.7992 20.4803 10
    endloop
  endfacet
  facet normal -0 0 1
    outer loop
      vertex 10.7344 21.7986 10
      vertex 10.7653 20.54 10
      vertex 10.7653 21.86 10
    endloop
  endfacet
  facet normal 0 0 1
    outer loop
      vertex 10.7344 21.7986 10
      vertex 10.7344 20.6014 10
      vertex 10.7653 20.54 10
    endloop
  endfacet
  facet normal -0 0 1
    outer loop
      vertex 10.7066 21.7358 10
      vertex 10.7344 20.6014 10
      vertex 10.7344 21.7986 10
    endloop
  endfacet
  facet normal 0 0 1
    outer loop
      vertex 10.7066 21.7358 10
      vertex 10.7066 20.6642 10
      vertex 10.7344 20.6014 10
    endloop
  endfacet
  facet normal -0 0 1
    outer loop
      vertex 10.6818 21.6716 10
      vertex 10.7066 20.6642 10
      vertex 10.7066 21.7358 10
    endloop
  endfacet
  facet normal 0 0 1
    outer loop
      vertex 10.6818 21.6716 10
      vertex 10.6818 20.7284 10
      vertex 10.7066 20.6642 10
    endloop
  endfacet
  facet normal -0 0 1
    outer loop
      vertex 10.6603 21.6064 10
      vertex 10.6818 20.7284 10
      vertex 10.6818 21.6716 10
    endloop
  endfacet
  facet normal 0 0 1
    outer loop
      vertex 10.6603 21.6064 10
      vertex 10.6603 20.7936 10
      vertex 10.6818 20.7284 10
    endloop
  endfacet
  facet normal -0 0 1
    outer loop
      vertex 10.642 21.5402 10
      vertex 10.6603 20.7936 10
      vertex 10.6603 21.6064 10
    endloop
  endfacet
  facet normal 0 0 1
    outer loop
      vertex 10.642 21.5402 10
      vertex 10.642 20.8598 10
      vertex 10.6603 20.7936 10
    endloop
  endfacet
  facet normal -0 0 1
    outer loop
      vertex 10.6269 21.4731 10
      vertex 10.642 20.8598 10
      vertex 10.642 21.5402 10
    endloop
  endfacet
  facet normal 0 0 1
    outer loop
      vertex 10.6269 21.4731 10
      vertex 10.6269 20.9269 10
      vertex 10.642 20.8598 10
    endloop
  endfacet
  facet normal -0 0 1
    outer loop
      vertex 10.6152 21.4054 10
      vertex 10.6269 20.9269 10
      vertex 10.6269 21.4731 10
    endloop
  endfacet
  facet normal 0 0 1
    outer loop
      vertex 10.6152 21.4054 10
      vertex 10.6152 20.9946 10
      vertex 10.6269 20.9269 10
    endloop
  endfacet
  facet normal -0 0 1
    outer loop
      vertex 10.6067 21.3372 10
      vertex 10.6152 20.9946 10
      vertex 10.6152 21.4054 10
    endloop
  endfacet
  facet normal 0 0 1
    outer loop
      vertex 10.6067 21.3372 10
      vertex 10.6067 21.0628 10
      vertex 10.6152 20.9946 10
    endloop
  endfacet
  facet normal -0 0 1
    outer loop
      vertex 10.6017 21.2687 10
      vertex 10.6067 21.0628 10
      vertex 10.6067 21.3372 10
    endloop
  endfacet
  facet normal 0 0 1
    outer loop
      vertex 10.6017 21.2687 10
      vertex 10.6017 21.1313 10
      vertex 10.6067 21.0628 10
    endloop
  endfacet
  facet normal 0 -0 1
    outer loop
      vertex 10.6017 21.1313 10
      vertex 10.6017 21.2687 10
      vertex 10.6 21.2 10
    endloop
  endfacet
  facet normal 0.44954 -0.89326 0
    outer loop
      vertex 11.34 22.4347 10
      vertex 11.4014 22.4656 17.7
      vertex 11.34 22.4347 17.7
    endloop
  endfacet
  facet normal 0.44954 -0.89326 0
    outer loop
      vertex 11.4014 22.4656 17.7
      vertex 11.34 22.4347 10
      vertex 11.4014 22.4656 10
    endloop
  endfacet
  facet normal 0.575998 0.817451 -0
    outer loop
      vertex 11.2222 20.0359 10
      vertex 11.166 20.0755 17.7
      vertex 11.2222 20.0359 17.7
    endloop
  endfacet
  facet normal 0.575998 0.817451 0
    outer loop
      vertex 11.166 20.0755 17.7
      vertex 11.2222 20.0359 10
      vertex 11.166 20.0755 10
    endloop
  endfacet
  facet normal 0.404787 0.914411 -0
    outer loop
      vertex 11.4642 19.9066 10
      vertex 11.4014 19.9344 17.7
      vertex 11.4642 19.9066 17.7
    endloop
  endfacet
  facet normal 0.404787 0.914411 0
    outer loop
      vertex 11.4014 19.9344 17.7
      vertex 11.4642 19.9066 10
      vertex 11.4014 19.9344 10
    endloop
  endfacet
  facet normal 0.615249 -0.788333 0
    outer loop
      vertex 11.1118 22.2822 10
      vertex 11.166 22.3245 17.7
      vertex 11.1118 22.2822 17.7
    endloop
  endfacet
  facet normal 0.615249 -0.788333 0
    outer loop
      vertex 11.166 22.3245 17.7
      vertex 11.1118 22.2822 10
      vertex 11.166 22.3245 10
    endloop
  endfacet
  facet normal -0.93282 -0.360342 0
    outer loop
      vertex 13.3182 21.6716 10
      vertex 13.2934 21.7358 17.7
      vertex 13.2934 21.7358 10
    endloop
  endfacet
  facet normal -0.93282 -0.360342 0
    outer loop
      vertex 13.2934 21.7358 17.7
      vertex 13.3182 21.6716 10
      vertex 13.3182 21.6716 17.7
    endloop
  endfacet
  facet normal 0.949698 0.313167 0
    outer loop
      vertex 10.6818 20.7284 17.7
      vertex 10.6603 20.7936 10
      vertex 10.6603 20.7936 17.7
    endloop
  endfacet
  facet normal 0.949698 0.313167 0
    outer loop
      vertex 10.6603 20.7936 10
      vertex 10.6818 20.7284 17.7
      vertex 10.6818 20.7284 10
    endloop
  endfacet
  facet normal -0.690164 -0.723653 0
    outer loop
      vertex 12.9402 22.2373 10
      vertex 12.9899 22.1899 17.7
      vertex 12.9402 22.2373 17.7
    endloop
  endfacet
  facet normal -0.690164 -0.723653 -0
    outer loop
      vertex 12.9899 22.1899 17.7
      vertex 12.9402 22.2373 10
      vertex 12.9899 22.1899 10
    endloop
  endfacet
  facet normal 0.997347 0.072799 0
    outer loop
      vertex 10.6067 21.0628 17.7
      vertex 10.6017 21.1313 10
      vertex 10.6017 21.1313 17.7
    endloop
  endfacet
  facet normal 0.997347 0.072799 0
    outer loop
      vertex 10.6017 21.1313 10
      vertex 10.6067 21.0628 17.7
      vertex 10.6067 21.0628 10
    endloop
  endfacet
  facet normal -0.0247377 0.999694 0
    outer loop
      vertex 12.0687 19.8017 10
      vertex 12 19.8 17.7
      vertex 12.0687 19.8017 17.7
    endloop
  endfacet
  facet normal -0.0247377 0.999694 0
    outer loop
      vertex 12 19.8 17.7
      vertex 12.0687 19.8017 10
      vertex 12 19.8 10
    endloop
  endfacet
  facet normal -0.123677 -0.992323 0
    outer loop
      vertex 12.1372 22.5933 10
      vertex 12.2054 22.5848 17.7
      vertex 12.1372 22.5933 17.7
    endloop
  endfacet
  facet normal -0.123677 -0.992323 -0
    outer loop
      vertex 12.2054 22.5848 17.7
      vertex 12.1372 22.5933 10
      vertex 12.2054 22.5848 10
    endloop
  endfacet
  facet normal 0.914411 0.404787 0
    outer loop
      vertex 10.7344 20.6014 17.7
      vertex 10.7066 20.6642 10
      vertex 10.7066 20.6642 17.7
    endloop
  endfacet
  facet normal 0.914411 0.404787 0
    outer loop
      vertex 10.7066 20.6642 10
      vertex 10.7344 20.6014 17.7
      vertex 10.7344 20.6014 10
    endloop
  endfacet
  facet normal -0.266442 0.963851 0
    outer loop
      vertex 12.4064 19.8603 10
      vertex 12.3402 19.842 17.7
      vertex 12.4064 19.8603 17.7
    endloop
  endfacet
  facet normal -0.266442 0.963851 0
    outer loop
      vertex 12.3402 19.842 17.7
      vertex 12.4064 19.8603 10
      vertex 12.3402 19.842 10
    endloop
  endfacet
  facet normal 0.170297 0.985393 -0
    outer loop
      vertex 11.7946 19.8152 10
      vertex 11.7269 19.8269 17.7
      vertex 11.7946 19.8152 17.7
    endloop
  endfacet
  facet normal 0.170297 0.985393 0
    outer loop
      vertex 11.7269 19.8269 17.7
      vertex 11.7946 19.8152 10
      vertex 11.7269 19.8269 10
    endloop
  endfacet
  facet normal 0.756888 -0.653544 0
    outer loop
      vertex 10.9178 22.0882 17.7
      vertex 10.9627 22.1402 10
      vertex 10.9627 22.1402 17.7
    endloop
  endfacet
  facet normal 0.756888 -0.653544 0
    outer loop
      vertex 10.9627 22.1402 10
      vertex 10.9178 22.0882 17.7
      vertex 10.9178 22.0882 10
    endloop
  endfacet
  facet normal -0.266442 -0.963851 0
    outer loop
      vertex 12.3402 22.558 10
      vertex 12.4064 22.5397 17.7
      vertex 12.3402 22.558 17.7
    endloop
  endfacet
  facet normal -0.266442 -0.963851 -0
    outer loop
      vertex 12.4064 22.5397 17.7
      vertex 12.3402 22.558 10
      vertex 12.4064 22.5397 10
    endloop
  endfacet
  facet normal 0.725072 0.688673 0
    outer loop
      vertex 11.01 20.21 17.7
      vertex 10.9627 20.2598 10
      vertex 10.9627 20.2598 17.7
    endloop
  endfacet
  facet normal 0.725072 0.688673 0
    outer loop
      vertex 10.9627 20.2598 10
      vertex 11.01 20.21 17.7
      vertex 11.01 20.21 10
    endloop
  endfacet
  facet normal 0.756888 0.653544 0
    outer loop
      vertex 10.9627 20.2598 17.7
      vertex 10.9178 20.3118 10
      vertex 10.9178 20.3118 17.7
    endloop
  endfacet
  facet normal 0.756888 0.653544 0
    outer loop
      vertex 10.9178 20.3118 10
      vertex 10.9627 20.2598 17.7
      vertex 10.9627 20.2598 10
    endloop
  endfacet
  facet normal -0.914411 -0.404787 0
    outer loop
      vertex 13.2934 21.7358 10
      vertex 13.2656 21.7986 17.7
      vertex 13.2656 21.7986 10
    endloop
  endfacet
  facet normal -0.914411 -0.404787 0
    outer loop
      vertex 13.2656 21.7986 17.7
      vertex 13.2934 21.7358 10
      vertex 13.2934 21.7358 17.7
    endloop
  endfacet
  facet normal 0.949698 -0.313167 0
    outer loop
      vertex 10.6603 21.6064 17.7
      vertex 10.6818 21.6716 10
      vertex 10.6818 21.6716 17.7
    endloop
  endfacet
  facet normal 0.949698 -0.313167 0
    outer loop
      vertex 10.6818 21.6716 10
      vertex 10.6603 21.6064 17.7
      vertex 10.6603 21.6064 10
    endloop
  endfacet
  facet normal -0.170297 0.985393 0
    outer loop
      vertex 12.2731 19.8269 10
      vertex 12.2054 19.8152 17.7
      vertex 12.2731 19.8269 17.7
    endloop
  endfacet
  facet normal -0.170297 0.985393 0
    outer loop
      vertex 12.2054 19.8152 17.7
      vertex 12.2731 19.8269 10
      vertex 12.2054 19.8152 10
    endloop
  endfacet
  facet normal 0.0247377 -0.999694 0
    outer loop
      vertex 11.9313 22.5983 10
      vertex 12 22.6 17.7
      vertex 11.9313 22.5983 17.7
    endloop
  endfacet
  facet normal 0.0247377 -0.999694 0
    outer loop
      vertex 12 22.6 17.7
      vertex 11.9313 22.5983 10
      vertex 12 22.6 10
    endloop
  endfacet
  facet normal -0.89326 0.44954 0
    outer loop
      vertex 13.2347 20.54 10
      vertex 13.2656 20.6014 17.7
      vertex 13.2656 20.6014 10
    endloop
  endfacet
  facet normal -0.89326 0.44954 0
    outer loop
      vertex 13.2656 20.6014 17.7
      vertex 13.2347 20.54 10
      vertex 13.2347 20.54 17.7
    endloop
  endfacet
  facet normal -0.949698 0.313167 0
    outer loop
      vertex 13.3182 20.7284 10
      vertex 13.3397 20.7936 17.7
      vertex 13.3397 20.7936 10
    endloop
  endfacet
  facet normal -0.949698 0.313167 0
    outer loop
      vertex 13.3397 20.7936 17.7
      vertex 13.3182 20.7284 10
      vertex 13.3182 20.7284 17.7
    endloop
  endfacet
  facet normal 0.534048 -0.845454 0
    outer loop
      vertex 11.2222 22.3641 10
      vertex 11.2803 22.4008 17.7
      vertex 11.2222 22.3641 17.7
    endloop
  endfacet
  facet normal 0.534048 -0.845454 0
    outer loop
      vertex 11.2803 22.4008 17.7
      vertex 11.2222 22.3641 10
      vertex 11.2803 22.4008 10
    endloop
  endfacet
  facet normal -0.313167 -0.949698 0
    outer loop
      vertex 12.4064 22.5397 10
      vertex 12.4716 22.5182 17.7
      vertex 12.4064 22.5397 17.7
    endloop
  endfacet
  facet normal -0.313167 -0.949698 -0
    outer loop
      vertex 12.4716 22.5182 17.7
      vertex 12.4064 22.5397 10
      vertex 12.4716 22.5182 10
    endloop
  endfacet
  facet normal 0.93282 -0.360342 0
    outer loop
      vertex 10.6818 21.6716 17.7
      vertex 10.7066 21.7358 10
      vertex 10.7066 21.7358 17.7
    endloop
  endfacet
  facet normal 0.93282 -0.360342 0
    outer loop
      vertex 10.7066 21.7358 10
      vertex 10.6818 21.6716 17.7
      vertex 10.6818 21.6716 10
    endloop
  endfacet
  facet normal 0.123677 0.992323 -0
    outer loop
      vertex 11.8628 19.8067 10
      vertex 11.7946 19.8152 17.7
      vertex 11.8628 19.8067 17.7
    endloop
  endfacet
  facet normal 0.123677 0.992323 0
    outer loop
      vertex 11.7946 19.8152 17.7
      vertex 11.8628 19.8067 10
      vertex 11.7946 19.8152 10
    endloop
  endfacet
  facet normal 0.493784 0.869584 -0
    outer loop
      vertex 11.34 19.9653 10
      vertex 11.2803 19.9992 17.7
      vertex 11.34 19.9653 17.7
    endloop
  endfacet
  facet normal 0.493784 0.869584 0
    outer loop
      vertex 11.2803 19.9992 17.7
      vertex 11.34 19.9653 10
      vertex 11.2803 19.9992 10
    endloop
  endfacet
  facet normal 0.360342 0.93282 -0
    outer loop
      vertex 11.5284 19.8818 10
      vertex 11.4642 19.9066 17.7
      vertex 11.5284 19.8818 17.7
    endloop
  endfacet
  facet normal 0.360342 0.93282 0
    outer loop
      vertex 11.4642 19.9066 17.7
      vertex 11.5284 19.8818 10
      vertex 11.4642 19.9066 10
    endloop
  endfacet
  facet normal 0.688673 0.725072 -0
    outer loop
      vertex 11.0598 20.1627 10
      vertex 11.01 20.21 17.7
      vertex 11.0598 20.1627 17.7
    endloop
  endfacet
  facet normal 0.688673 0.725072 0
    outer loop
      vertex 11.01 20.21 17.7
      vertex 11.0598 20.1627 10
      vertex 11.01 20.21 10
    endloop
  endfacet
  facet normal 0.817451 0.575998 0
    outer loop
      vertex 10.8755 20.366 17.7
      vertex 10.8359 20.4222 10
      vertex 10.8359 20.4222 17.7
    endloop
  endfacet
  facet normal 0.817451 0.575998 0
    outer loop
      vertex 10.8359 20.4222 10
      vertex 10.8755 20.366 17.7
      vertex 10.8755 20.366 10
    endloop
  endfacet
  facet normal 0.44954 0.89326 -0
    outer loop
      vertex 11.4014 19.9344 10
      vertex 11.34 19.9653 17.7
      vertex 11.4014 19.9344 17.7
    endloop
  endfacet
  facet normal 0.44954 0.89326 0
    outer loop
      vertex 11.34 19.9653 17.7
      vertex 11.4014 19.9344 10
      vertex 11.34 19.9653 10
    endloop
  endfacet
  facet normal 0.313167 -0.949698 0
    outer loop
      vertex 11.5284 22.5182 10
      vertex 11.5936 22.5397 17.7
      vertex 11.5284 22.5182 17.7
    endloop
  endfacet
  facet normal 0.313167 -0.949698 0
    outer loop
      vertex 11.5936 22.5397 17.7
      vertex 11.5284 22.5182 10
      vertex 11.5936 22.5397 10
    endloop
  endfacet
  facet normal -0.845454 0.534048 0
    outer loop
      vertex 13.1641 20.4222 10
      vertex 13.2008 20.4803 17.7
      vertex 13.2008 20.4803 10
    endloop
  endfacet
  facet normal -0.845454 0.534048 0
    outer loop
      vertex 13.2008 20.4803 17.7
      vertex 13.1641 20.4222 10
      vertex 13.1641 20.4222 17.7
    endloop
  endfacet
  facet normal -0.724345 0.689437 0
    outer loop
      vertex 12.9899 20.21 10
      vertex 13.0373 20.2598 17.7
      vertex 13.0373 20.2598 10
    endloop
  endfacet
  facet normal -0.724345 0.689437 0
    outer loop
      vertex 13.0373 20.2598 17.7
      vertex 12.9899 20.21 10
      vertex 12.9899 20.21 17.7
    endloop
  endfacet
  facet normal -0.788333 -0.615249 0
    outer loop
      vertex 13.1245 22.034 10
      vertex 13.0822 22.0882 17.7
      vertex 13.0822 22.0882 10
    endloop
  endfacet
  facet normal -0.788333 -0.615249 0
    outer loop
      vertex 13.0822 22.0882 17.7
      vertex 13.1245 22.034 10
      vertex 13.1245 22.034 17.7
    endloop
  endfacet
  facet normal 0.985393 -0.170297 0
    outer loop
      vertex 10.6152 21.4054 17.7
      vertex 10.6269 21.4731 10
      vertex 10.6269 21.4731 17.7
    endloop
  endfacet
  facet normal 0.985393 -0.170297 0
    outer loop
      vertex 10.6269 21.4731 10
      vertex 10.6152 21.4054 17.7
      vertex 10.6152 21.4054 10
    endloop
  endfacet
  facet normal 0.313167 0.949698 -0
    outer loop
      vertex 11.5936 19.8603 10
      vertex 11.5284 19.8818 17.7
      vertex 11.5936 19.8603 17.7
    endloop
  endfacet
  facet normal 0.313167 0.949698 0
    outer loop
      vertex 11.5284 19.8818 17.7
      vertex 11.5936 19.8603 10
      vertex 11.5284 19.8818 10
    endloop
  endfacet
  facet normal 0.266442 0.963851 -0
    outer loop
      vertex 11.6598 19.842 10
      vertex 11.5936 19.8603 17.7
      vertex 11.6598 19.842 17.7
    endloop
  endfacet
  facet normal 0.266442 0.963851 0
    outer loop
      vertex 11.5936 19.8603 17.7
      vertex 11.6598 19.842 10
      vertex 11.5936 19.8603 10
    endloop
  endfacet
  facet normal -0.219547 -0.975602 0
    outer loop
      vertex 12.2731 22.5731 10
      vertex 12.3402 22.558 17.7
      vertex 12.2731 22.5731 17.7
    endloop
  endfacet
  facet normal -0.219547 -0.975602 -0
    outer loop
      vertex 12.3402 22.558 17.7
      vertex 12.2731 22.5731 10
      vertex 12.3402 22.558 10
    endloop
  endfacet
  facet normal -0.756888 -0.653544 0
    outer loop
      vertex 13.0822 22.0882 10
      vertex 13.0373 22.1402 17.7
      vertex 13.0373 22.1402 10
    endloop
  endfacet
  facet normal -0.756888 -0.653544 0
    outer loop
      vertex 13.0373 22.1402 17.7
      vertex 13.0822 22.0882 10
      vertex 13.0822 22.0882 17.7
    endloop
  endfacet
  facet normal 0.219547 0.975602 -0
    outer loop
      vertex 11.7269 19.8269 10
      vertex 11.6598 19.842 17.7
      vertex 11.7269 19.8269 17.7
    endloop
  endfacet
  facet normal 0.219547 0.975602 0
    outer loop
      vertex 11.6598 19.842 17.7
      vertex 11.7269 19.8269 10
      vertex 11.6598 19.842 10
    endloop
  endfacet
  facet normal 0.615249 0.788333 -0
    outer loop
      vertex 11.166 20.0755 10
      vertex 11.1118 20.1178 17.7
      vertex 11.166 20.0755 17.7
    endloop
  endfacet
  facet normal 0.615249 0.788333 0
    outer loop
      vertex 11.1118 20.1178 17.7
      vertex 11.166 20.0755 10
      vertex 11.1118 20.1178 10
    endloop
  endfacet
  facet normal 0.072799 0.997347 -0
    outer loop
      vertex 11.9313 19.8017 10
      vertex 11.8628 19.8067 17.7
      vertex 11.9313 19.8017 17.7
    endloop
  endfacet
  facet normal 0.072799 0.997347 0
    outer loop
      vertex 11.8628 19.8067 17.7
      vertex 11.9313 19.8017 10
      vertex 11.8628 19.8067 10
    endloop
  endfacet
  facet normal -1 0 0
    outer loop
      vertex 23.5 -9 0
      vertex 23.5 9 3.2
      vertex 23.5 9 0
    endloop
  endfacet
  facet normal -1 -0 0
    outer loop
      vertex 23.5 9 3.2
      vertex 23.5 -9 0
      vertex 23.5 -9 3.2
    endloop
  endfacet
  facet normal 1 -0 0
    outer loop
      vertex 0.5 -9 3.2
      vertex 0.5 9 0
      vertex 0.5 9 3.2
    endloop
  endfacet
  facet normal 1 0 0
    outer loop
      vertex 0.5 9 0
      vertex 0.5 -9 3.2
      vertex 0.5 -9 0
    endloop
  endfacet
  facet normal 0 -1 0
    outer loop
      vertex 0.5 9 0
      vertex 1.5 9 3.2
      vertex 0.5 9 3.2
    endloop
  endfacet
  facet normal 0 -1 -0
    outer loop
      vertex 1.5 9 3.2
      vertex 0.5 9 0
      vertex 22.5 9 3.2
    endloop
  endfacet
  facet normal 0 -1 0
    outer loop
      vertex 23.5 9 0
      vertex 22.5 9 3.2
      vertex 0.5 9 0
    endloop
  endfacet
  facet normal 0 -1 0
    outer loop
      vertex 22.5 9 3.2
      vertex 23.5 9 0
      vertex 23.5 9 3.2
    endloop
  endfacet
  facet normal 0 -1 0
    outer loop
      vertex 1.5 9 3.2
      vertex 22.5 9 6.63628
      vertex 1.5 9 6.63628
    endloop
  endfacet
  facet normal 0 -1 -0
    outer loop
      vertex 22.5 9 6.63628
      vertex 1.5 9 3.2
      vertex 22.5 9 3.2
    endloop
  endfacet
  facet normal 0 1 -0
    outer loop
      vertex 23.5 -9 0
      vertex 22.5 -9 3.2
      vertex 23.5 -9 3.2
    endloop
  endfacet
  facet normal 0 1 0
    outer loop
      vertex 22.5 -9 3.2
      vertex 23.5 -9 0
      vertex 1.5 -9 3.2
    endloop
  endfacet
  facet normal 0 1 0
    outer loop
      vertex 0.5 -9 0
      vertex 1.5 -9 3.2
      vertex 23.5 -9 0
    endloop
  endfacet
  facet normal 0 1 0
    outer loop
      vertex 1.5 -9 3.2
      vertex 0.5 -9 0
      vertex 0.5 -9 3.2
    endloop
  endfacet
  facet normal 0 1 -0
    outer loop
      vertex 22.5 -9 3.2
      vertex 1.5 -9 6.63628
      vertex 22.5 -9 6.63628
    endloop
  endfacet
  facet normal 0 1 0
    outer loop
      vertex 1.5 -9 6.63628
      vertex 22.5 -9 3.2
      vertex 1.5 -9 3.2
    endloop
  endfacet
endsolid OpenSCAD_Model
